=== Beer Loader ===
[PE]  /run/media/abhineet/56A4064AA4062CD5/Games/Sekiro - Shadows Die Twice/sekiro.exe
[PE]  ImageBase=0x140000000  SzImage=0x42d2000  EntryRVA=+0x235a28c  Sections=10
[PE]  Mapped at preferred base 0x140000000
[SEC] .text     +0x001000  vsz=0x291bc47  raw=0x291be00  chars=0x60000020
[SEC] .interpr  +0x291d000  vsz=0x0bef0  raw=0x0c000  chars=0x60000020
[SEC] .rdata    +0x2929000  vsz=0x11cfe68  raw=0x11d0000  chars=0x40000040
[SEC] .data     +0x3af9000  vsz=0x44ff64  raw=0x25b000  chars=0xc0000040
[SEC] .pdata    +0x3f49000  vsz=0x29b854  raw=0x29ba00  chars=0x40000040
[SEC] .gfids    +0x41e5000  vsz=0x01120  raw=0x01200  chars=0x40000040
[SEC] .tls      +0x41e7000  vsz=0x00009  raw=0x00200  chars=0xc0000040
[SEC] .rsrc     +0x41e8000  vsz=0x05ad0  raw=0x05c00  chars=0x40000040
[SEC] .reloc    +0x41ee000  vsz=0xb0a3c  raw=0xb0c00  chars=0x42000040
[SEC] .bind     +0x429f000  vsz=0x324d0  raw=0x324d0  chars=0x60000000
[IMP] 534 imports total
[DLL] steam_api64.dll
  [REAL] steam_api64.dll!SteamAPI_RunCallbacks
  [REAL] steam_api64.dll!SteamAPI_Init
  [REAL] steam_api64.dll!SteamClient
  [REAL] steam_api64.dll!SteamAPI_RestartAppIfNecessary
  [REAL] steam_api64.dll!SteamAPI_Shutdown
  [REAL] steam_api64.dll!SteamUserStats
  [REAL] steam_api64.dll!SteamUser
  [REAL] steam_api64.dll!SteamUtils
  [REAL] steam_api64.dll!SteamAPI_UnregisterCallback
  [REAL] steam_api64.dll!SteamAPI_RegisterCallback
  [REAL] steam_api64.dll!SteamApps
  [REAL] steam_api64.dll!SteamFriends
[DLL] dxgi.dll
  [REAL] dxgi.dll!CreateDXGIFactory
[DLL] WS2_32.dll
[DLL] amd_ags_x64.dll
[DLL] fmodex64.dll
[DLL] fmod_event64.dll
[DLL] oo2core_6_win64.dll
[DLL] WLDAP32.dll
[DLL] CRYPT32.dll
[DLL] ADVAPI32.dll
  [REAL] ADVAPI32.dll!SetSecurityDescriptorDacl
  [REAL] ADVAPI32.dll!InitializeSecurityDescriptor
  [REAL] ADVAPI32.dll!GetUserNameW
  [REAL] ADVAPI32.dll!GetUserNameA
[DLL] WINMM.dll
  [REAL] WINMM.dll!timeBeginPeriod
  [REAL] WINMM.dll!timeGetTime
  [REAL] WINMM.dll!timeEndPeriod
[DLL] bink2w64.dll
[DLL] KERNEL32.dll
  [REAL] KERNEL32.dll!GetLogicalProcessorInformation
  [REAL] KERNEL32.dll!GetProcessHeap
  [REAL] KERNEL32.dll!HeapFree
  [REAL] KERNEL32.dll!HeapAlloc
  [REAL] KERNEL32.dll!InitializeSListHead
  [REAL] KERNEL32.dll!GetStartupInfoW
  [REAL] KERNEL32.dll!IsDebuggerPresent
  [REAL] KERNEL32.dll!IsProcessorFeaturePresent
  [REAL] KERNEL32.dll!UnhandledExceptionFilter
  [REAL] KERNEL32.dll!RtlLookupFunctionEntry
  [REAL] KERNEL32.dll!RtlCaptureContext
  [REAL] KERNEL32.dll!GetCPInfo
  [REAL] KERNEL32.dll!GetLocaleInfoW
  [REAL] KERNEL32.dll!LCMapStringW
  [REAL] KERNEL32.dll!CompareStringW
  [REAL] KERNEL32.dll!DecodePointer
  [REAL] KERNEL32.dll!EncodePointer
  [REAL] KERNEL32.dll!GetStringTypeW
  [REAL] KERNEL32.dll!GetThreadTimes
  [REAL] KERNEL32.dll!FreeLibraryAndExitThread
  [REAL] KERNEL32.dll!GetModuleHandleA
  [REAL] KERNEL32.dll!TerminateProcess
  [REAL] KERNEL32.dll!InterlockedFlushSList
  [REAL] KERNEL32.dll!RtlPcToFileHeader
  [REAL] KERNEL32.dll!ExitProcess
  [REAL] KERNEL32.dll!GetACP
  [REAL] KERNEL32.dll!VirtualProtect
  [REAL] KERNEL32.dll!CreateSemaphoreA
  [REAL] KERNEL32.dll!CreateEventA
  [REAL] KERNEL32.dll!CreateMutexA
  [REAL] KERNEL32.dll!WaitForMultipleObjects
  [REAL] KERNEL32.dll!FormatMessageA
  [REAL] KERNEL32.dll!SetUnhandledExceptionFilter
  [REAL] KERNEL32.dll!IsValidLocale
  [REAL] KERNEL32.dll!GlobalAlloc
  [REAL] KERNEL32.dll!GetEnvironmentVariableW
  [REAL] KERNEL32.dll!GetTickCount
  [REAL] KERNEL32.dll!RtlVirtualUnwind
  [REAL] KERNEL32.dll!ExitThread
  [REAL] KERNEL32.dll!WideCharToMultiByte
  [REAL] KERNEL32.dll!MultiByteToWideChar
  [REAL] KERNEL32.dll!GetFileType
  [REAL] KERNEL32.dll!GetStdHandle
  [REAL] KERNEL32.dll!GetModuleHandleExW
  [REAL] KERNEL32.dll!LoadLibraryExW
  [REAL] KERNEL32.dll!LocalAlloc
  [REAL] KERNEL32.dll!CreateFileA
  [REAL] KERNEL32.dll!FormatMessageW
  [REAL] KERNEL32.dll!SetErrorMode
  [REAL] KERNEL32.dll!ReadFile
  [REAL] KERNEL32.dll!GetModuleFileNameW
  [REAL] KERNEL32.dll!GetDriveTypeW
  [REAL] KERNEL32.dll!OutputDebugStringW
  [REAL] KERNEL32.dll!GetTempPathW
  [REAL] KERNEL32.dll!ResumeThread
  [REAL] KERNEL32.dll!SuspendThread
  [REAL] KERNEL32.dll!TerminateThread
  [REAL] KERNEL32.dll!RaiseException
  [REAL] KERNEL32.dll!CreateEventW
  [REAL] KERNEL32.dll!ResetEvent
  [REAL] KERNEL32.dll!SetEvent
  [REAL] KERNEL32.dll!OpenThread
  [REAL] KERNEL32.dll!GetModuleHandleW
  [REAL] KERNEL32.dll!SetLastError
  [REAL] KERNEL32.dll!SetProcessAffinityMask
  [REAL] KERNEL32.dll!GetProcessAffinityMask
  [REAL] KERNEL32.dll!SystemTimeToFileTime
  [REAL] KERNEL32.dll!FileTimeToSystemTime
  [REAL] KERNEL32.dll!GetLocalTime
  [REAL] KERNEL32.dll!ReleaseMutex
  [REAL] KERNEL32.dll!GetSystemDefaultLCID
  [REAL] KERNEL32.dll!GetSystemDefaultLangID
  [REAL] KERNEL32.dll!WriteFile
  [REAL] KERNEL32.dll!SetFilePointer
  [REAL] KERNEL32.dll!GetSystemTimeAsFileTime
  [REAL] KERNEL32.dll!SetFileAttributesW
  [REAL] KERNEL32.dll!GetFullPathNameW
  [REAL] KERNEL32.dll!HeapReAlloc
  [REAL] KERNEL32.dll!HeapSize
  [REAL] KERNEL32.dll!GetUserDefaultLCID
  [REAL] KERNEL32.dll!EnumSystemLocalesW
  [REAL] KERNEL32.dll!IsValidCodePage
  [REAL] KERNEL32.dll!GetOEMCP
  [REAL] KERNEL32.dll!SetStdHandle
  [REAL] KERNEL32.dll!GetCommandLineA
  [REAL] KERNEL32.dll!GetEnvironmentStringsW
  [REAL] KERNEL32.dll!FreeEnvironmentStringsW
  [REAL] KERNEL32.dll!InitializeCriticalSection
  [REAL] KERNEL32.dll!GetFileAttributesW
  [REAL] KERNEL32.dll!CreateFileW
  [REAL] KERNEL32.dll!CreateThread
  [REAL] KERNEL32.dll!LoadLibraryW
  [REAL] KERNEL32.dll!GetModuleFileNameA
  [REAL] KERNEL32.dll!GetCurrentProcess
  [REAL] KERNEL32.dll!VirtualQuery
  [REAL] KERNEL32.dll!VirtualFree
  [REAL] KERNEL32.dll!CreateSemaphoreW
  [REAL] KERNEL32.dll!WaitForSingleObject
  [REAL] KERNEL32.dll!ReleaseSemaphore
  [REAL] KERNEL32.dll!SetThreadAffinityMask
  [REAL] KERNEL32.dll!FreeLibrary
  [REAL] KERNEL32.dll!TlsFree
  [REAL] KERNEL32.dll!TlsSetValue
  [REAL] KERNEL32.dll!TlsAlloc
  [REAL] KERNEL32.dll!LoadLibraryA
  [REAL] KERNEL32.dll!GetProcAddress
  [REAL] KERNEL32.dll!GetSystemInfo
  [REAL] KERNEL32.dll!GetCurrentThreadId
  [REAL] KERNEL32.dll!GetCurrentProcessId
  [REAL] KERNEL32.dll!QueryPerformanceFrequency
  [REAL] KERNEL32.dll!QueryPerformanceCounter
  [REAL] KERNEL32.dll!TlsGetValue
  [REAL] KERNEL32.dll!OutputDebugStringA
  [REAL] KERNEL32.dll!EnterCriticalSection
  [REAL] KERNEL32.dll!LeaveCriticalSection
  [REAL] KERNEL32.dll!Sleep
  [REAL] KERNEL32.dll!VirtualAlloc
  [REAL] KERNEL32.dll!GetCurrentDirectoryW
  [REAL] KERNEL32.dll!InitializeCriticalSectionAndSpinCount
  [REAL] KERNEL32.dll!TryEnterCriticalSection
  [REAL] KERNEL32.dll!DeleteCriticalSection
  [REAL] KERNEL32.dll!CloseHandle
  [REAL] KERNEL32.dll!GetLastError
  [REAL] KERNEL32.dll!GetCommandLineW
  [REAL] KERNEL32.dll!CreateMutexW
  [REAL] KERNEL32.dll!GetCurrentThread
  [REAL] KERNEL32.dll!SetThreadPriority
  [REAL] KERNEL32.dll!LocalFree
[DLL] USER32.dll
  [REAL] USER32.dll!LoadCursorW
  [REAL] USER32.dll!SetCursor
  [REAL] USER32.dll!GetWindowRect
  [REAL] USER32.dll!GetClientRect
  [REAL] USER32.dll!SetWindowTextW
  [REAL] USER32.dll!SetForegroundWindow
  [REAL] USER32.dll!UpdateWindow
  [REAL] USER32.dll!ShowWindow
  [REAL] USER32.dll!CreateWindowExW
  [REAL] USER32.dll!RegisterClassExW
  [REAL] USER32.dll!DefWindowProcW
  [REAL] USER32.dll!PostMessageW
  [REAL] USER32.dll!SendMessageW
  [REAL] USER32.dll!SetWindowLongW
  [REAL] USER32.dll!GetWindowLongW
  [REAL] USER32.dll!AdjustWindowRect
  [REAL] USER32.dll!GetSystemMetrics
  [REAL] USER32.dll!SetFocus
  [REAL] USER32.dll!LoadIconW
  [REAL] USER32.dll!GetDC
  [REAL] USER32.dll!GetActiveWindow
  [REAL] USER32.dll!PeekMessageW
  [REAL] USER32.dll!GetMessageW
  [REAL] USER32.dll!TranslateMessage
  [REAL] USER32.dll!DispatchMessageW
  [REAL] USER32.dll!PostQuitMessage
  [REAL] USER32.dll!ShowCursor
  [REAL] USER32.dll!SetWindowPos
  [REAL] USER32.dll!GetDesktopWindow
[DLL] GDI32.dll
[DLL] SHELL32.dll
  [REAL] SHELL32.dll!SHGetFolderPathW
  [REAL] SHELL32.dll!CommandLineToArgvW
[DLL] ole32.dll
  [REAL] ole32.dll!CoCreateInstance
  [REAL] ole32.dll!CoUninitialize
  [REAL] ole32.dll!CoInitializeEx
  [REAL] ole32.dll!CoInitialize
[DLL] OLEAUT32.dll
[DLL] IMM32.dll
  [REAL] IMM32.dll!ImmDisableIME
[DLL] d3d11.dll
  [REAL] d3d11.dll!D3D11CreateDevice
[DLL] d3dx11_43.dll
[DLL] d3d9.dll
[DLL] XINPUT1_3.dll
[DLL] DINPUT8.dll
[DLL] D3DCOMPILER_43.dll
[PATCH] Installed bad-target stub at RVA 0x3dd7570
[PATCH] Hardened worker vcall block at RVA 0x1a6652e
[PATCH] Stubbed lock/txn helper at RVA 0x23ae079
[PATCH] Stubbed lock/txn helper at RVA 0x23b78e1
[PATCH] Stubbed hot return site at RVA 0x23b7a24
[PATCH] Stubbed hot return site at RVA 0x239de43
[PATCH] Stubbed hot return site at RVA 0x239de38
[PATCH] Stubbed hot return site at RVA 0x23979f9
[PATCH] Stubbed crash site at RVA 0x239ea2e
[PATCH] Stubbed loop site at RVA 0x23a6d71
[PATCH] Stubbed loop site at RVA 0x23b79d9
[PATCH] Stubbed crash site at RVA 0x23b6275
[PATCH] Stubbed hot return site at RVA 0x239c625
[PATCH] Stubbed hot return site at RVA 0x239c6a8
[PATCH] Stubbed hot return site at RVA 0x23a7dec
[PATCH] Stubbed extra site at RVA 0x237a32f
[PATCH] Stubbed extra site at RVA 0x239c70c
[PATCH] Stubbed extra site at RVA 0x239ea1a
[PATCH] Stubbed extra site at RVA 0x19edfeb
[PATCH] Stubbed extra site at RVA 0x19eb477
[PATCH] Stubbed extra site at RVA 0x19eb496
[PATCH] Stubbed extra site at RVA 0x19ee000
[PATCH] Stubbed extra site at RVA 0x19ee013
[PATCH] Stubbed extra site at RVA 0x19ee026
[PATCH] Stubbed extra site at RVA 0x19ee039
[PATCH] Stubbed extra site at RVA 0x19ee04c
[PATCH] Stubbed extra site at RVA 0x19e27f8
[PATCH] Stubbed extra site at RVA 0x19e280a
[PATCH] Stubbed extra site at RVA 0x19e2816
[PATCH] Stubbed extra site at RVA 0x19e2821
[PATCH] Stubbed extra site at RVA 0x19e2830
[PATCH] Stubbed extra site at RVA 0x19ee0d0
[PATCH] Stubbed extra site at RVA 0x19ee0e0
[PATCH] Stubbed extra site at RVA 0x19ee0e8
[PATCH] Stubbed extra site at RVA 0x19ee0f2
[PATCH] Stubbed extra site at RVA 0x19ee5e2
[PATCH] Stubbed extra site at RVA 0x19fbf90
[PATCH] Stubbed extra site at RVA 0x19fbfb5
[PATCH] Stubbed extra site at RVA 0x19fbfc3
[PATCH] Stubbed extra site at RVA 0x19fbfde
[PATCH] Stubbed extra site at RVA 0x19fbfe4
[PATCH] Stubbed extra site at RVA 0x19fc004
[PATCH] Stubbed extra site at RVA 0x19fc013
[PATCH] Stubbed extra site at RVA 0x19fc01a
[PATCH] Stubbed extra site at RVA 0x19fc03c
[PATCH] Stubbed extra site at RVA 0x19fc043
[PATCH] Stubbed extra site at RVA 0x19fc050
[PATCH] Stubbed extra site at RVA 0x233522d
[PATCH] Stubbed extra site at RVA 0x23351e0
[PATCH] Stubbed extra site at RVA 0x23351ea
[PATCH] Stubbed extra site at RVA 0x23351be
[PATCH] Stubbed extra site at RVA 0x23351c9
[PATCH] Stubbed extra site at RVA 0x23353d4
[PATCH] Stubbed extra site at RVA 0x23355aa
[PATCH] Stubbed extra site at RVA 0x233b69a
[PATCH] Stubbed extra site at RVA 0x233b6e6
[PATCH] Stubbed extra site at RVA 0x233b823
[PATCH] Stubbed extra site at RVA 0x233b86a
[PATCH] Stubbed extra site at RVA 0x2352673
[PATCH] Stubbed extra site at RVA 0x23526fd
[PATCH] Stubbed extra site at RVA 0x23a7667
[PATCH] Stubbed extra site at RVA 0x23a6d4c
[PATCH] Stubbed extra site at RVA 0x23a6d73
[PATCH] Stubbed extra site at RVA 0x23a6d7a
[PATCH] Stubbed extra site at RVA 0x23a6e8f
[PATCH] Stubbed extra site at RVA 0x23a6e96
[PATCH] Stubbed extra site at RVA 0x23adf24
[PATCH] Stubbed extra site at RVA 0x23adf7e
[PATCH] Stubbed extra site at RVA 0x23ae05d
[PATCH] Stubbed extra site at RVA 0x23ae07b
[PATCH] Stubbed extra site at RVA 0x23ae082
[PATCH] Stubbed extra site at RVA 0x23ae089
[PATCH] Stubbed extra site at RVA 0x23ae1b7
[PATCH] Stubbed extra site at RVA 0x23ae182
[PATCH] Stubbed extra site at RVA 0x23ae18e
[PATCH] Stubbed extra site at RVA 0x23ab4eb
[PATCH] Stubbed extra site at RVA 0x23ab4f2
[PATCH] Stubbed extra site at RVA 0x23ae1b9
[PATCH] Stubbed extra site at RVA 0x23ae1c0
[PATCH] Stubbed extra site at RVA 0x23ae1d8
[PATCH] Stubbed extra site at RVA 0x23ae1e8
[PATCH] Stubbed extra site at RVA 0x23ab08e
[PATCH] Stubbed extra site at RVA 0x23ab80c
[PATCH] Stubbed extra site at RVA 0x23ab862
[PATCH] Stubbed extra site at RVA 0x23ab873
[PATCH] Stubbed extra site at RVA 0x23ab875
[PATCH] Stubbed extra site at RVA 0x23ab085
[PATCH] Stubbed extra site at RVA 0x23ab2e1
[PATCH] Stubbed extra site at RVA 0x23b164a
[PATCH] Stubbed extra site at RVA 0x23b159a
[PATCH] Stubbed extra site at RVA 0x23b57ef
[PATCH] Stubbed extra site at RVA 0x23b7019
[PATCH] Stubbed extra site at RVA 0x23b703f
[PATCH] Stubbed extra site at RVA 0x23b7066
[PATCH] Stubbed extra site at RVA 0x23b706b
[PATCH] Stubbed extra site at RVA 0x23b7644
[PATCH] Stubbed extra site at RVA 0x23b76e4
[PATCH] Stubbed extra site at RVA 0x23b7987
[PATCH] Stubbed extra site at RVA 0x23b7990
[PATCH] Stubbed extra site at RVA 0x23b7a24
[PATCH] Stubbed extra site at RVA 0x23b7a26
[PATCH] Stubbed extra site at RVA 0x23b7a28
[PATCH] Stubbed extra site at RVA 0x23b7a2a
[PATCH] Stubbed extra site at RVA 0x23b7a2f
[PATCH] Stubbed extra site at RVA 0x23b7a31
[PATCH] Stubbed extra site at RVA 0x23b7a33
[PATCH] Stubbed extra site at RVA 0x23b7a38
[PATCH] Stubbed extra site at RVA 0x23b7a3a
[PATCH] Stubbed extra site at RVA 0x23b7a4f
[PATCH] Stubbed extra site at RVA 0x23b7a65
[PATCH] Stubbed extra site at RVA 0x23b7a75
[PATCH] Stubbed extra site at RVA 0x23b7a97
[PATCH] Stubbed extra site at RVA 0x23b7a9e
[PATCH] Stubbed extra site at RVA 0x23b7aa5
[PATCH] Stubbed extra site at RVA 0x23b7ab0
[PATCH] Stubbed extra site at RVA 0x23b7ab7
[PATCH] Stubbed extra site at RVA 0x23bb64f
[PATCH] Stubbed extra site at RVA 0x23bb65a
[PATCH] Stubbed extra site at RVA 0x23bb667
[PATCH] Stubbed extra site at RVA 0x23bb674
[PATCH] Stubbed extra site at RVA 0x23bb681
[PATCH] Stubbed extra site at RVA 0x23ba892
[PATCH] Stubbed extra site at RVA 0x23ba89c
[PATCH] Stubbed extra site at RVA 0x23ba8a3
[PATCH] Stubbed extra site at RVA 0x23ba8b0
[PATCH] Stubbed extra site at RVA 0x23ba8bf
[PATCH] Stubbed extra site at RVA 0x23ae0dd
[PATCH] Stubbed extra site at RVA 0x30c1a48
[PATCH] Stubbed extra site at RVA 0x19dcfda
[PATCH] Stubbed extra site at RVA 0x35a142
[PATCH] Stubbed extra site at RVA 0x35a500
[PATCH] Stubbed extra site at RVA 0x1a3bc36
[PATCH] Stubbed extra site at RVA 0x1a0559e
[PATCH] Stubbed extra site at RVA 0x1a055b3
[PATCH] Stubbed extra site at RVA 0x1a055ba
[PATCH] Stubbed extra site at RVA 0x1a055c8
[PATCH] Stubbed extra site at RVA 0x1a055d1
[PATCH] Stubbed extra site at RVA 0x19dca02
[PATCH] Stubbed extra site at RVA 0x2359b88
[PATCH] Stubbed extra site at RVA 0x2dc5820
[PATCH] Stubbed extra site at RVA 0x2dc5948
[PATCH] Stubbed extra site at RVA 0x2dc5960
[PATCH] Stubbed extra site at RVA 0x3ec7d60
[PATCH] Stubbed extra site at RVA 0x3ec7d68
[PATCH] Stubbed extra site at RVA 0x239c627
[PATCH] Stubbed extra site at RVA 0x3f08960
[PATCH] Stubbed extra site at RVA 0x3f08bc0
[PATCH] Stubbed extra site at RVA 0x3f08bc8
[PATCH] Stubbed extra site at RVA 0x3f31e30
[PATCH] Stubbed extra site at RVA 0x3f332a0
[PATCH] Stubbed extra site at RVA 0x3f332f0
[PATCH] Stubbed extra site at RVA 0x39ea11
[PATCH] Stubbed extra site at RVA 0x39ea1a
[PATCH] Stubbed extra site at RVA 0x237cee4
[PATCH] Stubbed extra site at RVA 0x237cef3
[PATCH] Stubbed extra site at RVA 0x237cf00
[PATCH] Stubbed extra site at RVA 0x237cf10
[PATCH] Stubbed extra site at RVA 0x237cf2e
[PATCH] Stubbed extra site at RVA 0x1130b2e
[PATCH] Stubbed extra site at RVA 0x1130b36
[PATCH] Stubbed extra site at RVA 0x1130b3d
[PATCH] Stubbed extra site at RVA 0x1130b44
[PATCH] Stubbed extra site at RVA 0x1130b4c
[PATCH] Stubbed extra site at RVA 0x11e42da
[PATCH] Stubbed extra site at RVA 0x235a237
[PATCH] Stubbed extra site at RVA 0x235a67a
[PATCH] Stubbed extra site at RVA 0x2945090
[PATCH] Stubbed extra site at RVA 0x29450e0
[PATCH] Stubbed extra site at RVA 0x11ae01
[PATCH] Stubbed extra site at RVA 0x11ae80
[PATCH] Stubbed extra site at RVA 0x11ae95
[PATCH] Ret-sled at RVA 0x3f33280..0x3f332ff
[PATCH] Ret-sled at RVA 0x23ae050..0x23ae0af
[PATCH] Ret-sled at RVA 0x23ae170..0x23ae1df
[PATCH] Ret-sled at RVA 0x23b7a20..0x23b7acf
[PATCH] Ret-sled at RVA 0x23b7000..0x23b70cf
[PATCH] Ret-sled at RVA 0x239c620..0x239c65f
[PATCH] Ret-sled at RVA 0x23bb640..0x23bb6df
[IMP] 534 stubs total  (185 real implementations, 349 stubs -> 0)
[TLS] tls_dir RVA=0x32be008 raw=8 zero=0 idx=0 (fixed)
[TEB] teb=0x727ccb0c9000  peb=0x727ccb0c6000  stack=0x727cca600000..0x727ccae00000  tls_arr=0x727ccb0c8000
[PATCH] Disabled 1414 Transaction-failed assertion branches

[RUN] Handing off to entry point 0x14235a28c
[SKIP] Execute-fault RIP=0x7ffe81438950 direct-stack-fallback -> 0x1411e42da (n=1)
[SKIP] Execute-fault RIP=0x33f5 -> stack continue 0x14237d1e3 (skip 7)
[SKIP] Host signed near-null RIP=0x727ccaf98560 (fault=0xffffffffffffffff), redirecting
[SKIP] Host near-null RIP=0x580cc99b8f26 (fault=0x13), redirecting
[SKIP] Null-write hot island RIP=0x1423b7a24 (+0x23b7a24), hit=1 -> 0x14235a237 (skip 0)
[SKIP] Null-write at RIP=0x14235a239 (+0x235a239), advancing 7 bytes, gs_base=0x727ccb0c9000
[PANIC_STACK] RSP=0x7ffe814387b0  RAX=0x0  RBX=0xfa0  RCX=0xffffffffffffffff  RDX=0x28
[PANIC_STACK] R8=0xdab19c5609f9  R9=0x140000000  R10=0x0  R11=0x3d3b350f
[PANIC_STACK] instr bytes: c3 90 90 00 00
[PANIC_STACK]   [22] img+0x30beaa8
[PANIC_STACK]   [23] img+0x237d20a
[PANIC_STACK]   [29] img+0x237dd98
[SKIP] Host-space bad target RIP=0x727ccaea7924, redirecting
[SKIP] Null-write CTI hotspot RIP=0x1423978b8 (+0x23978b8), hit=1 -> 0x14235a237
[SKIP] Execute-fault RIP=0x7ffe46505845 direct-stack-fallback -> 0x1411e42da (n=2)
[SKIP] Null-write at RIP=0x143dd7000 (+0x3dd7000), advancing 7 bytes, gs_base=0x727ccb0c9000
[PANIC_STACK] RSP=0x7ffe81438798  RAX=0x0  RBX=0x0  RCX=0x0  RDX=0x0
[PANIC_STACK] R8=0x0  R9=0x1c99ce7d0  R10=0x0  R11=0x202
[PANIC_STACK] instr bytes: 00 00 00 00 00
[PANIC_STACK]   [ 0] img+0x3dd7570
[PANIC_STACK]   [ 2] img+0x235a249
[PANIC_STACK]   [25] img+0x30beaa8
[PANIC_STACK]   [26] img+0x237d20a
[SKIP] Null-write at RIP=0x143dd7007 (+0x3dd7007), advancing 7 bytes, gs_base=0x727ccb0c9000
[PANIC_STACK] RSP=0x7ffe81438798  RAX=0x0  RBX=0x0  RCX=0x0  RDX=0x0
[PANIC_STACK] R8=0x0  R9=0x1c99ce7d0  R10=0x0  R11=0x202
[PANIC_STACK] instr bytes: 00 00 00 00 00
[PANIC_STACK]   [ 0] img+0x3dd7570
[PANIC_STACK]   [ 2] img+0x235a249
[PANIC_STACK]   [25] img+0x30beaa8
[PANIC_STACK]   [26] img+0x237d20a
[SKIP] Null-write at RIP=0x143dd700e (+0x3dd700e), advancing 7 bytes, gs_base=0x727ccb0c9000
[PANIC_STACK] RSP=0x7ffe81438798  RAX=0x0  RBX=0x0  RCX=0x0  RDX=0x0
[PANIC_STACK] R8=0x0  R9=0x1c99ce7d0  R10=0x0  R11=0x202
[PANIC_STACK] instr bytes: 00 00 00 00 00
[PANIC_STACK]   [ 0] img+0x3dd7570
[PANIC_STACK]   [ 2] img+0x235a249
[PANIC_STACK]   [25] img+0x30beaa8
[PANIC_STACK]   [26] img+0x237d20a
[SKIP] Null-write at RIP=0x143dd7015 (+0x3dd7015), advancing 7 bytes, gs_base=0x727ccb0c9000
[PANIC_STACK] RSP=0x7ffe81438798  RAX=0x0  RBX=0x0  RCX=0x0  RDX=0x0
[PANIC_STACK] R8=0x0  R9=0x1c99ce7d0  R10=0x0  R11=0x202
[PANIC_STACK] instr bytes: 00 00 00 00 00
[PANIC_STACK]   [ 0] img+0x3dd7570
[PANIC_STACK]   [ 2] img+0x235a249
[PANIC_STACK]   [25] img+0x30beaa8
[PANIC_STACK]   [26] img+0x237d20a
[SKIP] Null-write at RIP=0x143dd701c (+0x3dd701c), advancing 7 bytes, gs_base=0x727ccb0c9000
[PANIC_STACK] RSP=0x7ffe81438798  RAX=0x0  RBX=0x0  RCX=0x0  RDX=0x0
[PANIC_STACK] R8=0x0  R9=0x1c99ce7d0  R10=0x0  R11=0x202
[PANIC_STACK] instr bytes: 00 00 00 00 00
[PANIC_STACK]   [ 0] img+0x3dd7570
[PANIC_STACK]   [ 2] img+0x235a249
[PANIC_STACK]   [25] img+0x30beaa8
[PANIC_STACK]   [26] img+0x237d20a
[SKIP] Null-write at RIP=0x143dd7023 (+0x3dd7023), advancing 7 bytes, gs_base=0x727ccb0c9000
[PANIC_STACK] RSP=0x7ffe81438798  RAX=0x0  RBX=0x0  RCX=0x0  RDX=0x0
[PANIC_STACK] R8=0x0  R9=0x1c99ce7d0  R10=0x0  R11=0x202
[PANIC_STACK] instr bytes: 00 00 00 00 00
[PANIC_STACK]   [ 0] img+0x3dd7570
[PANIC_STACK]   [ 2] img+0x235a249
[PANIC_STACK]   [25] img+0x30beaa8
[PANIC_STACK]   [26] img+0x237d20a
[SKIP] Null-write at RIP=0x143dd702a (+0x3dd702a), advancing 7 bytes, gs_base=0x727ccb0c9000
[PANIC_STACK] RSP=0x7ffe81438798  RAX=0x0  RBX=0x0  RCX=0x0  RDX=0x0
[PANIC_STACK] R8=0x0  R9=0x1c99ce7d0  R10=0x0  R11=0x202
[PANIC_STACK] instr bytes: 00 00 00 00 00
[PANIC_STACK]   [ 0] img+0x3dd7570
[PANIC_STACK]   [ 2] img+0x235a249
[PANIC_STACK]   [25] img+0x30beaa8
[PANIC_STACK]   [26] img+0x237d20a
[SKIP] Null-write at RIP=0x143dd7031 (+0x3dd7031), advancing 7 bytes, gs_base=0x727ccb0c9000
[PANIC_STACK] RSP=0x7ffe81438798  RAX=0x0  RBX=0x0  RCX=0x0  RDX=0x0
[PANIC_STACK] R8=0x0  R9=0x1c99ce7d0  R10=0x0  R11=0x202
[PANIC_STACK] instr bytes: 00 00 00 00 00
[PANIC_STACK]   [ 0] img+0x3dd7570
[PANIC_STACK]   [ 2] img+0x235a249
[PANIC_STACK]   [25] img+0x30beaa8
[PANIC_STACK]   [26] img+0x237d20a
[SKIP] Null-write at RIP=0x143dd7038 (+0x3dd7038), advancing 7 bytes, gs_base=0x727ccb0c9000
[PANIC_STACK] RSP=0x7ffe81438798  RAX=0x0  RBX=0x0  RCX=0x0  RDX=0x0
[PANIC_STACK] R8=0x0  R9=0x1c99ce7d0  R10=0x0  R11=0x202
[PANIC_STACK] instr bytes: 00 00 00 00 00
[PANIC_STACK]   [ 0] img+0x3dd7570
[PANIC_STACK]   [ 2] img+0x235a249
[PANIC_STACK]   [25] img+0x30beaa8
[PANIC_STACK]   [26] img+0x237d20a
[SKIP] Null-write at RIP=0x143dd703f (+0x3dd703f), advancing 7 bytes, gs_base=0x727ccb0c9000
[PANIC_STACK] RSP=0x7ffe81438798  RAX=0x0  RBX=0x0  RCX=0x0  RDX=0x0
[PANIC_STACK] R8=0x0  R9=0x1c99ce7d0  R10=0x0  R11=0x202
[PANIC_STACK] instr bytes: 00 00 00 00 00
[PANIC_STACK]   [ 0] img+0x3dd7570
[PANIC_STACK]   [ 2] img+0x235a249
[PANIC_STACK]   [25] img+0x30beaa8
[PANIC_STACK]   [26] img+0x237d20a
[SKIP] Null-write at RIP=0x143dd7046 (+0x3dd7046), advancing 7 bytes, gs_base=0x727ccb0c9000
[PANIC_STACK] RSP=0x7ffe81438798  RAX=0x0  RBX=0x0  RCX=0x0  RDX=0x0
[PANIC_STACK] R8=0x0  R9=0x1c99ce7d0  R10=0x0  R11=0x202
[PANIC_STACK] instr bytes: 00 00 00 00 00
[PANIC_STACK]   [ 0] img+0x3dd7570
[PANIC_STACK]   [ 2] img+0x235a249
[PANIC_STACK]   [25] img+0x30beaa8
[PANIC_STACK]   [26] img+0x237d20a
[SKIP] Null-write at RIP=0x143dd704d (+0x3dd704d), advancing 7 bytes, gs_base=0x727ccb0c9000
[PANIC_STACK] RSP=0x7ffe81438798  RAX=0x0  RBX=0x0  RCX=0x0  RDX=0x0
[PANIC_STACK] R8=0x0  R9=0x1c99ce7d0  R10=0x0  R11=0x202
[PANIC_STACK] instr bytes: 00 00 00 00 00
[PANIC_STACK]   [ 0] img+0x3dd7570
[PANIC_STACK]   [ 2] img+0x235a249
[PANIC_STACK]   [25] img+0x30beaa8
[PANIC_STACK]   [26] img+0x237d20a
[SKIP] Null-write at RIP=0x143dd7054 (+0x3dd7054), advancing 7 bytes, gs_base=0x727ccb0c9000
[PANIC_STACK] RSP=0x7ffe81438798  RAX=0x0  RBX=0x0  RCX=0x0  RDX=0x0
[PANIC_STACK] R8=0x0  R9=0x1c99ce7d0  R10=0x0  R11=0x202
[PANIC_STACK] instr bytes: 00 00 00 00 00
[PANIC_STACK]   [ 0] img+0x3dd7570
[PANIC_STACK]   [ 2] img+0x235a249
[PANIC_STACK]   [25] img+0x30beaa8
[PANIC_STACK]   [26] img+0x237d20a
[SKIP] Null-write at RIP=0x143dd705b (+0x3dd705b), advancing 7 bytes, gs_base=0x727ccb0c9000
[PANIC_STACK] RSP=0x7ffe81438798  RAX=0x0  RBX=0x0  RCX=0x0  RDX=0x0
[PANIC_STACK] R8=0x0  R9=0x1c99ce7d0  R10=0x0  R11=0x202
[PANIC_STACK] instr bytes: 00 00 00 00 00
[PANIC_STACK]   [ 0] img+0x3dd7570
[PANIC_STACK]   [ 2] img+0x235a249
[PANIC_STACK]   [25] img+0x30beaa8
[PANIC_STACK]   [26] img+0x237d20a
[SKIP] Null-write at RIP=0x143dd7062 (+0x3dd7062), advancing 7 bytes, gs_base=0x727ccb0c9000
[PANIC_STACK] RSP=0x7ffe81438798  RAX=0x0  RBX=0x0  RCX=0x0  RDX=0x0
[PANIC_STACK] R8=0x0  R9=0x1c99ce7d0  R10=0x0  R11=0x202
[PANIC_STACK] instr bytes: 00 00 00 00 00
[PANIC_STACK]   [ 0] img+0x3dd7570
[PANIC_STACK]   [ 2] img+0x235a249
[PANIC_STACK]   [25] img+0x30beaa8
[PANIC_STACK]   [26] img+0x237d20a
[SKIP] Null-write at RIP=0x143dd7069 (+0x3dd7069), advancing 7 bytes, gs_base=0x727ccb0c9000
[PANIC_STACK] RSP=0x7ffe81438798  RAX=0x0  RBX=0x0  RCX=0x0  RDX=0x0
[PANIC_STACK] R8=0x0  R9=0x1c99ce7d0  R10=0x0  R11=0x202
[PANIC_STACK] instr bytes: 00 00 00 00 00
[PANIC_STACK]   [ 0] img+0x3dd7570
[PANIC_STACK]   [ 2] img+0x235a249
[PANIC_STACK]   [25] img+0x30beaa8
[PANIC_STACK]   [26] img+0x237d20a
[SKIP] Null-write at RIP=0x143dd7070 (+0x3dd7070), advancing 7 bytes, gs_base=0x727ccb0c9000
[PANIC_STACK] RSP=0x7ffe81438798  RAX=0x0  RBX=0x0  RCX=0x0  RDX=0x0
[PANIC_STACK] R8=0x0  R9=0x1c99ce7d0  R10=0x0  R11=0x202
[PANIC_STACK] instr bytes: 00 00 00 00 00
[PANIC_STACK]   [ 0] img+0x3dd7570
[PANIC_STACK]   [ 2] img+0x235a249
[PANIC_STACK]   [25] img+0x30beaa8
[PANIC_STACK]   [26] img+0x237d20a
[SKIP] Null-write at RIP=0x143dd7077 (+0x3dd7077), advancing 7 bytes, gs_base=0x727ccb0c9000
[PANIC_STACK] RSP=0x7ffe81438798  RAX=0x0  RBX=0x0  RCX=0x0  RDX=0x0
[PANIC_STACK] R8=0x0  R9=0x1c99ce7d0  R10=0x0  R11=0x202
[PANIC_STACK] instr bytes: 00 00 00 00 00
[PANIC_STACK]   [ 0] img+0x3dd7570
[PANIC_STACK]   [ 2] img+0x235a249
[PANIC_STACK]   [25] img+0x30beaa8
[PANIC_STACK]   [26] img+0x237d20a
[SKIP] Null-write at RIP=0x143dd707e (+0x3dd707e), advancing 7 bytes, gs_base=0x727ccb0c9000
[PANIC_STACK] RSP=0x7ffe81438798  RAX=0x0  RBX=0x0  RCX=0x0  RDX=0x0
[PANIC_STACK] R8=0x0  R9=0x1c99ce7d0  R10=0x0  R11=0x202
[PANIC_STACK] instr bytes: 00 00 00 00 00
[PANIC_STACK]   [ 0] img+0x3dd7570
[PANIC_STACK]   [ 2] img+0x235a249
[PANIC_STACK]   [25] img+0x30beaa8
[PANIC_STACK]   [26] img+0x237d20a
[SKIP] Null-write at RIP=0x143dd7085 (+0x3dd7085), advancing 7 bytes, gs_base=0x727ccb0c9000
[PANIC_STACK] RSP=0x7ffe81438798  RAX=0x0  RBX=0x0  RCX=0x0  RDX=0x0
[PANIC_STACK] R8=0x0  R9=0x1c99ce7d0  R10=0x0  R11=0x202
[PANIC_STACK] instr bytes: 00 00 00 00 00
[PANIC_STACK]   [ 0] img+0x3dd7570
[PANIC_STACK]   [ 2] img+0x235a249
[PANIC_STACK]   [25] img+0x30beaa8
[PANIC_STACK]   [26] img+0x237d20a
[SKIP] Null-write at RIP=0x143dd708c (+0x3dd708c), advancing 7 bytes, gs_base=0x727ccb0c9000
[PANIC_STACK] RSP=0x7ffe81438798  RAX=0x0  RBX=0x0  RCX=0x0  RDX=0x0
[PANIC_STACK] R8=0x0  R9=0x1c99ce7d0  R10=0x0  R11=0x202
[PANIC_STACK] instr bytes: 00 00 00 00 00
[PANIC_STACK]   [ 0] img+0x3dd7570
[PANIC_STACK]   [ 2] img+0x235a249
[PANIC_STACK]   [25] img+0x30beaa8
[PANIC_STACK]   [26] img+0x237d20a
[SKIP] Null-write at RIP=0x143dd7093 (+0x3dd7093), advancing 7 bytes, gs_base=0x727ccb0c9000
[PANIC_STACK] RSP=0x7ffe81438798  RAX=0x0  RBX=0x0  RCX=0x0  RDX=0x0
[PANIC_STACK] R8=0x0  R9=0x1c99ce7d0  R10=0x0  R11=0x202
[PANIC_STACK] instr bytes: 00 00 00 00 00
[PANIC_STACK]   [ 0] img+0x3dd7570
[PANIC_STACK]   [ 2] img+0x235a249
[PANIC_STACK]   [25] img+0x30beaa8
[PANIC_STACK]   [26] img+0x237d20a
[SKIP] Null-write at RIP=0x143dd709a (+0x3dd709a), advancing 7 bytes, gs_base=0x727ccb0c9000
[PANIC_STACK] RSP=0x7ffe81438798  RAX=0x0  RBX=0x0  RCX=0x0  RDX=0x0
[PANIC_STACK] R8=0x0  R9=0x1c99ce7d0  R10=0x0  R11=0x202
[PANIC_STACK] instr bytes: 00 00 00 00 00
[PANIC_STACK]   [ 0] img+0x3dd7570
[PANIC_STACK]   [ 2] img+0x235a249
[PANIC_STACK]   [25] img+0x30beaa8
[PANIC_STACK]   [26] img+0x237d20a
[SKIP] Null-write at RIP=0x143dd70a1 (+0x3dd70a1), advancing 7 bytes, gs_base=0x727ccb0c9000
[PANIC_STACK] RSP=0x7ffe81438798  RAX=0x0  RBX=0x0  RCX=0x0  RDX=0x0
[PANIC_STACK] R8=0x0  R9=0x1c99ce7d0  R10=0x0  R11=0x202
[PANIC_STACK] instr bytes: 00 00 00 00 00
[PANIC_STACK]   [ 0] img+0x3dd7570
[PANIC_STACK]   [ 2] img+0x235a249
[PANIC_STACK]   [25] img+0x30beaa8
[PANIC_STACK]   [26] img+0x237d20a
[SKIP] Null-write at RIP=0x143dd70a8 (+0x3dd70a8), advancing 7 bytes, gs_base=0x727ccb0c9000
[PANIC_STACK] RSP=0x7ffe81438798  RAX=0x0  RBX=0x0  RCX=0x0  RDX=0x0
[PANIC_STACK] R8=0x0  R9=0x1c99ce7d0  R10=0x0  R11=0x202
[PANIC_STACK] instr bytes: 00 00 00 00 00
[PANIC_STACK]   [ 0] img+0x3dd7570
[PANIC_STACK]   [ 2] img+0x235a249
[PANIC_STACK]   [25] img+0x30beaa8
[PANIC_STACK]   [26] img+0x237d20a
[SKIP] Null-write at RIP=0x143dd70af (+0x3dd70af), advancing 7 bytes, gs_base=0x727ccb0c9000
[PANIC_STACK] RSP=0x7ffe81438798  RAX=0x0  RBX=0x0  RCX=0x0  RDX=0x0
[PANIC_STACK] R8=0x0  R9=0x1c99ce7d0  R10=0x0  R11=0x202
[PANIC_STACK] instr bytes: 00 00 00 00 00
[PANIC_STACK]   [ 0] img+0x3dd7570
[PANIC_STACK]   [ 2] img+0x235a249
[PANIC_STACK]   [25] img+0x30beaa8
[PANIC_STACK]   [26] img+0x237d20a
[SKIP] Null-write at RIP=0x143dd70b6 (+0x3dd70b6), advancing 7 bytes, gs_base=0x727ccb0c9000
[PANIC_STACK] RSP=0x7ffe81438798  RAX=0x0  RBX=0x0  RCX=0x0  RDX=0x0
[PANIC_STACK] R8=0x0  R9=0x1c99ce7d0  R10=0x0  R11=0x202
[PANIC_STACK] instr bytes: 00 00 00 00 00
[PANIC_STACK]   [ 0] img+0x3dd7570
[PANIC_STACK]   [ 2] img+0x235a249
[PANIC_STACK]   [25] img+0x30beaa8
[PANIC_STACK]   [26] img+0x237d20a
[SKIP] Null-write at RIP=0x143dd70bd (+0x3dd70bd), advancing 7 bytes, gs_base=0x727ccb0c9000
[PANIC_STACK] RSP=0x7ffe81438798  RAX=0x0  RBX=0x0  RCX=0x0  RDX=0x0
[PANIC_STACK] R8=0x0  R9=0x1c99ce7d0  R10=0x0  R11=0x202
[PANIC_STACK] instr bytes: 00 00 00 00 00
[PANIC_STACK]   [ 0] img+0x3dd7570
[PANIC_STACK]   [ 2] img+0x235a249
[PANIC_STACK]   [25] img+0x30beaa8
[PANIC_STACK]   [26] img+0x237d20a
[SKIP] Null-write at RIP=0x143dd70c4 (+0x3dd70c4), advancing 7 bytes, gs_base=0x727ccb0c9000
[PANIC_STACK] RSP=0x7ffe81438798  RAX=0x0  RBX=0x0  RCX=0x0  RDX=0x0
[PANIC_STACK] R8=0x0  R9=0x1c99ce7d0  R10=0x0  R11=0x202
[PANIC_STACK] instr bytes: 00 00 00 00 00
[PANIC_STACK]   [ 0] img+0x3dd7570
[PANIC_STACK]   [ 2] img+0x235a249
[PANIC_STACK]   [25] img+0x30beaa8
[PANIC_STACK]   [26] img+0x237d20a
[SKIP] Null-write at RIP=0x143dd70cb (+0x3dd70cb), advancing 7 bytes, gs_base=0x727ccb0c9000
[PANIC_STACK] RSP=0x7ffe81438798  RAX=0x0  RBX=0x0  RCX=0x0  RDX=0x0
[PANIC_STACK] R8=0x0  R9=0x1c99ce7d0  R10=0x0  R11=0x202
[PANIC_STACK] instr bytes: 00 00 00 00 00
[PANIC_STACK]   [ 0] img+0x3dd7570
[PANIC_STACK]   [ 2] img+0x235a249
[PANIC_STACK]   [25] img+0x30beaa8
[PANIC_STACK]   [26] img+0x237d20a
[SKIP] Null-write at RIP=0x143dd70d2 (+0x3dd70d2), advancing 7 bytes, gs_base=0x727ccb0c9000
[PANIC_STACK] RSP=0x7ffe81438798  RAX=0x0  RBX=0x0  RCX=0x0  RDX=0x0
[PANIC_STACK] R8=0x0  R9=0x1c99ce7d0  R10=0x0  R11=0x202
[PANIC_STACK] instr bytes: 00 00 00 00 00
[PANIC_STACK]   [ 0] img+0x3dd7570
[PANIC_STACK]   [ 2] img+0x235a249
[PANIC_STACK]   [25] img+0x30beaa8
[PANIC_STACK]   [26] img+0x237d20a
[SKIP] Null-write at RIP=0x143dd70d9 (+0x3dd70d9), advancing 7 bytes, gs_base=0x727ccb0c9000
[PANIC_STACK] RSP=0x7ffe81438798  RAX=0x0  RBX=0x0  RCX=0x0  RDX=0x0
[PANIC_STACK] R8=0x0  R9=0x1c99ce7d0  R10=0x0  R11=0x202
[PANIC_STACK] instr bytes: 00 00 00 00 00
[PANIC_STACK]   [ 0] img+0x3dd7570
[PANIC_STACK]   [ 2] img+0x235a249
[PANIC_STACK]   [25] img+0x30beaa8
[PANIC_STACK]   [26] img+0x237d20a
[SKIP] Null-write at RIP=0x143dd70e0 (+0x3dd70e0), advancing 7 bytes, gs_base=0x727ccb0c9000
[PANIC_STACK] RSP=0x7ffe81438798  RAX=0x0  RBX=0x0  RCX=0x0  RDX=0x0
[PANIC_STACK] R8=0x0  R9=0x1c99ce7d0  R10=0x0  R11=0x202
[PANIC_STACK] instr bytes: 00 00 00 00 00
[PANIC_STACK]   [ 0] img+0x3dd7570
[PANIC_STACK]   [ 2] img+0x235a249
[PANIC_STACK]   [25] img+0x30beaa8
[PANIC_STACK]   [26] img+0x237d20a
[SKIP] Null-write at RIP=0x143dd70e7 (+0x3dd70e7), advancing 7 bytes, gs_base=0x727ccb0c9000
[PANIC_STACK] RSP=0x7ffe81438798  RAX=0x0  RBX=0x0  RCX=0x0  RDX=0x0
[PANIC_STACK] R8=0x0  R9=0x1c99ce7d0  R10=0x0  R11=0x202
[PANIC_STACK] instr bytes: 00 00 00 00 00
[PANIC_STACK]   [ 0] img+0x3dd7570
[PANIC_STACK]   [ 2] img+0x235a249
[PANIC_STACK]   [25] img+0x30beaa8
[PANIC_STACK]   [26] img+0x237d20a
[SKIP] Null-write at RIP=0x143dd70ee (+0x3dd70ee), advancing 7 bytes, gs_base=0x727ccb0c9000
[PANIC_STACK] RSP=0x7ffe81438798  RAX=0x0  RBX=0x0  RCX=0x0  RDX=0x0
[PANIC_STACK] R8=0x0  R9=0x1c99ce7d0  R10=0x0  R11=0x202
[PANIC_STACK] instr bytes: 00 00 00 00 00
[PANIC_STACK]   [ 0] img+0x3dd7570
[PANIC_STACK]   [ 2] img+0x235a249
[PANIC_STACK]   [25] img+0x30beaa8
[PANIC_STACK]   [26] img+0x237d20a
[SKIP] Null-write at RIP=0x143dd70f5 (+0x3dd70f5), advancing 7 bytes, gs_base=0x727ccb0c9000
[PANIC_STACK] RSP=0x7ffe81438798  RAX=0x0  RBX=0x0  RCX=0x0  RDX=0x0
[PANIC_STACK] R8=0x0  R9=0x1c99ce7d0  R10=0x0  R11=0x202
[PANIC_STACK] instr bytes: 00 00 00 00 00
[PANIC_STACK]   [ 0] img+0x3dd7570
[PANIC_STACK]   [ 2] img+0x235a249
[PANIC_STACK]   [25] img+0x30beaa8
[PANIC_STACK]   [26] img+0x237d20a
[SKIP] Null-write at RIP=0x143dd70fc (+0x3dd70fc), advancing 7 bytes, gs_base=0x727ccb0c9000
[PANIC_STACK] RSP=0x7ffe81438798  RAX=0x0  RBX=0x0  RCX=0x0  RDX=0x0
[PANIC_STACK] R8=0x0  R9=0x1c99ce7d0  R10=0x0  R11=0x202
[PANIC_STACK] instr bytes: 00 00 00 00 00
[PANIC_STACK]   [ 0] img+0x3dd7570
[PANIC_STACK]   [ 2] img+0x235a249
[PANIC_STACK]   [25] img+0x30beaa8
[PANIC_STACK]   [26] img+0x237d20a
[SKIP] Null-write at RIP=0x143dd7103 (+0x3dd7103), advancing 7 bytes, gs_base=0x727ccb0c9000
[PANIC_STACK] RSP=0x7ffe81438798  RAX=0x0  RBX=0x0  RCX=0x0  RDX=0x0
[PANIC_STACK] R8=0x0  R9=0x1c99ce7d0  R10=0x0  R11=0x202
[PANIC_STACK] instr bytes: 00 00 00 00 00
[PANIC_STACK]   [ 0] img+0x3dd7570
[PANIC_STACK]   [ 2] img+0x235a249
[PANIC_STACK]   [25] img+0x30beaa8
[PANIC_STACK]   [26] img+0x237d20a
[SKIP] Null-write at RIP=0x143dd710a (+0x3dd710a), advancing 7 bytes, gs_base=0x727ccb0c9000
[PANIC_STACK] RSP=0x7ffe81438798  RAX=0x0  RBX=0x0  RCX=0x0  RDX=0x0
[PANIC_STACK] R8=0x0  R9=0x1c99ce7d0  R10=0x0  R11=0x202
[PANIC_STACK] instr bytes: 00 00 00 00 00
[PANIC_STACK]   [ 0] img+0x3dd7570
[PANIC_STACK]   [ 2] img+0x235a249
[PANIC_STACK]   [25] img+0x30beaa8
[PANIC_STACK]   [26] img+0x237d20a
[SKIP] Null-write at RIP=0x143dd7111 (+0x3dd7111), advancing 7 bytes, gs_base=0x727ccb0c9000
[PANIC_STACK] RSP=0x7ffe81438798  RAX=0x0  RBX=0x0  RCX=0x0  RDX=0x0
[PANIC_STACK] R8=0x0  R9=0x1c99ce7d0  R10=0x0  R11=0x202
[PANIC_STACK] instr bytes: 00 00 00 00 00
[PANIC_STACK]   [ 0] img+0x3dd7570
[PANIC_STACK]   [ 2] img+0x235a249
[PANIC_STACK]   [25] img+0x30beaa8
[PANIC_STACK]   [26] img+0x237d20a
[SKIP] Null-write at RIP=0x143dd7118 (+0x3dd7118), advancing 7 bytes, gs_base=0x727ccb0c9000
[PANIC_STACK] RSP=0x7ffe81438798  RAX=0x0  RBX=0x0  RCX=0x0  RDX=0x0
[PANIC_STACK] R8=0x0  R9=0x1c99ce7d0  R10=0x0  R11=0x202
[PANIC_STACK] instr bytes: 00 00 00 00 00
[PANIC_STACK]   [ 0] img+0x3dd7570
[PANIC_STACK]   [ 2] img+0x235a249
[PANIC_STACK]   [25] img+0x30beaa8
[PANIC_STACK]   [26] img+0x237d20a
[SKIP] Null-write at RIP=0x143dd711f (+0x3dd711f), advancing 7 bytes, gs_base=0x727ccb0c9000
[PANIC_STACK] RSP=0x7ffe81438798  RAX=0x0  RBX=0x0  RCX=0x0  RDX=0x0
[PANIC_STACK] R8=0x0  R9=0x1c99ce7d0  R10=0x0  R11=0x202
[PANIC_STACK] instr bytes: 00 00 00 00 00
[PANIC_STACK]   [ 0] img+0x3dd7570
[PANIC_STACK]   [ 2] img+0x235a249
[PANIC_STACK]   [25] img+0x30beaa8
[PANIC_STACK]   [26] img+0x237d20a
[SKIP] Null-write at RIP=0x143dd7126 (+0x3dd7126), advancing 7 bytes, gs_base=0x727ccb0c9000
[PANIC_STACK] RSP=0x7ffe81438798  RAX=0x0  RBX=0x0  RCX=0x0  RDX=0x0
[PANIC_STACK] R8=0x0  R9=0x1c99ce7d0  R10=0x0  R11=0x202
[PANIC_STACK] instr bytes: 00 00 00 00 00
[PANIC_STACK]   [ 0] img+0x3dd7570
[PANIC_STACK]   [ 2] img+0x235a249
[PANIC_STACK]   [25] img+0x30beaa8
[PANIC_STACK]   [26] img+0x237d20a
[SKIP] Null-write at RIP=0x143dd712d (+0x3dd712d), advancing 7 bytes, gs_base=0x727ccb0c9000
[PANIC_STACK] RSP=0x7ffe81438798  RAX=0x0  RBX=0x0  RCX=0x0  RDX=0x0
[PANIC_STACK] R8=0x0  R9=0x1c99ce7d0  R10=0x0  R11=0x202
[PANIC_STACK] instr bytes: 00 00 00 00 00
[PANIC_STACK]   [ 0] img+0x3dd7570
[PANIC_STACK]   [ 2] img+0x235a249
[PANIC_STACK]   [25] img+0x30beaa8
[PANIC_STACK]   [26] img+0x237d20a
[SKIP] Null-write at RIP=0x143dd7134 (+0x3dd7134), advancing 7 bytes, gs_base=0x727ccb0c9000
[PANIC_STACK] RSP=0x7ffe81438798  RAX=0x0  RBX=0x0  RCX=0x0  RDX=0x0
[PANIC_STACK] R8=0x0  R9=0x1c99ce7d0  R10=0x0  R11=0x202
[PANIC_STACK] instr bytes: 00 00 00 00 00
[PANIC_STACK]   [ 0] img+0x3dd7570
[PANIC_STACK]   [ 2] img+0x235a249
[PANIC_STACK]   [25] img+0x30beaa8
[PANIC_STACK]   [26] img+0x237d20a
[SKIP] Null-write at RIP=0x143dd713b (+0x3dd713b), advancing 7 bytes, gs_base=0x727ccb0c9000
[PANIC_STACK] RSP=0x7ffe81438798  RAX=0x0  RBX=0x0  RCX=0x0  RDX=0x0
[PANIC_STACK] R8=0x0  R9=0x1c99ce7d0  R10=0x0  R11=0x202
[PANIC_STACK] instr bytes: 00 00 00 00 00
[PANIC_STACK]   [ 0] img+0x3dd7570
[PANIC_STACK]   [ 2] img+0x235a249
[PANIC_STACK]   [25] img+0x30beaa8
[PANIC_STACK]   [26] img+0x237d20a
[SKIP] Null-write at RIP=0x143dd7142 (+0x3dd7142), advancing 7 bytes, gs_base=0x727ccb0c9000
[PANIC_STACK] RSP=0x7ffe81438798  RAX=0x0  RBX=0x0  RCX=0x0  RDX=0x0
[PANIC_STACK] R8=0x0  R9=0x1c99ce7d0  R10=0x0  R11=0x202
[PANIC_STACK] instr bytes: 00 00 00 00 00
[PANIC_STACK]   [ 0] img+0x3dd7570
[PANIC_STACK]   [ 2] img+0x235a249
[PANIC_STACK]   [25] img+0x30beaa8
[PANIC_STACK]   [26] img+0x237d20a
[SKIP] Null-write at RIP=0x143dd7149 (+0x3dd7149), advancing 7 bytes, gs_base=0x727ccb0c9000
[PANIC_STACK] RSP=0x7ffe81438798  RAX=0x0  RBX=0x0  RCX=0x0  RDX=0x0
[PANIC_STACK] R8=0x0  R9=0x1c99ce7d0  R10=0x0  R11=0x202
[PANIC_STACK] instr bytes: 00 00 00 00 00
[PANIC_STACK]   [ 0] img+0x3dd7570
[PANIC_STACK]   [ 2] img+0x235a249
[PANIC_STACK]   [25] img+0x30beaa8
[PANIC_STACK]   [26] img+0x237d20a
[SKIP] Null-write at RIP=0x143dd7150 (+0x3dd7150), advancing 7 bytes, gs_base=0x727ccb0c9000
[PANIC_STACK] RSP=0x7ffe81438798  RAX=0x0  RBX=0x0  RCX=0x0  RDX=0x0
[PANIC_STACK] R8=0x0  R9=0x1c99ce7d0  R10=0x0  R11=0x202
[PANIC_STACK] instr bytes: 00 00 00 00 00
[PANIC_STACK]   [ 0] img+0x3dd7570
[PANIC_STACK]   [ 2] img+0x235a249
[PANIC_STACK]   [25] img+0x30beaa8
[PANIC_STACK]   [26] img+0x237d20a
[SKIP] Null-write at RIP=0x143dd7157 (+0x3dd7157), advancing 7 bytes, gs_base=0x727ccb0c9000
[PANIC_STACK] RSP=0x7ffe81438798  RAX=0x0  RBX=0x0  RCX=0x0  RDX=0x0
[PANIC_STACK] R8=0x0  R9=0x1c99ce7d0  R10=0x0  R11=0x202
[PANIC_STACK] instr bytes: 00 00 00 00 00
[PANIC_STACK]   [ 0] img+0x3dd7570
[PANIC_STACK]   [ 2] img+0x235a249
[PANIC_STACK]   [25] img+0x30beaa8
[PANIC_STACK]   [26] img+0x237d20a
[SKIP] Null-write at RIP=0x143dd715e (+0x3dd715e), advancing 7 bytes, gs_base=0x727ccb0c9000
[PANIC_STACK] RSP=0x7ffe81438798  RAX=0x0  RBX=0x0  RCX=0x0  RDX=0x0
[PANIC_STACK] R8=0x0  R9=0x1c99ce7d0  R10=0x0  R11=0x202
[PANIC_STACK] instr bytes: 00 00 00 00 00
[PANIC_STACK]   [ 0] img+0x3dd7570
[PANIC_STACK]   [ 2] img+0x235a249
[PANIC_STACK]   [25] img+0x30beaa8
[PANIC_STACK]   [26] img+0x237d20a
[SKIP] Null-write at RIP=0x143dd7165 (+0x3dd7165), advancing 7 bytes, gs_base=0x727ccb0c9000
[PANIC_STACK] RSP=0x7ffe81438798  RAX=0x0  RBX=0x0  RCX=0x0  RDX=0x0
[PANIC_STACK] R8=0x0  R9=0x1c99ce7d0  R10=0x0  R11=0x202
[PANIC_STACK] instr bytes: 00 00 00 00 00
[PANIC_STACK]   [ 0] img+0x3dd7570
[PANIC_STACK]   [ 2] img+0x235a249
[PANIC_STACK]   [25] img+0x30beaa8
[PANIC_STACK]   [26] img+0x237d20a
[SKIP] Null-write at RIP=0x143dd716c (+0x3dd716c), advancing 7 bytes, gs_base=0x727ccb0c9000
[PANIC_STACK] RSP=0x7ffe81438798  RAX=0x0  RBX=0x0  RCX=0x0  RDX=0x0
[PANIC_STACK] R8=0x0  R9=0x1c99ce7d0  R10=0x0  R11=0x202
[PANIC_STACK] instr bytes: 00 00 00 00 00
[PANIC_STACK]   [ 0] img+0x3dd7570
[PANIC_STACK]   [ 2] img+0x235a249
[PANIC_STACK]   [25] img+0x30beaa8
[PANIC_STACK]   [26] img+0x237d20a
[SKIP] Null-write at RIP=0x143dd7173 (+0x3dd7173), advancing 7 bytes, gs_base=0x727ccb0c9000
[PANIC_STACK] RSP=0x7ffe81438798  RAX=0x0  RBX=0x0  RCX=0x0  RDX=0x0
[PANIC_STACK] R8=0x0  R9=0x1c99ce7d0  R10=0x0  R11=0x202
[PANIC_STACK] instr bytes: 00 00 00 00 00
[PANIC_STACK]   [ 0] img+0x3dd7570
[PANIC_STACK]   [ 2] img+0x235a249
[PANIC_STACK]   [25] img+0x30beaa8
[PANIC_STACK]   [26] img+0x237d20a
[SKIP] Null-write at RIP=0x143dd717a (+0x3dd717a), advancing 7 bytes, gs_base=0x727ccb0c9000
[PANIC_STACK] RSP=0x7ffe81438798  RAX=0x0  RBX=0x0  RCX=0x0  RDX=0x0
[PANIC_STACK] R8=0x0  R9=0x1c99ce7d0  R10=0x0  R11=0x202
[PANIC_STACK] instr bytes: 00 00 00 00 00
[PANIC_STACK]   [ 0] img+0x3dd7570
[PANIC_STACK]   [ 2] img+0x235a249
[PANIC_STACK]   [25] img+0x30beaa8
[PANIC_STACK]   [26] img+0x237d20a
[SKIP] Null-write at RIP=0x143dd7181 (+0x3dd7181), advancing 7 bytes, gs_base=0x727ccb0c9000
[PANIC_STACK] RSP=0x7ffe81438798  RAX=0x0  RBX=0x0  RCX=0x0  RDX=0x0
[PANIC_STACK] R8=0x0  R9=0x1c99ce7d0  R10=0x0  R11=0x202
[PANIC_STACK] instr bytes: 00 00 00 00 00
[PANIC_STACK]   [ 0] img+0x3dd7570
[PANIC_STACK]   [ 2] img+0x235a249
[PANIC_STACK]   [25] img+0x30beaa8
[PANIC_STACK]   [26] img+0x237d20a
[SKIP] Null-write at RIP=0x143dd7188 (+0x3dd7188), advancing 7 bytes, gs_base=0x727ccb0c9000
[PANIC_STACK] RSP=0x7ffe81438798  RAX=0x0  RBX=0x0  RCX=0x0  RDX=0x0
[PANIC_STACK] R8=0x0  R9=0x1c99ce7d0  R10=0x0  R11=0x202
[PANIC_STACK] instr bytes: 00 00 00 00 00
[PANIC_STACK]   [ 0] img+0x3dd7570
[PANIC_STACK]   [ 2] img+0x235a249
[PANIC_STACK]   [25] img+0x30beaa8
[PANIC_STACK]   [26] img+0x237d20a
[SKIP] Null-write at RIP=0x143dd718f (+0x3dd718f), advancing 7 bytes, gs_base=0x727ccb0c9000
[PANIC_STACK] RSP=0x7ffe81438798  RAX=0x0  RBX=0x0  RCX=0x0  RDX=0x0
[PANIC_STACK] R8=0x0  R9=0x1c99ce7d0  R10=0x0  R11=0x202
[PANIC_STACK] instr bytes: 00 00 00 00 00
[PANIC_STACK]   [ 0] img+0x3dd7570
[PANIC_STACK]   [ 2] img+0x235a249
[PANIC_STACK]   [25] img+0x30beaa8
[PANIC_STACK]   [26] img+0x237d20a
[SKIP] Null-write at RIP=0x143dd7196 (+0x3dd7196), advancing 7 bytes, gs_base=0x727ccb0c9000
[PANIC_STACK] RSP=0x7ffe81438798  RAX=0x0  RBX=0x0  RCX=0x0  RDX=0x0
[PANIC_STACK] R8=0x0  R9=0x1c99ce7d0  R10=0x0  R11=0x202
[PANIC_STACK] instr bytes: 00 00 00 00 00
[PANIC_STACK]   [ 0] img+0x3dd7570
[PANIC_STACK]   [ 2] img+0x235a249
[PANIC_STACK]   [25] img+0x30beaa8
[PANIC_STACK]   [26] img+0x237d20a
[SKIP] Null-write at RIP=0x143dd719d (+0x3dd719d), advancing 7 bytes, gs_base=0x727ccb0c9000
[PANIC_STACK] RSP=0x7ffe81438798  RAX=0x0  RBX=0x0  RCX=0x0  RDX=0x0
[PANIC_STACK] R8=0x0  R9=0x1c99ce7d0  R10=0x0  R11=0x202
[PANIC_STACK] instr bytes: 00 00 00 00 00
[PANIC_STACK]   [ 0] img+0x3dd7570
[PANIC_STACK]   [ 2] img+0x235a249
[PANIC_STACK]   [25] img+0x30beaa8
[PANIC_STACK]   [26] img+0x237d20a
[SKIP] Null-write at RIP=0x143dd71a4 (+0x3dd71a4), advancing 7 bytes, gs_base=0x727ccb0c9000
[PANIC_STACK] RSP=0x7ffe81438798  RAX=0x0  RBX=0x0  RCX=0x0  RDX=0x0
[PANIC_STACK] R8=0x0  R9=0x1c99ce7d0  R10=0x0  R11=0x202
[PANIC_STACK] instr bytes: 00 00 00 00 00
[PANIC_STACK]   [ 0] img+0x3dd7570
[PANIC_STACK]   [ 2] img+0x235a249
[PANIC_STACK]   [25] img+0x30beaa8
[PANIC_STACK]   [26] img+0x237d20a
[SKIP] Null-write at RIP=0x143dd71ab (+0x3dd71ab), advancing 7 bytes, gs_base=0x727ccb0c9000
[PANIC_STACK] RSP=0x7ffe81438798  RAX=0x0  RBX=0x0  RCX=0x0  RDX=0x0
[PANIC_STACK] R8=0x0  R9=0x1c99ce7d0  R10=0x0  R11=0x202
[PANIC_STACK] instr bytes: 00 00 00 00 00
[PANIC_STACK]   [ 0] img+0x3dd7570
[PANIC_STACK]   [ 2] img+0x235a249
[PANIC_STACK]   [25] img+0x30beaa8
[PANIC_STACK]   [26] img+0x237d20a
[SKIP] Null-write at RIP=0x143dd71b2 (+0x3dd71b2), advancing 7 bytes, gs_base=0x727ccb0c9000
[PANIC_STACK] RSP=0x7ffe81438798  RAX=0x0  RBX=0x0  RCX=0x0  RDX=0x0
[PANIC_STACK] R8=0x0  R9=0x1c99ce7d0  R10=0x0  R11=0x202
[PANIC_STACK] instr bytes: 00 00 00 00 00
[PANIC_STACK]   [ 0] img+0x3dd7570
[PANIC_STACK]   [ 2] img+0x235a249
[PANIC_STACK]   [25] img+0x30beaa8
[PANIC_STACK]   [26] img+0x237d20a
[SKIP] Null-write at RIP=0x143dd71b9 (+0x3dd71b9), advancing 7 bytes, gs_base=0x727ccb0c9000
[PANIC_STACK] RSP=0x7ffe81438798  RAX=0x0  RBX=0x0  RCX=0x0  RDX=0x0
[PANIC_STACK] R8=0x0  R9=0x1c99ce7d0  R10=0x0  R11=0x202
[PANIC_STACK] instr bytes: 00 00 00 00 00
[PANIC_STACK]   [ 0] img+0x3dd7570
[PANIC_STACK]   [ 2] img+0x235a249
[PANIC_STACK]   [25] img+0x30beaa8
[PANIC_STACK]   [26] img+0x237d20a
[SKIP] Null-write at RIP=0x143dd71c0 (+0x3dd71c0), advancing 7 bytes, gs_base=0x727ccb0c9000
[PANIC_STACK] RSP=0x7ffe81438798  RAX=0x0  RBX=0x0  RCX=0x0  RDX=0x0
[PANIC_STACK] R8=0x0  R9=0x1c99ce7d0  R10=0x0  R11=0x202
[PANIC_STACK] instr bytes: 00 00 00 00 00
[PANIC_STACK]   [ 0] img+0x3dd7570
[PANIC_STACK]   [ 2] img+0x235a249
[PANIC_STACK]   [25] img+0x30beaa8
[PANIC_STACK]   [26] img+0x237d20a
[SKIP] Null-write at RIP=0x143dd71c7 (+0x3dd71c7), advancing 7 bytes, gs_base=0x727ccb0c9000
[PANIC_STACK] RSP=0x7ffe81438798  RAX=0x0  RBX=0x0  RCX=0x0  RDX=0x0
[PANIC_STACK] R8=0x0  R9=0x1c99ce7d0  R10=0x0  R11=0x202
[PANIC_STACK] instr bytes: 00 00 00 00 00
[PANIC_STACK]   [ 0] img+0x3dd7570
[PANIC_STACK]   [ 2] img+0x235a249
[PANIC_STACK]   [25] img+0x30beaa8
[PANIC_STACK]   [26] img+0x237d20a
[SKIP] Null-write at RIP=0x143dd71ce (+0x3dd71ce), advancing 7 bytes, gs_base=0x727ccb0c9000
[PANIC_STACK] RSP=0x7ffe81438798  RAX=0x0  RBX=0x0  RCX=0x0  RDX=0x0
[PANIC_STACK] R8=0x0  R9=0x1c99ce7d0  R10=0x0  R11=0x202
[PANIC_STACK] instr bytes: 00 00 00 00 00
[PANIC_STACK]   [ 0] img+0x3dd7570
[PANIC_STACK]   [ 2] img+0x235a249
[PANIC_STACK]   [25] img+0x30beaa8
[PANIC_STACK]   [26] img+0x237d20a
[SKIP] Null-write at RIP=0x143dd71d5 (+0x3dd71d5), advancing 7 bytes, gs_base=0x727ccb0c9000
[PANIC_STACK] RSP=0x7ffe81438798  RAX=0x0  RBX=0x0  RCX=0x0  RDX=0x0
[PANIC_STACK] R8=0x0  R9=0x1c99ce7d0  R10=0x0  R11=0x202
[PANIC_STACK] instr bytes: 00 00 00 00 00
[PANIC_STACK]   [ 0] img+0x3dd7570
[PANIC_STACK]   [ 2] img+0x235a249
[PANIC_STACK]   [25] img+0x30beaa8
[PANIC_STACK]   [26] img+0x237d20a
[SKIP] Null-write at RIP=0x143dd71dc (+0x3dd71dc), advancing 7 bytes, gs_base=0x727ccb0c9000
[PANIC_STACK] RSP=0x7ffe81438798  RAX=0x0  RBX=0x0  RCX=0x0  RDX=0x0
[PANIC_STACK] R8=0x0  R9=0x1c99ce7d0  R10=0x0  R11=0x202
[PANIC_STACK] instr bytes: 00 00 00 00 00
[PANIC_STACK]   [ 0] img+0x3dd7570
[PANIC_STACK]   [ 2] img+0x235a249
[PANIC_STACK]   [25] img+0x30beaa8
[PANIC_STACK]   [26] img+0x237d20a
[SKIP] Null-write at RIP=0x143dd71e3 (+0x3dd71e3), advancing 7 bytes, gs_base=0x727ccb0c9000
[PANIC_STACK] RSP=0x7ffe81438798  RAX=0x0  RBX=0x0  RCX=0x0  RDX=0x0
[PANIC_STACK] R8=0x0  R9=0x1c99ce7d0  R10=0x0  R11=0x202
[PANIC_STACK] instr bytes: 00 00 00 00 00
[PANIC_STACK]   [ 0] img+0x3dd7570
[PANIC_STACK]   [ 2] img+0x235a249
[PANIC_STACK]   [25] img+0x30beaa8
[PANIC_STACK]   [26] img+0x237d20a
[SKIP] Null-write at RIP=0x143dd71ea (+0x3dd71ea), advancing 7 bytes, gs_base=0x727ccb0c9000
[PANIC_STACK] RSP=0x7ffe81438798  RAX=0x0  RBX=0x0  RCX=0x0  RDX=0x0
[PANIC_STACK] R8=0x0  R9=0x1c99ce7d0  R10=0x0  R11=0x202
[PANIC_STACK] instr bytes: 00 00 00 00 00
[PANIC_STACK]   [ 0] img+0x3dd7570
[PANIC_STACK]   [ 2] img+0x235a249
[PANIC_STACK]   [25] img+0x30beaa8
[PANIC_STACK]   [26] img+0x237d20a
[SKIP] Null-write at RIP=0x143dd71f1 (+0x3dd71f1), advancing 7 bytes, gs_base=0x727ccb0c9000
[PANIC_STACK] RSP=0x7ffe81438798  RAX=0x0  RBX=0x0  RCX=0x0  RDX=0x0
[PANIC_STACK] R8=0x0  R9=0x1c99ce7d0  R10=0x0  R11=0x202
[PANIC_STACK] instr bytes: 00 00 00 00 00
[PANIC_STACK]   [ 0] img+0x3dd7570
[PANIC_STACK]   [ 2] img+0x235a249
[PANIC_STACK]   [25] img+0x30beaa8
[PANIC_STACK]   [26] img+0x237d20a
[SKIP] Null-write at RIP=0x143dd71f8 (+0x3dd71f8), advancing 7 bytes, gs_base=0x727ccb0c9000
[PANIC_STACK] RSP=0x7ffe81438798  RAX=0x0  RBX=0x0  RCX=0x0  RDX=0x0
[PANIC_STACK] R8=0x0  R9=0x1c99ce7d0  R10=0x0  R11=0x202
[PANIC_STACK] instr bytes: 00 00 00 00 00
[PANIC_STACK]   [ 0] img+0x3dd7570
[PANIC_STACK]   [ 2] img+0x235a249
[PANIC_STACK]   [25] img+0x30beaa8
[PANIC_STACK]   [26] img+0x237d20a
[SKIP] Null-write at RIP=0x143dd71ff (+0x3dd71ff), advancing 7 bytes, gs_base=0x727ccb0c9000
[PANIC_STACK] RSP=0x7ffe81438798  RAX=0x0  RBX=0x0  RCX=0x0  RDX=0x0
[PANIC_STACK] R8=0x0  R9=0x1c99ce7d0  R10=0x0  R11=0x202
[PANIC_STACK] instr bytes: 00 00 00 00 00
[PANIC_STACK]   [ 0] img+0x3dd7570
[PANIC_STACK]   [ 2] img+0x235a249
[PANIC_STACK]   [25] img+0x30beaa8
[PANIC_STACK]   [26] img+0x237d20a
[SKIP] Null-write at RIP=0x143dd7206 (+0x3dd7206), advancing 7 bytes, gs_base=0x727ccb0c9000
[PANIC_STACK] RSP=0x7ffe81438798  RAX=0x0  RBX=0x0  RCX=0x0  RDX=0x0
[PANIC_STACK] R8=0x0  R9=0x1c99ce7d0  R10=0x0  R11=0x202
[PANIC_STACK] instr bytes: 00 00 00 00 00
[PANIC_STACK]   [ 0] img+0x3dd7570
[PANIC_STACK]   [ 2] img+0x235a249
[PANIC_STACK]   [25] img+0x30beaa8
[PANIC_STACK]   [26] img+0x237d20a
[SKIP] Null-write at RIP=0x143dd720d (+0x3dd720d), advancing 7 bytes, gs_base=0x727ccb0c9000
[PANIC_STACK] RSP=0x7ffe81438798  RAX=0x0  RBX=0x0  RCX=0x0  RDX=0x0
[PANIC_STACK] R8=0x0  R9=0x1c99ce7d0  R10=0x0  R11=0x202
[PANIC_STACK] instr bytes: 00 00 00 00 00
[PANIC_STACK]   [ 0] img+0x3dd7570
[PANIC_STACK]   [ 2] img+0x235a249
[PANIC_STACK]   [25] img+0x30beaa8
[PANIC_STACK]   [26] img+0x237d20a
[SKIP] Null-write at RIP=0x143dd7214 (+0x3dd7214), advancing 7 bytes, gs_base=0x727ccb0c9000
[PANIC_STACK] RSP=0x7ffe81438798  RAX=0x0  RBX=0x0  RCX=0x0  RDX=0x0
[PANIC_STACK] R8=0x0  R9=0x1c99ce7d0  R10=0x0  R11=0x202
[PANIC_STACK] instr bytes: 00 00 00 00 00
[PANIC_STACK]   [ 0] img+0x3dd7570
[PANIC_STACK]   [ 2] img+0x235a249
[PANIC_STACK]   [25] img+0x30beaa8
[PANIC_STACK]   [26] img+0x237d20a
[SKIP] Null-write at RIP=0x143dd721b (+0x3dd721b), advancing 7 bytes, gs_base=0x727ccb0c9000
[PANIC_STACK] RSP=0x7ffe81438798  RAX=0x0  RBX=0x0  RCX=0x0  RDX=0x0
[PANIC_STACK] R8=0x0  R9=0x1c99ce7d0  R10=0x0  R11=0x202
[PANIC_STACK] instr bytes: 00 00 00 00 00
[PANIC_STACK]   [ 0] img+0x3dd7570
[PANIC_STACK]   [ 2] img+0x235a249
[PANIC_STACK]   [25] img+0x30beaa8
[PANIC_STACK]   [26] img+0x237d20a
[SKIP] Null-write at RIP=0x143dd7222 (+0x3dd7222), advancing 7 bytes, gs_base=0x727ccb0c9000
[PANIC_STACK] RSP=0x7ffe81438798  RAX=0x0  RBX=0x0  RCX=0x0  RDX=0x0
[PANIC_STACK] R8=0x0  R9=0x1c99ce7d0  R10=0x0  R11=0x202
[PANIC_STACK] instr bytes: 00 00 00 00 00
[PANIC_STACK]   [ 0] img+0x3dd7570
[PANIC_STACK]   [ 2] img+0x235a249
[PANIC_STACK]   [25] img+0x30beaa8
[PANIC_STACK]   [26] img+0x237d20a
[SKIP] Null-write at RIP=0x143dd7229 (+0x3dd7229), advancing 7 bytes, gs_base=0x727ccb0c9000
[PANIC_STACK] RSP=0x7ffe81438798  RAX=0x0  RBX=0x0  RCX=0x0  RDX=0x0
[PANIC_STACK] R8=0x0  R9=0x1c99ce7d0  R10=0x0  R11=0x202
[PANIC_STACK] instr bytes: 00 00 00 00 00
[PANIC_STACK]   [ 0] img+0x3dd7570
[PANIC_STACK]   [ 2] img+0x235a249
[PANIC_STACK]   [25] img+0x30beaa8
[PANIC_STACK]   [26] img+0x237d20a
[SKIP] Null-write at RIP=0x143dd7230 (+0x3dd7230), advancing 7 bytes, gs_base=0x727ccb0c9000
[PANIC_STACK] RSP=0x7ffe81438798  RAX=0x0  RBX=0x0  RCX=0x0  RDX=0x0
[PANIC_STACK] R8=0x0  R9=0x1c99ce7d0  R10=0x0  R11=0x202
[PANIC_STACK] instr bytes: 00 00 00 00 00
[PANIC_STACK]   [ 0] img+0x3dd7570
[PANIC_STACK]   [ 2] img+0x235a249
[PANIC_STACK]   [25] img+0x30beaa8
[PANIC_STACK]   [26] img+0x237d20a
[SKIP] Null-write at RIP=0x143dd7237 (+0x3dd7237), advancing 7 bytes, gs_base=0x727ccb0c9000
[PANIC_STACK] RSP=0x7ffe81438798  RAX=0x0  RBX=0x0  RCX=0x0  RDX=0x0
[PANIC_STACK] R8=0x0  R9=0x1c99ce7d0  R10=0x0  R11=0x202
[PANIC_STACK] instr bytes: 00 00 00 00 00
[PANIC_STACK]   [ 0] img+0x3dd7570
[PANIC_STACK]   [ 2] img+0x235a249
[PANIC_STACK]   [25] img+0x30beaa8
[PANIC_STACK]   [26] img+0x237d20a
[SKIP] Null-write at RIP=0x143dd723e (+0x3dd723e), advancing 7 bytes, gs_base=0x727ccb0c9000
[PANIC_STACK] RSP=0x7ffe81438798  RAX=0x0  RBX=0x0  RCX=0x0  RDX=0x0
[PANIC_STACK] R8=0x0  R9=0x1c99ce7d0  R10=0x0  R11=0x202
[PANIC_STACK] instr bytes: 00 00 00 00 00
[PANIC_STACK]   [ 0] img+0x3dd7570
[PANIC_STACK]   [ 2] img+0x235a249
[PANIC_STACK]   [25] img+0x30beaa8
[PANIC_STACK]   [26] img+0x237d20a
[SKIP] Null-write at RIP=0x143dd7245 (+0x3dd7245), advancing 7 bytes, gs_base=0x727ccb0c9000
[PANIC_STACK] RSP=0x7ffe81438798  RAX=0x0  RBX=0x0  RCX=0x0  RDX=0x0
[PANIC_STACK] R8=0x0  R9=0x1c99ce7d0  R10=0x0  R11=0x202
[PANIC_STACK] instr bytes: 00 00 00 00 00
[PANIC_STACK]   [ 0] img+0x3dd7570
[PANIC_STACK]   [ 2] img+0x235a249
[PANIC_STACK]   [25] img+0x30beaa8
[PANIC_STACK]   [26] img+0x237d20a
[SKIP] Null-write at RIP=0x143dd724c (+0x3dd724c), advancing 7 bytes, gs_base=0x727ccb0c9000
[PANIC_STACK] RSP=0x7ffe81438798  RAX=0x0  RBX=0x0  RCX=0x0  RDX=0x0
[PANIC_STACK] R8=0x0  R9=0x1c99ce7d0  R10=0x0  R11=0x202
[PANIC_STACK] instr bytes: 00 00 00 00 00
[PANIC_STACK]   [ 0] img+0x3dd7570
[PANIC_STACK]   [ 2] img+0x235a249
[PANIC_STACK]   [25] img+0x30beaa8
[PANIC_STACK]   [26] img+0x237d20a
[SKIP] Null-write at RIP=0x143dd7253 (+0x3dd7253), advancing 7 bytes, gs_base=0x727ccb0c9000
[PANIC_STACK] RSP=0x7ffe81438798  RAX=0x0  RBX=0x0  RCX=0x0  RDX=0x0
[PANIC_STACK] R8=0x0  R9=0x1c99ce7d0  R10=0x0  R11=0x202
[PANIC_STACK] instr bytes: 00 00 00 00 00
[PANIC_STACK]   [ 0] img+0x3dd7570
[PANIC_STACK]   [ 2] img+0x235a249
[PANIC_STACK]   [25] img+0x30beaa8
[PANIC_STACK]   [26] img+0x237d20a
[SKIP] Null-write at RIP=0x143dd725a (+0x3dd725a), advancing 7 bytes, gs_base=0x727ccb0c9000
[PANIC_STACK] RSP=0x7ffe81438798  RAX=0x0  RBX=0x0  RCX=0x0  RDX=0x0
[PANIC_STACK] R8=0x0  R9=0x1c99ce7d0  R10=0x0  R11=0x202
[PANIC_STACK] instr bytes: 00 00 00 00 00
[PANIC_STACK]   [ 0] img+0x3dd7570
[PANIC_STACK]   [ 2] img+0x235a249
[PANIC_STACK]   [25] img+0x30beaa8
[PANIC_STACK]   [26] img+0x237d20a
[SKIP] Null-write at RIP=0x143dd7261 (+0x3dd7261), advancing 7 bytes, gs_base=0x727ccb0c9000
[PANIC_STACK] RSP=0x7ffe81438798  RAX=0x0  RBX=0x0  RCX=0x0  RDX=0x0
[PANIC_STACK] R8=0x0  R9=0x1c99ce7d0  R10=0x0  R11=0x202
[PANIC_STACK] instr bytes: 00 00 00 00 00
[PANIC_STACK]   [ 0] img+0x3dd7570
[PANIC_STACK]   [ 2] img+0x235a249
[PANIC_STACK]   [25] img+0x30beaa8
[PANIC_STACK]   [26] img+0x237d20a
[SKIP] Null-write at RIP=0x143dd7268 (+0x3dd7268), advancing 7 bytes, gs_base=0x727ccb0c9000
[PANIC_STACK] RSP=0x7ffe81438798  RAX=0x0  RBX=0x0  RCX=0x0  RDX=0x0
[PANIC_STACK] R8=0x0  R9=0x1c99ce7d0  R10=0x0  R11=0x202
[PANIC_STACK] instr bytes: 00 00 00 00 00
[PANIC_STACK]   [ 0] img+0x3dd7570
[PANIC_STACK]   [ 2] img+0x235a249
[PANIC_STACK]   [25] img+0x30beaa8
[PANIC_STACK]   [26] img+0x237d20a
[SKIP] Null-write at RIP=0x143dd726f (+0x3dd726f), advancing 7 bytes, gs_base=0x727ccb0c9000
[PANIC_STACK] RSP=0x7ffe81438798  RAX=0x0  RBX=0x0  RCX=0x0  RDX=0x0
[PANIC_STACK] R8=0x0  R9=0x1c99ce7d0  R10=0x0  R11=0x202
[PANIC_STACK] instr bytes: 00 00 00 00 00
[PANIC_STACK]   [ 0] img+0x3dd7570
[PANIC_STACK]   [ 2] img+0x235a249
[PANIC_STACK]   [25] img+0x30beaa8
[PANIC_STACK]   [26] img+0x237d20a
[SKIP] Null-write at RIP=0x143dd7276 (+0x3dd7276), advancing 7 bytes, gs_base=0x727ccb0c9000
[PANIC_STACK] RSP=0x7ffe81438798  RAX=0x0  RBX=0x0  RCX=0x0  RDX=0x0
[PANIC_STACK] R8=0x0  R9=0x1c99ce7d0  R10=0x0  R11=0x202
[PANIC_STACK] instr bytes: 00 00 00 00 00
[PANIC_STACK]   [ 0] img+0x3dd7570
[PANIC_STACK]   [ 2] img+0x235a249
[PANIC_STACK]   [25] img+0x30beaa8
[PANIC_STACK]   [26] img+0x237d20a
[SKIP] Null-write at RIP=0x143dd727d (+0x3dd727d), advancing 7 bytes, gs_base=0x727ccb0c9000
[PANIC_STACK] RSP=0x7ffe81438798  RAX=0x0  RBX=0x0  RCX=0x0  RDX=0x0
[PANIC_STACK] R8=0x0  R9=0x1c99ce7d0  R10=0x0  R11=0x202
[PANIC_STACK] instr bytes: 00 00 00 00 00
[PANIC_STACK]   [ 0] img+0x3dd7570
[PANIC_STACK]   [ 2] img+0x235a249
[PANIC_STACK]   [25] img+0x30beaa8
[PANIC_STACK]   [26] img+0x237d20a
[SKIP] Null-write at RIP=0x143dd7284 (+0x3dd7284), advancing 7 bytes, gs_base=0x727ccb0c9000
[PANIC_STACK] RSP=0x7ffe81438798  RAX=0x0  RBX=0x0  RCX=0x0  RDX=0x0
[PANIC_STACK] R8=0x0  R9=0x1c99ce7d0  R10=0x0  R11=0x202
[PANIC_STACK] instr bytes: 00 00 00 00 00
[PANIC_STACK]   [ 0] img+0x3dd7570
[PANIC_STACK]   [ 2] img+0x235a249
[PANIC_STACK]   [25] img+0x30beaa8
[PANIC_STACK]   [26] img+0x237d20a
[SKIP] Null-write at RIP=0x143dd728b (+0x3dd728b), advancing 7 bytes, gs_base=0x727ccb0c9000
[PANIC_STACK] RSP=0x7ffe81438798  RAX=0x0  RBX=0x0  RCX=0x0  RDX=0x0
[PANIC_STACK] R8=0x0  R9=0x1c99ce7d0  R10=0x0  R11=0x202
[PANIC_STACK] instr bytes: 00 00 00 00 00
[PANIC_STACK]   [ 0] img+0x3dd7570
[PANIC_STACK]   [ 2] img+0x235a249
[PANIC_STACK]   [25] img+0x30beaa8
[PANIC_STACK]   [26] img+0x237d20a
[SKIP] Null-write at RIP=0x143dd7292 (+0x3dd7292), advancing 7 bytes, gs_base=0x727ccb0c9000
[PANIC_STACK] RSP=0x7ffe81438798  RAX=0x0  RBX=0x0  RCX=0x0  RDX=0x0
[PANIC_STACK] R8=0x0  R9=0x1c99ce7d0  R10=0x0  R11=0x202
[PANIC_STACK] instr bytes: 00 00 00 00 00
[PANIC_STACK]   [ 0] img+0x3dd7570
[PANIC_STACK]   [ 2] img+0x235a249
[PANIC_STACK]   [25] img+0x30beaa8
[PANIC_STACK]   [26] img+0x237d20a
[SKIP] Null-write at RIP=0x143dd7299 (+0x3dd7299), advancing 7 bytes, gs_base=0x727ccb0c9000
[PANIC_STACK] RSP=0x7ffe81438798  RAX=0x0  RBX=0x0  RCX=0x0  RDX=0x0
[PANIC_STACK] R8=0x0  R9=0x1c99ce7d0  R10=0x0  R11=0x202
[PANIC_STACK] instr bytes: 00 00 00 00 00
[PANIC_STACK]   [ 0] img+0x3dd7570
[PANIC_STACK]   [ 2] img+0x235a249
[PANIC_STACK]   [25] img+0x30beaa8
[PANIC_STACK]   [26] img+0x237d20a
[SKIP] Null-write at RIP=0x143dd72a0 (+0x3dd72a0), advancing 7 bytes, gs_base=0x727ccb0c9000
[PANIC_STACK] RSP=0x7ffe81438798  RAX=0x0  RBX=0x0  RCX=0x0  RDX=0x0
[PANIC_STACK] R8=0x0  R9=0x1c99ce7d0  R10=0x0  R11=0x202
[PANIC_STACK] instr bytes: 00 00 00 00 00
[PANIC_STACK]   [ 0] img+0x3dd7570
[PANIC_STACK]   [ 2] img+0x235a249
[PANIC_STACK]   [25] img+0x30beaa8
[PANIC_STACK]   [26] img+0x237d20a
[SKIP] Null-write at RIP=0x143dd72a7 (+0x3dd72a7), advancing 7 bytes, gs_base=0x727ccb0c9000
[PANIC_STACK] RSP=0x7ffe81438798  RAX=0x0  RBX=0x0  RCX=0x0  RDX=0x0
[PANIC_STACK] R8=0x0  R9=0x1c99ce7d0  R10=0x0  R11=0x202
[PANIC_STACK] instr bytes: 00 00 00 00 00
[PANIC_STACK]   [ 0] img+0x3dd7570
[PANIC_STACK]   [ 2] img+0x235a249
[PANIC_STACK]   [25] img+0x30beaa8
[PANIC_STACK]   [26] img+0x237d20a
[SKIP] Null-write at RIP=0x143dd72ae (+0x3dd72ae), advancing 7 bytes, gs_base=0x727ccb0c9000
[PANIC_STACK] RSP=0x7ffe81438798  RAX=0x0  RBX=0x0  RCX=0x0  RDX=0x0
[PANIC_STACK] R8=0x0  R9=0x1c99ce7d0  R10=0x0  R11=0x202
[PANIC_STACK] instr bytes: 00 00 00 00 00
[PANIC_STACK]   [ 0] img+0x3dd7570
[PANIC_STACK]   [ 2] img+0x235a249
[PANIC_STACK]   [25] img+0x30beaa8
[PANIC_STACK]   [26] img+0x237d20a
[SKIP] Null-write at RIP=0x143dd72b5 (+0x3dd72b5), advancing 7 bytes, gs_base=0x727ccb0c9000
[PANIC_STACK] RSP=0x7ffe81438798  RAX=0x0  RBX=0x0  RCX=0x0  RDX=0x0
[PANIC_STACK] R8=0x0  R9=0x1c99ce7d0  R10=0x0  R11=0x202
[PANIC_STACK] instr bytes: 00 00 00 00 00
[PANIC_STACK]   [ 0] img+0x3dd7570
[PANIC_STACK]   [ 2] img+0x235a249
[PANIC_STACK]   [25] img+0x30beaa8
[PANIC_STACK]   [26] img+0x237d20a
[SKIP] Null-write at RIP=0x143dd72bc (+0x3dd72bc), advancing 7 bytes, gs_base=0x727ccb0c9000
[PANIC_STACK] RSP=0x7ffe81438798  RAX=0x0  RBX=0x0  RCX=0x0  RDX=0x0
[PANIC_STACK] R8=0x0  R9=0x1c99ce7d0  R10=0x0  R11=0x202
[PANIC_STACK] instr bytes: 00 00 00 00 00
[PANIC_STACK]   [ 0] img+0x3dd7570
[PANIC_STACK]   [ 2] img+0x235a249
[PANIC_STACK]   [25] img+0x30beaa8
[PANIC_STACK]   [26] img+0x237d20a
[SKIP] Null-write at RIP=0x143dd72c3 (+0x3dd72c3), advancing 7 bytes, gs_base=0x727ccb0c9000
[PANIC_STACK] RSP=0x7ffe81438798  RAX=0x0  RBX=0x0  RCX=0x0  RDX=0x0
[PANIC_STACK] R8=0x0  R9=0x1c99ce7d0  R10=0x0  R11=0x202
[PANIC_STACK] instr bytes: 00 00 00 00 00
[PANIC_STACK]   [ 0] img+0x3dd7570
[PANIC_STACK]   [ 2] img+0x235a249
[PANIC_STACK]   [25] img+0x30beaa8
[PANIC_STACK]   [26] img+0x237d20a
[SKIP] Null-write at RIP=0x143dd72ca (+0x3dd72ca), advancing 7 bytes, gs_base=0x727ccb0c9000
[PANIC_STACK] RSP=0x7ffe81438798  RAX=0x0  RBX=0x0  RCX=0x0  RDX=0x0
[PANIC_STACK] R8=0x0  R9=0x1c99ce7d0  R10=0x0  R11=0x202
[PANIC_STACK] instr bytes: 00 00 00 00 00
[PANIC_STACK]   [ 0] img+0x3dd7570
[PANIC_STACK]   [ 2] img+0x235a249
[PANIC_STACK]   [25] img+0x30beaa8
[PANIC_STACK]   [26] img+0x237d20a
[SKIP] Null-write at RIP=0x143dd72d1 (+0x3dd72d1), advancing 7 bytes, gs_base=0x727ccb0c9000
[PANIC_STACK] RSP=0x7ffe81438798  RAX=0x0  RBX=0x0  RCX=0x0  RDX=0x0
[PANIC_STACK] R8=0x0  R9=0x1c99ce7d0  R10=0x0  R11=0x202
[PANIC_STACK] instr bytes: 00 00 00 00 00
[PANIC_STACK]   [ 0] img+0x3dd7570
[PANIC_STACK]   [ 2] img+0x235a249
[PANIC_STACK]   [25] img+0x30beaa8
[PANIC_STACK]   [26] img+0x237d20a
[SKIP] Null-write at RIP=0x143dd72d8 (+0x3dd72d8), advancing 7 bytes, gs_base=0x727ccb0c9000
[PANIC_STACK] RSP=0x7ffe81438798  RAX=0x0  RBX=0x0  RCX=0x0  RDX=0x0
[PANIC_STACK] R8=0x0  R9=0x1c99ce7d0  R10=0x0  R11=0x202
[PANIC_STACK] instr bytes: 00 00 00 00 00
[PANIC_STACK]   [ 0] img+0x3dd7570
[PANIC_STACK]   [ 2] img+0x235a249
[PANIC_STACK]   [25] img+0x30beaa8
[PANIC_STACK]   [26] img+0x237d20a
[SKIP] Null-write at RIP=0x143dd72df (+0x3dd72df), advancing 7 bytes, gs_base=0x727ccb0c9000
[PANIC_STACK] RSP=0x7ffe81438798  RAX=0x0  RBX=0x0  RCX=0x0  RDX=0x0
[PANIC_STACK] R8=0x0  R9=0x1c99ce7d0  R10=0x0  R11=0x202
[PANIC_STACK] instr bytes: 00 00 00 00 00
[PANIC_STACK]   [ 0] img+0x3dd7570
[PANIC_STACK]   [ 2] img+0x235a249
[PANIC_STACK]   [25] img+0x30beaa8
[PANIC_STACK]   [26] img+0x237d20a
[SKIP] Null-write at RIP=0x143dd72e6 (+0x3dd72e6), advancing 7 bytes, gs_base=0x727ccb0c9000
[PANIC_STACK] RSP=0x7ffe81438798  RAX=0x0  RBX=0x0  RCX=0x0  RDX=0x0
[PANIC_STACK] R8=0x0  R9=0x1c99ce7d0  R10=0x0  R11=0x202
[PANIC_STACK] instr bytes: 00 00 00 00 00
[PANIC_STACK]   [ 0] img+0x3dd7570
[PANIC_STACK]   [ 2] img+0x235a249
[PANIC_STACK]   [25] img+0x30beaa8
[PANIC_STACK]   [26] img+0x237d20a
[SKIP] Null-write at RIP=0x143dd72ed (+0x3dd72ed), advancing 7 bytes, gs_base=0x727ccb0c9000
[PANIC_STACK] RSP=0x7ffe81438798  RAX=0x0  RBX=0x0  RCX=0x0  RDX=0x0
[PANIC_STACK] R8=0x0  R9=0x1c99ce7d0  R10=0x0  R11=0x202
[PANIC_STACK] instr bytes: 00 00 00 00 00
[PANIC_STACK]   [ 0] img+0x3dd7570
[PANIC_STACK]   [ 2] img+0x235a249
[PANIC_STACK]   [25] img+0x30beaa8
[PANIC_STACK]   [26] img+0x237d20a
[SKIP] Null-write at RIP=0x143dd72f4 (+0x3dd72f4), advancing 7 bytes, gs_base=0x727ccb0c9000
[PANIC_STACK] RSP=0x7ffe81438798  RAX=0x0  RBX=0x0  RCX=0x0  RDX=0x0
[PANIC_STACK] R8=0x0  R9=0x1c99ce7d0  R10=0x0  R11=0x202
[PANIC_STACK] instr bytes: 00 00 00 00 00
[PANIC_STACK]   [ 0] img+0x3dd7570
[PANIC_STACK]   [ 2] img+0x235a249
[PANIC_STACK]   [25] img+0x30beaa8
[PANIC_STACK]   [26] img+0x237d20a
[SKIP] Null-write at RIP=0x143dd72fb (+0x3dd72fb), advancing 7 bytes, gs_base=0x727ccb0c9000
[PANIC_STACK] RSP=0x7ffe81438798  RAX=0x0  RBX=0x0  RCX=0x0  RDX=0x0
[PANIC_STACK] R8=0x0  R9=0x1c99ce7d0  R10=0x0  R11=0x202
[PANIC_STACK] instr bytes: 00 00 00 00 00
[PANIC_STACK]   [ 0] img+0x3dd7570
[PANIC_STACK]   [ 2] img+0x235a249
[PANIC_STACK]   [25] img+0x30beaa8
[PANIC_STACK]   [26] img+0x237d20a
[SKIP] Null-write at RIP=0x143dd7302 (+0x3dd7302), advancing 7 bytes, gs_base=0x727ccb0c9000
[PANIC_STACK] RSP=0x7ffe81438798  RAX=0x0  RBX=0x0  RCX=0x0  RDX=0x0
[PANIC_STACK] R8=0x0  R9=0x1c99ce7d0  R10=0x0  R11=0x202
[PANIC_STACK] instr bytes: 00 00 00 00 00
[PANIC_STACK]   [ 0] img+0x3dd7570
[PANIC_STACK]   [ 2] img+0x235a249
[PANIC_STACK]   [25] img+0x30beaa8
[PANIC_STACK]   [26] img+0x237d20a
[SKIP] Null-write at RIP=0x143dd7309 (+0x3dd7309), advancing 7 bytes, gs_base=0x727ccb0c9000
[PANIC_STACK] RSP=0x7ffe81438798  RAX=0x0  RBX=0x0  RCX=0x0  RDX=0x0
[PANIC_STACK] R8=0x0  R9=0x1c99ce7d0  R10=0x0  R11=0x202
[PANIC_STACK] instr bytes: 00 00 00 00 00
[PANIC_STACK]   [ 0] img+0x3dd7570
[PANIC_STACK]   [ 2] img+0x235a249
[PANIC_STACK]   [25] img+0x30beaa8
[PANIC_STACK]   [26] img+0x237d20a
[SKIP] Null-write at RIP=0x143dd7310 (+0x3dd7310), advancing 7 bytes, gs_base=0x727ccb0c9000
[PANIC_STACK] RSP=0x7ffe81438798  RAX=0x0  RBX=0x0  RCX=0x0  RDX=0x0
[PANIC_STACK] R8=0x0  R9=0x1c99ce7d0  R10=0x0  R11=0x202
[PANIC_STACK] instr bytes: 00 00 00 00 00
[PANIC_STACK]   [ 0] img+0x3dd7570
[PANIC_STACK]   [ 2] img+0x235a249
[PANIC_STACK]   [25] img+0x30beaa8
[PANIC_STACK]   [26] img+0x237d20a
[SKIP] Null-write at RIP=0x143dd7317 (+0x3dd7317), advancing 7 bytes, gs_base=0x727ccb0c9000
[PANIC_STACK] RSP=0x7ffe81438798  RAX=0x0  RBX=0x0  RCX=0x0  RDX=0x0
[PANIC_STACK] R8=0x0  R9=0x1c99ce7d0  R10=0x0  R11=0x202
[PANIC_STACK] instr bytes: 00 00 00 00 00
[PANIC_STACK]   [ 0] img+0x3dd7570
[PANIC_STACK]   [ 2] img+0x235a249
[PANIC_STACK]   [25] img+0x30beaa8
[PANIC_STACK]   [26] img+0x237d20a
[SKIP] Null-write at RIP=0x143dd731e (+0x3dd731e), advancing 7 bytes, gs_base=0x727ccb0c9000
[PANIC_STACK] RSP=0x7ffe81438798  RAX=0x0  RBX=0x0  RCX=0x0  RDX=0x0
[PANIC_STACK] R8=0x0  R9=0x1c99ce7d0  R10=0x0  R11=0x202
[PANIC_STACK] instr bytes: 00 00 00 00 00
[PANIC_STACK]   [ 0] img+0x3dd7570
[PANIC_STACK]   [ 2] img+0x235a249
[PANIC_STACK]   [25] img+0x30beaa8
[PANIC_STACK]   [26] img+0x237d20a
[SKIP] Null-write at RIP=0x143dd7325 (+0x3dd7325), advancing 7 bytes, gs_base=0x727ccb0c9000
[PANIC_STACK] RSP=0x7ffe81438798  RAX=0x0  RBX=0x0  RCX=0x0  RDX=0x0
[PANIC_STACK] R8=0x0  R9=0x1c99ce7d0  R10=0x0  R11=0x202
[PANIC_STACK] instr bytes: 00 00 00 00 00
[PANIC_STACK]   [ 0] img+0x3dd7570
[PANIC_STACK]   [ 2] img+0x235a249
[PANIC_STACK]   [25] img+0x30beaa8
[PANIC_STACK]   [26] img+0x237d20a
[SKIP] Null-write at RIP=0x143dd732c (+0x3dd732c), advancing 7 bytes, gs_base=0x727ccb0c9000
[PANIC_STACK] RSP=0x7ffe81438798  RAX=0x0  RBX=0x0  RCX=0x0  RDX=0x0
[PANIC_STACK] R8=0x0  R9=0x1c99ce7d0  R10=0x0  R11=0x202
[PANIC_STACK] instr bytes: 00 00 00 00 00
[PANIC_STACK]   [ 0] img+0x3dd7570
[PANIC_STACK]   [ 2] img+0x235a249
[PANIC_STACK]   [25] img+0x30beaa8
[PANIC_STACK]   [26] img+0x237d20a
[SKIP] Null-write at RIP=0x143dd7333 (+0x3dd7333), advancing 7 bytes, gs_base=0x727ccb0c9000
[PANIC_STACK] RSP=0x7ffe81438798  RAX=0x0  RBX=0x0  RCX=0x0  RDX=0x0
[PANIC_STACK] R8=0x0  R9=0x1c99ce7d0  R10=0x0  R11=0x202
[PANIC_STACK] instr bytes: 00 00 00 00 00
[PANIC_STACK]   [ 0] img+0x3dd7570
[PANIC_STACK]   [ 2] img+0x235a249
[PANIC_STACK]   [25] img+0x30beaa8
[PANIC_STACK]   [26] img+0x237d20a
[SKIP] Null-write at RIP=0x143dd733a (+0x3dd733a), advancing 7 bytes, gs_base=0x727ccb0c9000
[PANIC_STACK] RSP=0x7ffe81438798  RAX=0x0  RBX=0x0  RCX=0x0  RDX=0x0
[PANIC_STACK] R8=0x0  R9=0x1c99ce7d0  R10=0x0  R11=0x202
[PANIC_STACK] instr bytes: 00 00 00 00 00
[PANIC_STACK]   [ 0] img+0x3dd7570
[PANIC_STACK]   [ 2] img+0x235a249
[PANIC_STACK]   [25] img+0x30beaa8
[PANIC_STACK]   [26] img+0x237d20a
[SKIP] Null-write at RIP=0x143dd7341 (+0x3dd7341), advancing 7 bytes, gs_base=0x727ccb0c9000
[PANIC_STACK] RSP=0x7ffe81438798  RAX=0x0  RBX=0x0  RCX=0x0  RDX=0x0
[PANIC_STACK] R8=0x0  R9=0x1c99ce7d0  R10=0x0  R11=0x202
[PANIC_STACK] instr bytes: 00 00 00 00 00
[PANIC_STACK]   [ 0] img+0x3dd7570
[PANIC_STACK]   [ 2] img+0x235a249
[PANIC_STACK]   [25] img+0x30beaa8
[PANIC_STACK]   [26] img+0x237d20a
[SKIP] Null-write at RIP=0x143dd7348 (+0x3dd7348), advancing 7 bytes, gs_base=0x727ccb0c9000
[PANIC_STACK] RSP=0x7ffe81438798  RAX=0x0  RBX=0x0  RCX=0x0  RDX=0x0
[PANIC_STACK] R8=0x0  R9=0x1c99ce7d0  R10=0x0  R11=0x202
[PANIC_STACK] instr bytes: 00 00 00 00 00
[PANIC_STACK]   [ 0] img+0x3dd7570
[PANIC_STACK]   [ 2] img+0x235a249
[PANIC_STACK]   [25] img+0x30beaa8
[PANIC_STACK]   [26] img+0x237d20a
[SKIP] Null-write at RIP=0x143dd734f (+0x3dd734f), advancing 7 bytes, gs_base=0x727ccb0c9000
[PANIC_STACK] RSP=0x7ffe81438798  RAX=0x0  RBX=0x0  RCX=0x0  RDX=0x0
[PANIC_STACK] R8=0x0  R9=0x1c99ce7d0  R10=0x0  R11=0x202
[PANIC_STACK] instr bytes: 00 00 00 00 00
[PANIC_STACK]   [ 0] img+0x3dd7570
[PANIC_STACK]   [ 2] img+0x235a249
[PANIC_STACK]   [25] img+0x30beaa8
[PANIC_STACK]   [26] img+0x237d20a
[SKIP] Null-write at RIP=0x143dd7356 (+0x3dd7356), advancing 7 bytes, gs_base=0x727ccb0c9000
[PANIC_STACK] RSP=0x7ffe81438798  RAX=0x0  RBX=0x0  RCX=0x0  RDX=0x0
[PANIC_STACK] R8=0x0  R9=0x1c99ce7d0  R10=0x0  R11=0x202
[PANIC_STACK] instr bytes: 00 00 00 00 00
[PANIC_STACK]   [ 0] img+0x3dd7570
[PANIC_STACK]   [ 2] img+0x235a249
[PANIC_STACK]   [25] img+0x30beaa8
[PANIC_STACK]   [26] img+0x237d20a
[SKIP] Null-write at RIP=0x143dd735d (+0x3dd735d), advancing 7 bytes, gs_base=0x727ccb0c9000
[PANIC_STACK] RSP=0x7ffe81438798  RAX=0x0  RBX=0x0  RCX=0x0  RDX=0x0
[PANIC_STACK] R8=0x0  R9=0x1c99ce7d0  R10=0x0  R11=0x202
[PANIC_STACK] instr bytes: 00 00 00 00 00
[PANIC_STACK]   [ 0] img+0x3dd7570
[PANIC_STACK]   [ 2] img+0x235a249
[PANIC_STACK]   [25] img+0x30beaa8
[PANIC_STACK]   [26] img+0x237d20a
[SKIP] Null-write at RIP=0x143dd7364 (+0x3dd7364), advancing 7 bytes, gs_base=0x727ccb0c9000
[PANIC_STACK] RSP=0x7ffe81438798  RAX=0x0  RBX=0x0  RCX=0x0  RDX=0x0
[PANIC_STACK] R8=0x0  R9=0x1c99ce7d0  R10=0x0  R11=0x202
[PANIC_STACK] instr bytes: 00 00 00 00 00
[PANIC_STACK]   [ 0] img+0x3dd7570
[PANIC_STACK]   [ 2] img+0x235a249
[PANIC_STACK]   [25] img+0x30beaa8
[PANIC_STACK]   [26] img+0x237d20a
[SKIP] Null-write at RIP=0x143dd736b (+0x3dd736b), advancing 7 bytes, gs_base=0x727ccb0c9000
[PANIC_STACK] RSP=0x7ffe81438798  RAX=0x0  RBX=0x0  RCX=0x0  RDX=0x0
[PANIC_STACK] R8=0x0  R9=0x1c99ce7d0  R10=0x0  R11=0x202
[PANIC_STACK] instr bytes: 00 00 00 00 00
[PANIC_STACK]   [ 0] img+0x3dd7570
[PANIC_STACK]   [ 2] img+0x235a249
[PANIC_STACK]   [25] img+0x30beaa8
[PANIC_STACK]   [26] img+0x237d20a
[SKIP] Null-write at RIP=0x143dd7372 (+0x3dd7372), advancing 7 bytes, gs_base=0x727ccb0c9000
[PANIC_STACK] RSP=0x7ffe81438798  RAX=0x0  RBX=0x0  RCX=0x0  RDX=0x0
[PANIC_STACK] R8=0x0  R9=0x1c99ce7d0  R10=0x0  R11=0x202
[PANIC_STACK] instr bytes: 00 00 00 00 00
[PANIC_STACK]   [ 0] img+0x3dd7570
[PANIC_STACK]   [ 2] img+0x235a249
[PANIC_STACK]   [25] img+0x30beaa8
[PANIC_STACK]   [26] img+0x237d20a
[SKIP] Null-write at RIP=0x143dd7379 (+0x3dd7379), advancing 7 bytes, gs_base=0x727ccb0c9000
[PANIC_STACK] RSP=0x7ffe81438798  RAX=0x0  RBX=0x0  RCX=0x0  RDX=0x0
[PANIC_STACK] R8=0x0  R9=0x1c99ce7d0  R10=0x0  R11=0x202
[PANIC_STACK] instr bytes: 00 00 00 00 00
[PANIC_STACK]   [ 0] img+0x3dd7570
[PANIC_STACK]   [ 2] img+0x235a249
[PANIC_STACK]   [25] img+0x30beaa8
[PANIC_STACK]   [26] img+0x237d20a
[SKIP] Null-write at RIP=0x143dd7380 (+0x3dd7380), advancing 7 bytes, gs_base=0x727ccb0c9000
[PANIC_STACK] RSP=0x7ffe81438798  RAX=0x0  RBX=0x0  RCX=0x0  RDX=0x0
[PANIC_STACK] R8=0x0  R9=0x1c99ce7d0  R10=0x0  R11=0x202
[PANIC_STACK] instr bytes: 00 00 00 00 00
[PANIC_STACK]   [ 0] img+0x3dd7570
[PANIC_STACK]   [ 2] img+0x235a249
[PANIC_STACK]   [25] img+0x30beaa8
[PANIC_STACK]   [26] img+0x237d20a
[SKIP] Null-write at RIP=0x143dd7387 (+0x3dd7387), advancing 7 bytes, gs_base=0x727ccb0c9000
[PANIC_STACK] RSP=0x7ffe81438798  RAX=0x0  RBX=0x0  RCX=0x0  RDX=0x0
[PANIC_STACK] R8=0x0  R9=0x1c99ce7d0  R10=0x0  R11=0x202
[PANIC_STACK] instr bytes: 00 00 00 00 00
[PANIC_STACK]   [ 0] img+0x3dd7570
[PANIC_STACK]   [ 2] img+0x235a249
[PANIC_STACK]   [25] img+0x30beaa8
[PANIC_STACK]   [26] img+0x237d20a
[SKIP] Null-write at RIP=0x143dd738e (+0x3dd738e), advancing 7 bytes, gs_base=0x727ccb0c9000
[PANIC_STACK] RSP=0x7ffe81438798  RAX=0x0  RBX=0x0  RCX=0x0  RDX=0x0
[PANIC_STACK] R8=0x0  R9=0x1c99ce7d0  R10=0x0  R11=0x202
[PANIC_STACK] instr bytes: 00 00 00 00 00
[PANIC_STACK]   [ 0] img+0x3dd7570
[PANIC_STACK]   [ 2] img+0x235a249
[PANIC_STACK]   [25] img+0x30beaa8
[PANIC_STACK]   [26] img+0x237d20a
[SKIP] Null-write at RIP=0x143dd7395 (+0x3dd7395), advancing 7 bytes, gs_base=0x727ccb0c9000
[PANIC_STACK] RSP=0x7ffe81438798  RAX=0x0  RBX=0x0  RCX=0x0  RDX=0x0
[PANIC_STACK] R8=0x0  R9=0x1c99ce7d0  R10=0x0  R11=0x202
[PANIC_STACK] instr bytes: 00 00 00 00 00
[PANIC_STACK]   [ 0] img+0x3dd7570
[PANIC_STACK]   [ 2] img+0x235a249
[PANIC_STACK]   [25] img+0x30beaa8
[PANIC_STACK]   [26] img+0x237d20a
[SKIP] Null-write at RIP=0x143dd739c (+0x3dd739c), advancing 7 bytes, gs_base=0x727ccb0c9000
[PANIC_STACK] RSP=0x7ffe81438798  RAX=0x0  RBX=0x0  RCX=0x0  RDX=0x0
[PANIC_STACK] R8=0x0  R9=0x1c99ce7d0  R10=0x0  R11=0x202
[PANIC_STACK] instr bytes: 00 00 00 00 00
[PANIC_STACK]   [ 0] img+0x3dd7570
[PANIC_STACK]   [ 2] img+0x235a249
[PANIC_STACK]   [25] img+0x30beaa8
[PANIC_STACK]   [26] img+0x237d20a
[SKIP] Null-write at RIP=0x143dd73a3 (+0x3dd73a3), advancing 7 bytes, gs_base=0x727ccb0c9000
[PANIC_STACK] RSP=0x7ffe81438798  RAX=0x0  RBX=0x0  RCX=0x0  RDX=0x0
[PANIC_STACK] R8=0x0  R9=0x1c99ce7d0  R10=0x0  R11=0x202
[PANIC_STACK] instr bytes: 00 00 00 00 00
[PANIC_STACK]   [ 0] img+0x3dd7570
[PANIC_STACK]   [ 2] img+0x235a249
[PANIC_STACK]   [25] img+0x30beaa8
[PANIC_STACK]   [26] img+0x237d20a
[SKIP] Null-write at RIP=0x143dd73aa (+0x3dd73aa), advancing 7 bytes, gs_base=0x727ccb0c9000
[PANIC_STACK] RSP=0x7ffe81438798  RAX=0x0  RBX=0x0  RCX=0x0  RDX=0x0
[PANIC_STACK] R8=0x0  R9=0x1c99ce7d0  R10=0x0  R11=0x202
[PANIC_STACK] instr bytes: 00 00 00 00 00
[PANIC_STACK]   [ 0] img+0x3dd7570
[PANIC_STACK]   [ 2] img+0x235a249
[PANIC_STACK]   [25] img+0x30beaa8
[PANIC_STACK]   [26] img+0x237d20a
[SKIP] Null-write at RIP=0x143dd73b1 (+0x3dd73b1), advancing 7 bytes, gs_base=0x727ccb0c9000
[PANIC_STACK] RSP=0x7ffe81438798  RAX=0x0  RBX=0x0  RCX=0x0  RDX=0x0
[PANIC_STACK] R8=0x0  R9=0x1c99ce7d0  R10=0x0  R11=0x202
[PANIC_STACK] instr bytes: 00 00 00 00 00
[PANIC_STACK]   [ 0] img+0x3dd7570
[PANIC_STACK]   [ 2] img+0x235a249
[PANIC_STACK]   [25] img+0x30beaa8
[PANIC_STACK]   [26] img+0x237d20a
[SKIP] Null-write at RIP=0x143dd73b8 (+0x3dd73b8), advancing 7 bytes, gs_base=0x727ccb0c9000
[PANIC_STACK] RSP=0x7ffe81438798  RAX=0x0  RBX=0x0  RCX=0x0  RDX=0x0
[PANIC_STACK] R8=0x0  R9=0x1c99ce7d0  R10=0x0  R11=0x202
[PANIC_STACK] instr bytes: 00 00 00 00 00
[PANIC_STACK]   [ 0] img+0x3dd7570
[PANIC_STACK]   [ 2] img+0x235a249
[PANIC_STACK]   [25] img+0x30beaa8
[PANIC_STACK]   [26] img+0x237d20a
[SKIP] Null-write at RIP=0x143dd73bf (+0x3dd73bf), advancing 7 bytes, gs_base=0x727ccb0c9000
[PANIC_STACK] RSP=0x7ffe81438798  RAX=0x0  RBX=0x0  RCX=0x0  RDX=0x0
[PANIC_STACK] R8=0x0  R9=0x1c99ce7d0  R10=0x0  R11=0x202
[PANIC_STACK] instr bytes: 00 00 00 00 00
[PANIC_STACK]   [ 0] img+0x3dd7570
[PANIC_STACK]   [ 2] img+0x235a249
[PANIC_STACK]   [25] img+0x30beaa8
[PANIC_STACK]   [26] img+0x237d20a
[SKIP] Null-write at RIP=0x143dd73c6 (+0x3dd73c6), advancing 7 bytes, gs_base=0x727ccb0c9000
[PANIC_STACK] RSP=0x7ffe81438798  RAX=0x0  RBX=0x0  RCX=0x0  RDX=0x0
[PANIC_STACK] R8=0x0  R9=0x1c99ce7d0  R10=0x0  R11=0x202
[PANIC_STACK] instr bytes: 00 00 00 00 00
[PANIC_STACK]   [ 0] img+0x3dd7570
[PANIC_STACK]   [ 2] img+0x235a249
[PANIC_STACK]   [25] img+0x30beaa8
[PANIC_STACK]   [26] img+0x237d20a
[SKIP] Null-write at RIP=0x143dd73cd (+0x3dd73cd), advancing 7 bytes, gs_base=0x727ccb0c9000
[PANIC_STACK] RSP=0x7ffe81438798  RAX=0x0  RBX=0x0  RCX=0x0  RDX=0x0
[PANIC_STACK] R8=0x0  R9=0x1c99ce7d0  R10=0x0  R11=0x202
[PANIC_STACK] instr bytes: 00 00 00 00 00
[PANIC_STACK]   [ 0] img+0x3dd7570
[PANIC_STACK]   [ 2] img+0x235a249
[PANIC_STACK]   [25] img+0x30beaa8
[PANIC_STACK]   [26] img+0x237d20a
[SKIP] Null-write at RIP=0x143dd73d4 (+0x3dd73d4), advancing 7 bytes, gs_base=0x727ccb0c9000
[PANIC_STACK] RSP=0x7ffe81438798  RAX=0x0  RBX=0x0  RCX=0x0  RDX=0x0
[PANIC_STACK] R8=0x0  R9=0x1c99ce7d0  R10=0x0  R11=0x202
[PANIC_STACK] instr bytes: 00 00 00 00 00
[PANIC_STACK]   [ 0] img+0x3dd7570
[PANIC_STACK]   [ 2] img+0x235a249
[PANIC_STACK]   [25] img+0x30beaa8
[PANIC_STACK]   [26] img+0x237d20a
[SKIP] Null-write at RIP=0x143dd73db (+0x3dd73db), advancing 7 bytes, gs_base=0x727ccb0c9000
[PANIC_STACK] RSP=0x7ffe81438798  RAX=0x0  RBX=0x0  RCX=0x0  RDX=0x0
[PANIC_STACK] R8=0x0  R9=0x1c99ce7d0  R10=0x0  R11=0x202
[PANIC_STACK] instr bytes: 00 00 00 00 00
[PANIC_STACK]   [ 0] img+0x3dd7570
[PANIC_STACK]   [ 2] img+0x235a249
[PANIC_STACK]   [25] img+0x30beaa8
[PANIC_STACK]   [26] img+0x237d20a
[SKIP] Null-write at RIP=0x143dd73e2 (+0x3dd73e2), advancing 7 bytes, gs_base=0x727ccb0c9000
[PANIC_STACK] RSP=0x7ffe81438798  RAX=0x0  RBX=0x0  RCX=0x0  RDX=0x0
[PANIC_STACK] R8=0x0  R9=0x1c99ce7d0  R10=0x0  R11=0x202
[PANIC_STACK] instr bytes: 00 00 00 00 00
[PANIC_STACK]   [ 0] img+0x3dd7570
[PANIC_STACK]   [ 2] img+0x235a249
[PANIC_STACK]   [25] img+0x30beaa8
[PANIC_STACK]   [26] img+0x237d20a
[SKIP] Null-write at RIP=0x143dd73e9 (+0x3dd73e9), advancing 7 bytes, gs_base=0x727ccb0c9000
[PANIC_STACK] RSP=0x7ffe81438798  RAX=0x0  RBX=0x0  RCX=0x0  RDX=0x0
[PANIC_STACK] R8=0x0  R9=0x1c99ce7d0  R10=0x0  R11=0x202
[PANIC_STACK] instr bytes: 00 00 00 00 00
[PANIC_STACK]   [ 0] img+0x3dd7570
[PANIC_STACK]   [ 2] img+0x235a249
[PANIC_STACK]   [25] img+0x30beaa8
[PANIC_STACK]   [26] img+0x237d20a
[SKIP] Null-write at RIP=0x143dd73f0 (+0x3dd73f0), advancing 7 bytes, gs_base=0x727ccb0c9000
[PANIC_STACK] RSP=0x7ffe81438798  RAX=0x0  RBX=0x0  RCX=0x0  RDX=0x0
[PANIC_STACK] R8=0x0  R9=0x1c99ce7d0  R10=0x0  R11=0x202
[PANIC_STACK] instr bytes: 00 00 00 00 00
[PANIC_STACK]   [ 0] img+0x3dd7570
[PANIC_STACK]   [ 2] img+0x235a249
[PANIC_STACK]   [25] img+0x30beaa8
[PANIC_STACK]   [26] img+0x237d20a
[SKIP] Null-write at RIP=0x143dd73f7 (+0x3dd73f7), advancing 7 bytes, gs_base=0x727ccb0c9000
[PANIC_STACK] RSP=0x7ffe81438798  RAX=0x0  RBX=0x0  RCX=0x0  RDX=0x0
[PANIC_STACK] R8=0x0  R9=0x1c99ce7d0  R10=0x0  R11=0x202
[PANIC_STACK] instr bytes: 00 00 00 00 00
[PANIC_STACK]   [ 0] img+0x3dd7570
[PANIC_STACK]   [ 2] img+0x235a249
[PANIC_STACK]   [25] img+0x30beaa8
[PANIC_STACK]   [26] img+0x237d20a
[SKIP] Null-write at RIP=0x143dd73fe (+0x3dd73fe), advancing 7 bytes, gs_base=0x727ccb0c9000
[PANIC_STACK] RSP=0x7ffe81438798  RAX=0x0  RBX=0x0  RCX=0x0  RDX=0x0
[PANIC_STACK] R8=0x0  R9=0x1c99ce7d0  R10=0x0  R11=0x202
[PANIC_STACK] instr bytes: 00 00 00 00 00
[PANIC_STACK]   [ 0] img+0x3dd7570
[PANIC_STACK]   [ 2] img+0x235a249
[PANIC_STACK]   [25] img+0x30beaa8
[PANIC_STACK]   [26] img+0x237d20a
[SKIP] Null-write at RIP=0x143dd7405 (+0x3dd7405), advancing 7 bytes, gs_base=0x727ccb0c9000
[PANIC_STACK] RSP=0x7ffe81438798  RAX=0x0  RBX=0x0  RCX=0x0  RDX=0x0
[PANIC_STACK] R8=0x0  R9=0x1c99ce7d0  R10=0x0  R11=0x202
[PANIC_STACK] instr bytes: 00 00 00 00 00
[PANIC_STACK]   [ 0] img+0x3dd7570
[PANIC_STACK]   [ 2] img+0x235a249
[PANIC_STACK]   [25] img+0x30beaa8
[PANIC_STACK]   [26] img+0x237d20a
[SKIP] Null-write at RIP=0x143dd740c (+0x3dd740c), advancing 7 bytes, gs_base=0x727ccb0c9000
[PANIC_STACK] RSP=0x7ffe81438798  RAX=0x0  RBX=0x0  RCX=0x0  RDX=0x0
[PANIC_STACK] R8=0x0  R9=0x1c99ce7d0  R10=0x0  R11=0x202
[PANIC_STACK] instr bytes: 00 00 00 00 00
[PANIC_STACK]   [ 0] img+0x3dd7570
[PANIC_STACK]   [ 2] img+0x235a249
[PANIC_STACK]   [25] img+0x30beaa8
[PANIC_STACK]   [26] img+0x237d20a
[SKIP] Null-write at RIP=0x143dd7413 (+0x3dd7413), advancing 7 bytes, gs_base=0x727ccb0c9000
[PANIC_STACK] RSP=0x7ffe81438798  RAX=0x0  RBX=0x0  RCX=0x0  RDX=0x0
[PANIC_STACK] R8=0x0  R9=0x1c99ce7d0  R10=0x0  R11=0x202
[PANIC_STACK] instr bytes: 00 00 00 00 00
[PANIC_STACK]   [ 0] img+0x3dd7570
[PANIC_STACK]   [ 2] img+0x235a249
[PANIC_STACK]   [25] img+0x30beaa8
[PANIC_STACK]   [26] img+0x237d20a
[SKIP] Null-write at RIP=0x143dd741a (+0x3dd741a), advancing 7 bytes, gs_base=0x727ccb0c9000
[PANIC_STACK] RSP=0x7ffe81438798  RAX=0x0  RBX=0x0  RCX=0x0  RDX=0x0
[PANIC_STACK] R8=0x0  R9=0x1c99ce7d0  R10=0x0  R11=0x202
[PANIC_STACK] instr bytes: 00 00 00 00 00
[PANIC_STACK]   [ 0] img+0x3dd7570
[PANIC_STACK]   [ 2] img+0x235a249
[PANIC_STACK]   [25] img+0x30beaa8
[PANIC_STACK]   [26] img+0x237d20a
[SKIP] Null-write at RIP=0x143dd7421 (+0x3dd7421), advancing 7 bytes, gs_base=0x727ccb0c9000
[PANIC_STACK] RSP=0x7ffe81438798  RAX=0x0  RBX=0x0  RCX=0x0  RDX=0x0
[PANIC_STACK] R8=0x0  R9=0x1c99ce7d0  R10=0x0  R11=0x202
[PANIC_STACK] instr bytes: 00 00 00 00 00
[PANIC_STACK]   [ 0] img+0x3dd7570
[PANIC_STACK]   [ 2] img+0x235a249
[PANIC_STACK]   [25] img+0x30beaa8
[PANIC_STACK]   [26] img+0x237d20a
[SKIP] Null-write at RIP=0x143dd7428 (+0x3dd7428), advancing 7 bytes, gs_base=0x727ccb0c9000
[PANIC_STACK] RSP=0x7ffe81438798  RAX=0x0  RBX=0x0  RCX=0x0  RDX=0x0
[PANIC_STACK] R8=0x0  R9=0x1c99ce7d0  R10=0x0  R11=0x202
[PANIC_STACK] instr bytes: 00 00 00 00 00
[PANIC_STACK]   [ 0] img+0x3dd7570
[PANIC_STACK]   [ 2] img+0x235a249
[PANIC_STACK]   [25] img+0x30beaa8
[PANIC_STACK]   [26] img+0x237d20a
[SKIP] Null-write at RIP=0x143dd742f (+0x3dd742f), advancing 7 bytes, gs_base=0x727ccb0c9000
[PANIC_STACK] RSP=0x7ffe81438798  RAX=0x0  RBX=0x0  RCX=0x0  RDX=0x0
[PANIC_STACK] R8=0x0  R9=0x1c99ce7d0  R10=0x0  R11=0x202
[PANIC_STACK] instr bytes: 00 00 00 00 00
[PANIC_STACK]   [ 0] img+0x3dd7570
[PANIC_STACK]   [ 2] img+0x235a249
[PANIC_STACK]   [25] img+0x30beaa8
[PANIC_STACK]   [26] img+0x237d20a
[SKIP] Null-write at RIP=0x143dd7436 (+0x3dd7436), advancing 7 bytes, gs_base=0x727ccb0c9000
[PANIC_STACK] RSP=0x7ffe81438798  RAX=0x0  RBX=0x0  RCX=0x0  RDX=0x0
[PANIC_STACK] R8=0x0  R9=0x1c99ce7d0  R10=0x0  R11=0x202
[PANIC_STACK] instr bytes: 00 00 00 00 00
[PANIC_STACK]   [ 0] img+0x3dd7570
[PANIC_STACK]   [ 2] img+0x235a249
[PANIC_STACK]   [25] img+0x30beaa8
[PANIC_STACK]   [26] img+0x237d20a
[SKIP] Null-write at RIP=0x143dd743d (+0x3dd743d), advancing 7 bytes, gs_base=0x727ccb0c9000
[PANIC_STACK] RSP=0x7ffe81438798  RAX=0x0  RBX=0x0  RCX=0x0  RDX=0x0
[PANIC_STACK] R8=0x0  R9=0x1c99ce7d0  R10=0x0  R11=0x202
[PANIC_STACK] instr bytes: 00 00 00 00 00
[PANIC_STACK]   [ 0] img+0x3dd7570
[PANIC_STACK]   [ 2] img+0x235a249
[PANIC_STACK]   [25] img+0x30beaa8
[PANIC_STACK]   [26] img+0x237d20a
[SKIP] Null-write at RIP=0x143dd7444 (+0x3dd7444), advancing 7 bytes, gs_base=0x727ccb0c9000
[PANIC_STACK] RSP=0x7ffe81438798  RAX=0x0  RBX=0x0  RCX=0x0  RDX=0x0
[PANIC_STACK] R8=0x0  R9=0x1c99ce7d0  R10=0x0  R11=0x202
[PANIC_STACK] instr bytes: 00 00 00 00 00
[PANIC_STACK]   [ 0] img+0x3dd7570
[PANIC_STACK]   [ 2] img+0x235a249
[PANIC_STACK]   [25] img+0x30beaa8
[PANIC_STACK]   [26] img+0x237d20a
[SKIP] Null-write at RIP=0x143dd744b (+0x3dd744b), advancing 7 bytes, gs_base=0x727ccb0c9000
[PANIC_STACK] RSP=0x7ffe81438798  RAX=0x0  RBX=0x0  RCX=0x0  RDX=0x0
[PANIC_STACK] R8=0x0  R9=0x1c99ce7d0  R10=0x0  R11=0x202
[PANIC_STACK] instr bytes: 00 00 00 00 00
[PANIC_STACK]   [ 0] img+0x3dd7570
[PANIC_STACK]   [ 2] img+0x235a249
[PANIC_STACK]   [25] img+0x30beaa8
[PANIC_STACK]   [26] img+0x237d20a
[SKIP] Null-write at RIP=0x143dd7452 (+0x3dd7452), advancing 7 bytes, gs_base=0x727ccb0c9000
[PANIC_STACK] RSP=0x7ffe81438798  RAX=0x0  RBX=0x0  RCX=0x0  RDX=0x0
[PANIC_STACK] R8=0x0  R9=0x1c99ce7d0  R10=0x0  R11=0x202
[PANIC_STACK] instr bytes: 00 00 00 00 00
[PANIC_STACK]   [ 0] img+0x3dd7570
[PANIC_STACK]   [ 2] img+0x235a249
[PANIC_STACK]   [25] img+0x30beaa8
[PANIC_STACK]   [26] img+0x237d20a
[SKIP] Null-write at RIP=0x143dd7459 (+0x3dd7459), advancing 7 bytes, gs_base=0x727ccb0c9000
[PANIC_STACK] RSP=0x7ffe81438798  RAX=0x0  RBX=0x0  RCX=0x0  RDX=0x0
[PANIC_STACK] R8=0x0  R9=0x1c99ce7d0  R10=0x0  R11=0x202
[PANIC_STACK] instr bytes: 00 00 00 00 00
[PANIC_STACK]   [ 0] img+0x3dd7570
[PANIC_STACK]   [ 2] img+0x235a249
[PANIC_STACK]   [25] img+0x30beaa8
[PANIC_STACK]   [26] img+0x237d20a
[SKIP] Null-write at RIP=0x143dd7460 (+0x3dd7460), advancing 7 bytes, gs_base=0x727ccb0c9000
[PANIC_STACK] RSP=0x7ffe81438798  RAX=0x0  RBX=0x0  RCX=0x0  RDX=0x0
[PANIC_STACK] R8=0x0  R9=0x1c99ce7d0  R10=0x0  R11=0x202
[PANIC_STACK] instr bytes: 00 00 00 00 00
[PANIC_STACK]   [ 0] img+0x3dd7570
[PANIC_STACK]   [ 2] img+0x235a249
[PANIC_STACK]   [25] img+0x30beaa8
[PANIC_STACK]   [26] img+0x237d20a
[SKIP] Null-write at RIP=0x143dd7467 (+0x3dd7467), advancing 7 bytes, gs_base=0x727ccb0c9000
[PANIC_STACK] RSP=0x7ffe81438798  RAX=0x0  RBX=0x0  RCX=0x0  RDX=0x0
[PANIC_STACK] R8=0x0  R9=0x1c99ce7d0  R10=0x0  R11=0x202
[PANIC_STACK] instr bytes: 00 00 00 00 00
[PANIC_STACK]   [ 0] img+0x3dd7570
[PANIC_STACK]   [ 2] img+0x235a249
[PANIC_STACK]   [25] img+0x30beaa8
[PANIC_STACK]   [26] img+0x237d20a
[SKIP] Null-write at RIP=0x143dd746e (+0x3dd746e), advancing 7 bytes, gs_base=0x727ccb0c9000
[PANIC_STACK] RSP=0x7ffe81438798  RAX=0x0  RBX=0x0  RCX=0x0  RDX=0x0
[PANIC_STACK] R8=0x0  R9=0x1c99ce7d0  R10=0x0  R11=0x202
[PANIC_STACK] instr bytes: 00 00 00 00 00
[PANIC_STACK]   [ 0] img+0x3dd7570
[PANIC_STACK]   [ 2] img+0x235a249
[PANIC_STACK]   [25] img+0x30beaa8
[PANIC_STACK]   [26] img+0x237d20a
[SKIP] Null-write at RIP=0x143dd7475 (+0x3dd7475), advancing 7 bytes, gs_base=0x727ccb0c9000
[PANIC_STACK] RSP=0x7ffe81438798  RAX=0x0  RBX=0x0  RCX=0x0  RDX=0x0
[PANIC_STACK] R8=0x0  R9=0x1c99ce7d0  R10=0x0  R11=0x202
[PANIC_STACK] instr bytes: 00 00 00 00 00
[PANIC_STACK]   [ 0] img+0x3dd7570
[PANIC_STACK]   [ 2] img+0x235a249
[PANIC_STACK]   [25] img+0x30beaa8
[PANIC_STACK]   [26] img+0x237d20a
[SKIP] Null-write at RIP=0x143dd747c (+0x3dd747c), advancing 7 bytes, gs_base=0x727ccb0c9000
[PANIC_STACK] RSP=0x7ffe81438798  RAX=0x0  RBX=0x0  RCX=0x0  RDX=0x0
[PANIC_STACK] R8=0x0  R9=0x1c99ce7d0  R10=0x0  R11=0x202
[PANIC_STACK] instr bytes: 00 00 00 00 00
[PANIC_STACK]   [ 0] img+0x3dd7570
[PANIC_STACK]   [ 2] img+0x235a249
[PANIC_STACK]   [25] img+0x30beaa8
[PANIC_STACK]   [26] img+0x237d20a
[SKIP] Null-write at RIP=0x143dd7483 (+0x3dd7483), advancing 7 bytes, gs_base=0x727ccb0c9000
[PANIC_STACK] RSP=0x7ffe81438798  RAX=0x0  RBX=0x0  RCX=0x0  RDX=0x0
[PANIC_STACK] R8=0x0  R9=0x1c99ce7d0  R10=0x0  R11=0x202
[PANIC_STACK] instr bytes: 00 00 00 00 00
[PANIC_STACK]   [ 0] img+0x3dd7570
[PANIC_STACK]   [ 2] img+0x235a249
[PANIC_STACK]   [25] img+0x30beaa8
[PANIC_STACK]   [26] img+0x237d20a
[SKIP] Null-write at RIP=0x143dd748a (+0x3dd748a), advancing 7 bytes, gs_base=0x727ccb0c9000
[PANIC_STACK] RSP=0x7ffe81438798  RAX=0x0  RBX=0x0  RCX=0x0  RDX=0x0
[PANIC_STACK] R8=0x0  R9=0x1c99ce7d0  R10=0x0  R11=0x202
[PANIC_STACK] instr bytes: 00 00 00 00 00
[PANIC_STACK]   [ 0] img+0x3dd7570
[PANIC_STACK]   [ 2] img+0x235a249
[PANIC_STACK]   [25] img+0x30beaa8
[PANIC_STACK]   [26] img+0x237d20a
[SKIP] Null-write at RIP=0x143dd7491 (+0x3dd7491), advancing 7 bytes, gs_base=0x727ccb0c9000
[PANIC_STACK] RSP=0x7ffe81438798  RAX=0x0  RBX=0x0  RCX=0x0  RDX=0x0
[PANIC_STACK] R8=0x0  R9=0x1c99ce7d0  R10=0x0  R11=0x202
[PANIC_STACK] instr bytes: 00 00 00 00 00
[PANIC_STACK]   [ 0] img+0x3dd7570
[PANIC_STACK]   [ 2] img+0x235a249
[PANIC_STACK]   [25] img+0x30beaa8
[PANIC_STACK]   [26] img+0x237d20a
[SKIP] Null-write at RIP=0x143dd7498 (+0x3dd7498), advancing 7 bytes, gs_base=0x727ccb0c9000
[PANIC_STACK] RSP=0x7ffe81438798  RAX=0x0  RBX=0x0  RCX=0x0  RDX=0x0
[PANIC_STACK] R8=0x0  R9=0x1c99ce7d0  R10=0x0  R11=0x202
[PANIC_STACK] instr bytes: 00 00 00 00 00
[PANIC_STACK]   [ 0] img+0x3dd7570
[PANIC_STACK]   [ 2] img+0x235a249
[PANIC_STACK]   [25] img+0x30beaa8
[PANIC_STACK]   [26] img+0x237d20a
[SKIP] Null-write at RIP=0x143dd749f (+0x3dd749f), advancing 7 bytes, gs_base=0x727ccb0c9000
[PANIC_STACK] RSP=0x7ffe81438798  RAX=0x0  RBX=0x0  RCX=0x0  RDX=0x0
[PANIC_STACK] R8=0x0  R9=0x1c99ce7d0  R10=0x0  R11=0x202
[PANIC_STACK] instr bytes: 00 00 00 00 00
[PANIC_STACK]   [ 0] img+0x3dd7570
[PANIC_STACK]   [ 2] img+0x235a249
[PANIC_STACK]   [25] img+0x30beaa8
[PANIC_STACK]   [26] img+0x237d20a
[SKIP] Null-write at RIP=0x143dd74a6 (+0x3dd74a6), advancing 7 bytes, gs_base=0x727ccb0c9000
[PANIC_STACK] RSP=0x7ffe81438798  RAX=0x0  RBX=0x0  RCX=0x0  RDX=0x0
[PANIC_STACK] R8=0x0  R9=0x1c99ce7d0  R10=0x0  R11=0x202
[PANIC_STACK] instr bytes: 00 00 00 00 00
[PANIC_STACK]   [ 0] img+0x3dd7570
[PANIC_STACK]   [ 2] img+0x235a249
[PANIC_STACK]   [25] img+0x30beaa8
[PANIC_STACK]   [26] img+0x237d20a
[SKIP] Null-write at RIP=0x143dd74ad (+0x3dd74ad), advancing 7 bytes, gs_base=0x727ccb0c9000
[PANIC_STACK] RSP=0x7ffe81438798  RAX=0x0  RBX=0x0  RCX=0x0  RDX=0x0
[PANIC_STACK] R8=0x0  R9=0x1c99ce7d0  R10=0x0  R11=0x202
[PANIC_STACK] instr bytes: 00 00 00 00 00
[PANIC_STACK]   [ 0] img+0x3dd7570
[PANIC_STACK]   [ 2] img+0x235a249
[PANIC_STACK]   [25] img+0x30beaa8
[PANIC_STACK]   [26] img+0x237d20a
[SKIP] Null-write at RIP=0x143dd74b4 (+0x3dd74b4), advancing 7 bytes, gs_base=0x727ccb0c9000
[PANIC_STACK] RSP=0x7ffe81438798  RAX=0x0  RBX=0x0  RCX=0x0  RDX=0x0
[PANIC_STACK] R8=0x0  R9=0x1c99ce7d0  R10=0x0  R11=0x202
[PANIC_STACK] instr bytes: 00 00 00 00 00
[PANIC_STACK]   [ 0] img+0x3dd7570
[PANIC_STACK]   [ 2] img+0x235a249
[PANIC_STACK]   [25] img+0x30beaa8
[PANIC_STACK]   [26] img+0x237d20a
[SKIP] Null-write at RIP=0x143dd74bb (+0x3dd74bb), advancing 7 bytes, gs_base=0x727ccb0c9000
[PANIC_STACK] RSP=0x7ffe81438798  RAX=0x0  RBX=0x0  RCX=0x0  RDX=0x0
[PANIC_STACK] R8=0x0  R9=0x1c99ce7d0  R10=0x0  R11=0x202
[PANIC_STACK] instr bytes: 00 00 00 00 00
[PANIC_STACK]   [ 0] img+0x3dd7570
[PANIC_STACK]   [ 2] img+0x235a249
[PANIC_STACK]   [25] img+0x30beaa8
[PANIC_STACK]   [26] img+0x237d20a
[SKIP] Null-write at RIP=0x143dd74c2 (+0x3dd74c2), advancing 7 bytes, gs_base=0x727ccb0c9000
[PANIC_STACK] RSP=0x7ffe81438798  RAX=0x0  RBX=0x0  RCX=0x0  RDX=0x0
[PANIC_STACK] R8=0x0  R9=0x1c99ce7d0  R10=0x0  R11=0x202
[PANIC_STACK] instr bytes: 00 00 00 00 00
[PANIC_STACK]   [ 0] img+0x3dd7570
[PANIC_STACK]   [ 2] img+0x235a249
[PANIC_STACK]   [25] img+0x30beaa8
[PANIC_STACK]   [26] img+0x237d20a
[SKIP] Null-write at RIP=0x143dd74c9 (+0x3dd74c9), advancing 7 bytes, gs_base=0x727ccb0c9000
[PANIC_STACK] RSP=0x7ffe81438798  RAX=0x0  RBX=0x0  RCX=0x0  RDX=0x0
[PANIC_STACK] R8=0x0  R9=0x1c99ce7d0  R10=0x0  R11=0x202
[PANIC_STACK] instr bytes: 00 00 00 00 00
[PANIC_STACK]   [ 0] img+0x3dd7570
[PANIC_STACK]   [ 2] img+0x235a249
[PANIC_STACK]   [25] img+0x30beaa8
[PANIC_STACK]   [26] img+0x237d20a
[SKIP] Null-write at RIP=0x143dd74d0 (+0x3dd74d0), advancing 7 bytes, gs_base=0x727ccb0c9000
[PANIC_STACK] RSP=0x7ffe81438798  RAX=0x0  RBX=0x0  RCX=0x0  RDX=0x0
[PANIC_STACK] R8=0x0  R9=0x1c99ce7d0  R10=0x0  R11=0x202
[PANIC_STACK] instr bytes: 00 00 00 00 00
[PANIC_STACK]   [ 0] img+0x3dd7570
[PANIC_STACK]   [ 2] img+0x235a249
[PANIC_STACK]   [25] img+0x30beaa8
[PANIC_STACK]   [26] img+0x237d20a
[SKIP] Null-write at RIP=0x143dd74d7 (+0x3dd74d7), advancing 7 bytes, gs_base=0x727ccb0c9000
[PANIC_STACK] RSP=0x7ffe81438798  RAX=0x0  RBX=0x0  RCX=0x0  RDX=0x0
[PANIC_STACK] R8=0x0  R9=0x1c99ce7d0  R10=0x0  R11=0x202
[PANIC_STACK] instr bytes: 00 00 00 00 00
[PANIC_STACK]   [ 0] img+0x3dd7570
[PANIC_STACK]   [ 2] img+0x235a249
[PANIC_STACK]   [25] img+0x30beaa8
[PANIC_STACK]   [26] img+0x237d20a
[SKIP] Null-write at RIP=0x143dd74de (+0x3dd74de), advancing 7 bytes, gs_base=0x727ccb0c9000
[PANIC_STACK] RSP=0x7ffe81438798  RAX=0x0  RBX=0x0  RCX=0x0  RDX=0x0
[PANIC_STACK] R8=0x0  R9=0x1c99ce7d0  R10=0x0  R11=0x202
[PANIC_STACK] instr bytes: 00 00 00 00 00
[PANIC_STACK]   [ 0] img+0x3dd7570
[PANIC_STACK]   [ 2] img+0x235a249
[PANIC_STACK]   [25] img+0x30beaa8
[PANIC_STACK]   [26] img+0x237d20a
[SKIP] Null-write at RIP=0x143dd74e5 (+0x3dd74e5), advancing 7 bytes, gs_base=0x727ccb0c9000
[PANIC_STACK] RSP=0x7ffe81438798  RAX=0x0  RBX=0x0  RCX=0x0  RDX=0x0
[PANIC_STACK] R8=0x0  R9=0x1c99ce7d0  R10=0x0  R11=0x202
[PANIC_STACK] instr bytes: 00 00 00 00 00
[PANIC_STACK]   [ 0] img+0x3dd7570
[PANIC_STACK]   [ 2] img+0x235a249
[PANIC_STACK]   [25] img+0x30beaa8
[PANIC_STACK]   [26] img+0x237d20a
[SKIP] Null-write at RIP=0x143dd74ec (+0x3dd74ec), advancing 7 bytes, gs_base=0x727ccb0c9000
[PANIC_STACK] RSP=0x7ffe81438798  RAX=0x0  RBX=0x0  RCX=0x0  RDX=0x0
[PANIC_STACK] R8=0x0  R9=0x1c99ce7d0  R10=0x0  R11=0x202
[PANIC_STACK] instr bytes: 00 00 00 00 00
[PANIC_STACK]   [ 0] img+0x3dd7570
[PANIC_STACK]   [ 2] img+0x235a249
[PANIC_STACK]   [25] img+0x30beaa8
[PANIC_STACK]   [26] img+0x237d20a
[SKIP] Null-write at RIP=0x143dd74f3 (+0x3dd74f3), advancing 7 bytes, gs_base=0x727ccb0c9000
[PANIC_STACK] RSP=0x7ffe81438798  RAX=0x0  RBX=0x0  RCX=0x0  RDX=0x0
[PANIC_STACK] R8=0x0  R9=0x1c99ce7d0  R10=0x0  R11=0x202
[PANIC_STACK] instr bytes: 00 00 00 00 00
[PANIC_STACK]   [ 0] img+0x3dd7570
[PANIC_STACK]   [ 2] img+0x235a249
[PANIC_STACK]   [25] img+0x30beaa8
[PANIC_STACK]   [26] img+0x237d20a
[SKIP] Null-write at RIP=0x143dd74fa (+0x3dd74fa), advancing 7 bytes, gs_base=0x727ccb0c9000
[PANIC_STACK] RSP=0x7ffe81438798  RAX=0x0  RBX=0x0  RCX=0x0  RDX=0x0
[PANIC_STACK] R8=0x0  R9=0x1c99ce7d0  R10=0x0  R11=0x202
[PANIC_STACK] instr bytes: 00 00 00 00 00
[PANIC_STACK]   [ 0] img+0x3dd7570
[PANIC_STACK]   [ 2] img+0x235a249
[PANIC_STACK]   [25] img+0x30beaa8
[PANIC_STACK]   [26] img+0x237d20a
[SKIP] Null-write at RIP=0x143dd7501 (+0x3dd7501), advancing 7 bytes, gs_base=0x727ccb0c9000
[PANIC_STACK] RSP=0x7ffe81438798  RAX=0x0  RBX=0x0  RCX=0x0  RDX=0x0
[PANIC_STACK] R8=0x0  R9=0x1c99ce7d0  R10=0x0  R11=0x202
[PANIC_STACK] instr bytes: 00 00 00 00 00
[PANIC_STACK]   [ 0] img+0x3dd7570
[PANIC_STACK]   [ 2] img+0x235a249
[PANIC_STACK]   [25] img+0x30beaa8
[PANIC_STACK]   [26] img+0x237d20a
[SKIP] Null-write at RIP=0x143dd7508 (+0x3dd7508), advancing 7 bytes, gs_base=0x727ccb0c9000
[PANIC_STACK] RSP=0x7ffe81438798  RAX=0x0  RBX=0x0  RCX=0x0  RDX=0x0
[PANIC_STACK] R8=0x0  R9=0x1c99ce7d0  R10=0x0  R11=0x202
[PANIC_STACK] instr bytes: 00 00 00 00 00
[PANIC_STACK]   [ 0] img+0x3dd7570
[PANIC_STACK]   [ 2] img+0x235a249
[PANIC_STACK]   [25] img+0x30beaa8
[PANIC_STACK]   [26] img+0x237d20a
[SKIP] Null-write at RIP=0x143dd750f (+0x3dd750f), advancing 7 bytes, gs_base=0x727ccb0c9000
[PANIC_STACK] RSP=0x7ffe81438798  RAX=0x0  RBX=0x0  RCX=0x0  RDX=0x0
[PANIC_STACK] R8=0x0  R9=0x1c99ce7d0  R10=0x0  R11=0x202
[PANIC_STACK] instr bytes: 00 00 00 00 00
[PANIC_STACK]   [ 0] img+0x3dd7570
[PANIC_STACK]   [ 2] img+0x235a249
[PANIC_STACK]   [25] img+0x30beaa8
[PANIC_STACK]   [26] img+0x237d20a
[SKIP] Null-write at RIP=0x143dd7516 (+0x3dd7516), advancing 7 bytes, gs_base=0x727ccb0c9000
[PANIC_STACK] RSP=0x7ffe81438798  RAX=0x0  RBX=0x0  RCX=0x0  RDX=0x0
[PANIC_STACK] R8=0x0  R9=0x1c99ce7d0  R10=0x0  R11=0x202
[PANIC_STACK] instr bytes: 00 00 00 00 00
[PANIC_STACK]   [ 0] img+0x3dd7570
[PANIC_STACK]   [ 2] img+0x235a249
[PANIC_STACK]   [25] img+0x30beaa8
[PANIC_STACK]   [26] img+0x237d20a
[SKIP] Null-write at RIP=0x143dd751d (+0x3dd751d), advancing 7 bytes, gs_base=0x727ccb0c9000
[PANIC_STACK] RSP=0x7ffe81438798  RAX=0x0  RBX=0x0  RCX=0x0  RDX=0x0
[PANIC_STACK] R8=0x0  R9=0x1c99ce7d0  R10=0x0  R11=0x202
[PANIC_STACK] instr bytes: 00 00 00 00 00
[PANIC_STACK]   [ 0] img+0x3dd7570
[PANIC_STACK]   [ 2] img+0x235a249
[PANIC_STACK]   [25] img+0x30beaa8
[PANIC_STACK]   [26] img+0x237d20a
[SKIP] Null-write at RIP=0x143dd7524 (+0x3dd7524), advancing 7 bytes, gs_base=0x727ccb0c9000
[PANIC_STACK] RSP=0x7ffe81438798  RAX=0x0  RBX=0x0  RCX=0x0  RDX=0x0
[PANIC_STACK] R8=0x0  R9=0x1c99ce7d0  R10=0x0  R11=0x202
[PANIC_STACK] instr bytes: 00 00 00 00 00
[PANIC_STACK]   [ 0] img+0x3dd7570
[PANIC_STACK]   [ 2] img+0x235a249
[PANIC_STACK]   [25] img+0x30beaa8
[PANIC_STACK]   [26] img+0x237d20a
[SKIP] Null-write at RIP=0x143dd752b (+0x3dd752b), advancing 7 bytes, gs_base=0x727ccb0c9000
[PANIC_STACK] RSP=0x7ffe81438798  RAX=0x0  RBX=0x0  RCX=0x0  RDX=0x0
[PANIC_STACK] R8=0x0  R9=0x1c99ce7d0  R10=0x0  R11=0x202
[PANIC_STACK] instr bytes: 00 00 00 00 00
[PANIC_STACK]   [ 0] img+0x3dd7570
[PANIC_STACK]   [ 2] img+0x235a249
[PANIC_STACK]   [25] img+0x30beaa8
[PANIC_STACK]   [26] img+0x237d20a
[SKIP] Null-write at RIP=0x143dd7532 (+0x3dd7532), advancing 7 bytes, gs_base=0x727ccb0c9000
[PANIC_STACK] RSP=0x7ffe81438798  RAX=0x0  RBX=0x0  RCX=0x0  RDX=0x0
[PANIC_STACK] R8=0x0  R9=0x1c99ce7d0  R10=0x0  R11=0x202
[PANIC_STACK] instr bytes: 00 00 00 00 00
[PANIC_STACK]   [ 0] img+0x3dd7570
[PANIC_STACK]   [ 2] img+0x235a249
[PANIC_STACK]   [25] img+0x30beaa8
[PANIC_STACK]   [26] img+0x237d20a
[SKIP] Null-write at RIP=0x143dd7539 (+0x3dd7539), advancing 7 bytes, gs_base=0x727ccb0c9000
[PANIC_STACK] RSP=0x7ffe81438798  RAX=0x0  RBX=0x0  RCX=0x0  RDX=0x0
[PANIC_STACK] R8=0x0  R9=0x1c99ce7d0  R10=0x0  R11=0x202
[PANIC_STACK] instr bytes: 00 00 00 00 00
[PANIC_STACK]   [ 0] img+0x3dd7570
[PANIC_STACK]   [ 2] img+0x235a249
[PANIC_STACK]   [25] img+0x30beaa8
[PANIC_STACK]   [26] img+0x237d20a
[SKIP] Null-write at RIP=0x143dd7540 (+0x3dd7540), advancing 7 bytes, gs_base=0x727ccb0c9000
[PANIC_STACK] RSP=0x7ffe81438798  RAX=0x0  RBX=0x0  RCX=0x0  RDX=0x0
[PANIC_STACK] R8=0x0  R9=0x1c99ce7d0  R10=0x0  R11=0x202
[PANIC_STACK] instr bytes: 00 00 00 00 00
[PANIC_STACK]   [ 0] img+0x3dd7570
[PANIC_STACK]   [ 2] img+0x235a249
[PANIC_STACK]   [25] img+0x30beaa8
[PANIC_STACK]   [26] img+0x237d20a
[SKIP] Null-write at RIP=0x143dd7547 (+0x3dd7547), advancing 7 bytes, gs_base=0x727ccb0c9000
[PANIC_STACK] RSP=0x7ffe81438798  RAX=0x0  RBX=0x0  RCX=0x0  RDX=0x0
[PANIC_STACK] R8=0x0  R9=0x1c99ce7d0  R10=0x0  R11=0x202
[PANIC_STACK] instr bytes: 00 00 00 00 00
[PANIC_STACK]   [ 0] img+0x3dd7570
[PANIC_STACK]   [ 2] img+0x235a249
[PANIC_STACK]   [25] img+0x30beaa8
[PANIC_STACK]   [26] img+0x237d20a
[SKIP] Null-write at RIP=0x143dd754e (+0x3dd754e), advancing 7 bytes, gs_base=0x727ccb0c9000
[PANIC_STACK] RSP=0x7ffe81438798  RAX=0x0  RBX=0x0  RCX=0x0  RDX=0x0
[PANIC_STACK] R8=0x0  R9=0x1c99ce7d0  R10=0x0  R11=0x202
[PANIC_STACK] instr bytes: 00 00 00 00 00
[PANIC_STACK]   [ 0] img+0x3dd7570
[PANIC_STACK]   [ 2] img+0x235a249
[PANIC_STACK]   [25] img+0x30beaa8
[PANIC_STACK]   [26] img+0x237d20a
[SKIP] Null-write at RIP=0x143dd7555 (+0x3dd7555), advancing 7 bytes, gs_base=0x727ccb0c9000
[PANIC_STACK] RSP=0x7ffe81438798  RAX=0x0  RBX=0x0  RCX=0x0  RDX=0x0
[PANIC_STACK] R8=0x0  R9=0x1c99ce7d0  R10=0x0  R11=0x202
[PANIC_STACK] instr bytes: 00 00 00 00 00
[PANIC_STACK]   [ 0] img+0x3dd7570
[PANIC_STACK]   [ 2] img+0x235a249
[PANIC_STACK]   [25] img+0x30beaa8
[PANIC_STACK]   [26] img+0x237d20a
[SKIP] Null-write at RIP=0x143dd755c (+0x3dd755c), advancing 7 bytes, gs_base=0x727ccb0c9000
[PANIC_STACK] RSP=0x7ffe81438798  RAX=0x0  RBX=0x0  RCX=0x0  RDX=0x0
[PANIC_STACK] R8=0x0  R9=0x1c99ce7d0  R10=0x0  R11=0x202
[PANIC_STACK] instr bytes: 00 00 00 00 00
[PANIC_STACK]   [ 0] img+0x3dd7570
[PANIC_STACK]   [ 2] img+0x235a249
[PANIC_STACK]   [25] img+0x30beaa8
[PANIC_STACK]   [26] img+0x237d20a
[SKIP] Null-write at RIP=0x143dd7563 (+0x3dd7563), advancing 7 bytes, gs_base=0x727ccb0c9000
[PANIC_STACK] RSP=0x7ffe81438798  RAX=0x0  RBX=0x0  RCX=0x0  RDX=0x0
[PANIC_STACK] R8=0x0  R9=0x1c99ce7d0  R10=0x0  R11=0x202
[PANIC_STACK] instr bytes: 00 00 00 00 00
[PANIC_STACK]   [ 0] img+0x3dd7570
[PANIC_STACK]   [ 2] img+0x235a249
[PANIC_STACK]   [25] img+0x30beaa8
[PANIC_STACK]   [26] img+0x237d20a
[SKIP] Null-write at RIP=0x143dd756a (+0x3dd756a), advancing 7 bytes, gs_base=0x727ccb0c9000
[PANIC_STACK] RSP=0x7ffe81438798  RAX=0x0  RBX=0x0  RCX=0x0  RDX=0x0
[PANIC_STACK] R8=0x0  R9=0x1c99ce7d0  R10=0x0  R11=0x202
[PANIC_STACK] instr bytes: 00 00 00 00 00
[PANIC_STACK]   [ 0] img+0x3dd7570
[PANIC_STACK]   [ 2] img+0x235a249
[PANIC_STACK]   [25] img+0x30beaa8
[PANIC_STACK]   [26] img+0x237d20a
[SKIP] Null-write at RIP=0x143dd7574 (+0x3dd7574), advancing 7 bytes, gs_base=0x727ccb0c9000
[PANIC_STACK] RSP=0x7ffe81438798  RAX=0x0  RBX=0x0  RCX=0x0  RDX=0x0
[PANIC_STACK] R8=0x0  R9=0x1c99ce7d0  R10=0x0  R11=0x202
[PANIC_STACK] instr bytes: 00 00 00 00 00
[PANIC_STACK]   [ 0] img+0x3dd7570
[PANIC_STACK]   [ 2] img+0x235a249
[PANIC_STACK]   [25] img+0x30beaa8
[PANIC_STACK]   [26] img+0x237d20a
[SKIP] Null-write at RIP=0x143dd757b (+0x3dd757b), advancing 7 bytes, gs_base=0x727ccb0c9000
[PANIC_STACK] RSP=0x7ffe81438798  RAX=0x0  RBX=0x0  RCX=0x0  RDX=0x0
[PANIC_STACK] R8=0x0  R9=0x1c99ce7d0  R10=0x0  R11=0x202
[PANIC_STACK] instr bytes: 00 00 00 00 00
[PANIC_STACK]   [ 0] img+0x3dd7570
[PANIC_STACK]   [ 2] img+0x235a249
[PANIC_STACK]   [25] img+0x30beaa8
[PANIC_STACK]   [26] img+0x237d20a
[SKIP] Null-write at RIP=0x143dd7582 (+0x3dd7582), advancing 7 bytes, gs_base=0x727ccb0c9000
[PANIC_STACK] RSP=0x7ffe81438798  RAX=0x0  RBX=0x0  RCX=0x0  RDX=0x0
[PANIC_STACK] R8=0x0  R9=0x1c99ce7d0  R10=0x0  R11=0x202
[PANIC_STACK] instr bytes: 00 00 00 00 00
[PANIC_STACK]   [ 0] img+0x3dd7570
[PANIC_STACK]   [ 2] img+0x235a249
[PANIC_STACK]   [25] img+0x30beaa8
[PANIC_STACK]   [26] img+0x237d20a
[SKIP] Null-write at RIP=0x143dd7589 (+0x3dd7589), advancing 7 bytes, gs_base=0x727ccb0c9000
[PANIC_STACK] RSP=0x7ffe81438798  RAX=0x0  RBX=0x0  RCX=0x0  RDX=0x0
[PANIC_STACK] R8=0x0  R9=0x1c99ce7d0  R10=0x0  R11=0x202
[PANIC_STACK] instr bytes: 00 00 00 00 00
[PANIC_STACK]   [ 0] img+0x3dd7570
[PANIC_STACK]   [ 2] img+0x235a249
[PANIC_STACK]   [25] img+0x30beaa8
[PANIC_STACK]   [26] img+0x237d20a
[SKIP] Null-write at RIP=0x143dd7590 (+0x3dd7590), advancing 7 bytes, gs_base=0x727ccb0c9000
[PANIC_STACK] RSP=0x7ffe81438798  RAX=0x0  RBX=0x0  RCX=0x0  RDX=0x0
[PANIC_STACK] R8=0x0  R9=0x1c99ce7d0  R10=0x0  R11=0x202
[PANIC_STACK] instr bytes: 00 00 00 00 00
[PANIC_STACK]   [ 0] img+0x3dd7570
[PANIC_STACK]   [ 2] img+0x235a249
[PANIC_STACK]   [25] img+0x30beaa8
[PANIC_STACK]   [26] img+0x237d20a
[SKIP] Null-write at RIP=0x143dd7597 (+0x3dd7597), advancing 7 bytes, gs_base=0x727ccb0c9000
[PANIC_STACK] RSP=0x7ffe81438798  RAX=0x0  RBX=0x0  RCX=0x0  RDX=0x0
[PANIC_STACK] R8=0x0  R9=0x1c99ce7d0  R10=0x0  R11=0x202
[PANIC_STACK] instr bytes: 00 00 00 00 00
[PANIC_STACK]   [ 0] img+0x3dd7570
[PANIC_STACK]   [ 2] img+0x235a249
[PANIC_STACK]   [25] img+0x30beaa8
[PANIC_STACK]   [26] img+0x237d20a
[SKIP] Null-write at RIP=0x143dd759e (+0x3dd759e), advancing 7 bytes, gs_base=0x727ccb0c9000
[PANIC_STACK] RSP=0x7ffe81438798  RAX=0x0  RBX=0x0  RCX=0x0  RDX=0x0
[PANIC_STACK] R8=0x0  R9=0x1c99ce7d0  R10=0x0  R11=0x202
[PANIC_STACK] instr bytes: 00 00 00 00 00
[PANIC_STACK]   [ 0] img+0x3dd7570
[PANIC_STACK]   [ 2] img+0x235a249
[PANIC_STACK]   [25] img+0x30beaa8
[PANIC_STACK]   [26] img+0x237d20a
[SKIP] Null-write at RIP=0x143dd75a5 (+0x3dd75a5), advancing 7 bytes, gs_base=0x727ccb0c9000
[PANIC_STACK] RSP=0x7ffe81438798  RAX=0x0  RBX=0x0  RCX=0x0  RDX=0x0
[PANIC_STACK] R8=0x0  R9=0x1c99ce7d0  R10=0x0  R11=0x202
[PANIC_STACK] instr bytes: 00 00 00 00 00
[PANIC_STACK]   [ 0] img+0x3dd7570
[PANIC_STACK]   [ 2] img+0x235a249
[PANIC_STACK]   [25] img+0x30beaa8
[PANIC_STACK]   [26] img+0x237d20a
[SKIP] Null-write at RIP=0x143dd75ac (+0x3dd75ac), advancing 7 bytes, gs_base=0x727ccb0c9000
[PANIC_STACK] RSP=0x7ffe81438798  RAX=0x0  RBX=0x0  RCX=0x0  RDX=0x0
[PANIC_STACK] R8=0x0  R9=0x1c99ce7d0  R10=0x0  R11=0x202
[PANIC_STACK] instr bytes: 00 00 00 00 00
[PANIC_STACK]   [ 0] img+0x3dd7570
[PANIC_STACK]   [ 2] img+0x235a249
[PANIC_STACK]   [25] img+0x30beaa8
[PANIC_STACK]   [26] img+0x237d20a
[SKIP] Null-write at RIP=0x143dd75b3 (+0x3dd75b3), advancing 7 bytes, gs_base=0x727ccb0c9000
[PANIC_STACK] RSP=0x7ffe81438798  RAX=0x0  RBX=0x0  RCX=0x0  RDX=0x0
[PANIC_STACK] R8=0x0  R9=0x1c99ce7d0  R10=0x0  R11=0x202
[PANIC_STACK] instr bytes: 00 00 00 00 00
[PANIC_STACK]   [ 0] img+0x3dd7570
[PANIC_STACK]   [ 2] img+0x235a249
[PANIC_STACK]   [25] img+0x30beaa8
[PANIC_STACK]   [26] img+0x237d20a
[SKIP] Null-write at RIP=0x143dd75ba (+0x3dd75ba), advancing 7 bytes, gs_base=0x727ccb0c9000
[PANIC_STACK] RSP=0x7ffe81438798  RAX=0x0  RBX=0x0  RCX=0x0  RDX=0x0
[PANIC_STACK] R8=0x0  R9=0x1c99ce7d0  R10=0x0  R11=0x202
[PANIC_STACK] instr bytes: 00 00 00 00 00
[PANIC_STACK]   [ 0] img+0x3dd7570
[PANIC_STACK]   [ 2] img+0x235a249
[PANIC_STACK]   [25] img+0x30beaa8
[PANIC_STACK]   [26] img+0x237d20a
[SKIP] Null-write at RIP=0x143dd75c1 (+0x3dd75c1), advancing 7 bytes, gs_base=0x727ccb0c9000
[PANIC_STACK] RSP=0x7ffe81438798  RAX=0x0  RBX=0x0  RCX=0x0  RDX=0x0
[PANIC_STACK] R8=0x0  R9=0x1c99ce7d0  R10=0x0  R11=0x202
[PANIC_STACK] instr bytes: 00 00 00 00 00
[PANIC_STACK]   [ 0] img+0x3dd7570
[PANIC_STACK]   [ 2] img+0x235a249
[PANIC_STACK]   [25] img+0x30beaa8
[PANIC_STACK]   [26] img+0x237d20a
[SKIP] Null-write at RIP=0x143dd75c8 (+0x3dd75c8), advancing 7 bytes, gs_base=0x727ccb0c9000
[PANIC_STACK] RSP=0x7ffe81438798  RAX=0x0  RBX=0x0  RCX=0x0  RDX=0x0
[PANIC_STACK] R8=0x0  R9=0x1c99ce7d0  R10=0x0  R11=0x202
[PANIC_STACK] instr bytes: 00 00 00 00 00
[PANIC_STACK]   [ 0] img+0x3dd7570
[PANIC_STACK]   [ 2] img+0x235a249
[PANIC_STACK]   [25] img+0x30beaa8
[PANIC_STACK]   [26] img+0x237d20a
[SKIP] Null-write at RIP=0x143dd75cf (+0x3dd75cf), advancing 7 bytes, gs_base=0x727ccb0c9000
[PANIC_STACK] RSP=0x7ffe81438798  RAX=0x0  RBX=0x0  RCX=0x0  RDX=0x0
[PANIC_STACK] R8=0x0  R9=0x1c99ce7d0  R10=0x0  R11=0x202
[PANIC_STACK] instr bytes: 00 00 00 00 00
[PANIC_STACK]   [ 0] img+0x3dd7570
[PANIC_STACK]   [ 2] img+0x235a249
[PANIC_STACK]   [25] img+0x30beaa8
[PANIC_STACK]   [26] img+0x237d20a
[SKIP] Null-write at RIP=0x143dd75d6 (+0x3dd75d6), advancing 7 bytes, gs_base=0x727ccb0c9000
[PANIC_STACK] RSP=0x7ffe81438798  RAX=0x0  RBX=0x0  RCX=0x0  RDX=0x0
[PANIC_STACK] R8=0x0  R9=0x1c99ce7d0  R10=0x0  R11=0x202
[PANIC_STACK] instr bytes: 00 00 00 00 00
[PANIC_STACK]   [ 0] img+0x3dd7570
[PANIC_STACK]   [ 2] img+0x235a249
[PANIC_STACK]   [25] img+0x30beaa8
[PANIC_STACK]   [26] img+0x237d20a
[SKIP] Null-write at RIP=0x143dd75dd (+0x3dd75dd), advancing 7 bytes, gs_base=0x727ccb0c9000
[PANIC_STACK] RSP=0x7ffe81438798  RAX=0x0  RBX=0x0  RCX=0x0  RDX=0x0
[PANIC_STACK] R8=0x0  R9=0x1c99ce7d0  R10=0x0  R11=0x202
[PANIC_STACK] instr bytes: 00 00 00 00 00
[PANIC_STACK]   [ 0] img+0x3dd7570
[PANIC_STACK]   [ 2] img+0x235a249
[PANIC_STACK]   [25] img+0x30beaa8
[PANIC_STACK]   [26] img+0x237d20a
[SKIP] Null-write at RIP=0x143dd75e4 (+0x3dd75e4), advancing 7 bytes, gs_base=0x727ccb0c9000
[PANIC_STACK] RSP=0x7ffe81438798  RAX=0x0  RBX=0x0  RCX=0x0  RDX=0x0
[PANIC_STACK] R8=0x0  R9=0x1c99ce7d0  R10=0x0  R11=0x202
[PANIC_STACK] instr bytes: 00 00 00 00 00
[PANIC_STACK]   [ 0] img+0x3dd7570
[PANIC_STACK]   [ 2] img+0x235a249
[PANIC_STACK]   [25] img+0x30beaa8
[PANIC_STACK]   [26] img+0x237d20a
[SKIP] Null-write at RIP=0x143dd75eb (+0x3dd75eb), advancing 7 bytes, gs_base=0x727ccb0c9000
[PANIC_STACK] RSP=0x7ffe81438798  RAX=0x0  RBX=0x0  RCX=0x0  RDX=0x0
[PANIC_STACK] R8=0x0  R9=0x1c99ce7d0  R10=0x0  R11=0x202
[PANIC_STACK] instr bytes: 00 00 00 00 00
[PANIC_STACK]   [ 0] img+0x3dd7570
[PANIC_STACK]   [ 2] img+0x235a249
[PANIC_STACK]   [25] img+0x30beaa8
[PANIC_STACK]   [26] img+0x237d20a
[SKIP] Null-write at RIP=0x143dd75f2 (+0x3dd75f2), advancing 7 bytes, gs_base=0x727ccb0c9000
[PANIC_STACK] RSP=0x7ffe81438798  RAX=0x0  RBX=0x0  RCX=0x0  RDX=0x0
[PANIC_STACK] R8=0x0  R9=0x1c99ce7d0  R10=0x0  R11=0x202
[PANIC_STACK] instr bytes: 00 00 00 00 00
[PANIC_STACK]   [ 0] img+0x3dd7570
[PANIC_STACK]   [ 2] img+0x235a249
[PANIC_STACK]   [25] img+0x30beaa8
[PANIC_STACK]   [26] img+0x237d20a
[SKIP] Null-write at RIP=0x143dd75f9 (+0x3dd75f9), advancing 7 bytes, gs_base=0x727ccb0c9000
[PANIC_STACK] RSP=0x7ffe81438798  RAX=0x0  RBX=0x0  RCX=0x0  RDX=0x0
[PANIC_STACK] R8=0x0  R9=0x1c99ce7d0  R10=0x0  R11=0x202
[PANIC_STACK] instr bytes: 00 00 00 00 00
[PANIC_STACK]   [ 0] img+0x3dd7570
[PANIC_STACK]   [ 2] img+0x235a249
[PANIC_STACK]   [25] img+0x30beaa8
[PANIC_STACK]   [26] img+0x237d20a
[SKIP] Null-write at RIP=0x143dd7600 (+0x3dd7600), advancing 7 bytes, gs_base=0x727ccb0c9000
[PANIC_STACK] RSP=0x7ffe81438798  RAX=0x0  RBX=0x0  RCX=0x0  RDX=0x0
[PANIC_STACK] R8=0x0  R9=0x1c99ce7d0  R10=0x0  R11=0x202
[PANIC_STACK] instr bytes: 00 00 00 00 00
[PANIC_STACK]   [ 0] img+0x3dd7570
[PANIC_STACK]   [ 2] img+0x235a249
[PANIC_STACK]   [25] img+0x30beaa8
[PANIC_STACK]   [26] img+0x237d20a
[SKIP] Null-write at RIP=0x143dd7607 (+0x3dd7607), advancing 7 bytes, gs_base=0x727ccb0c9000
[PANIC_STACK] RSP=0x7ffe81438798  RAX=0x0  RBX=0x0  RCX=0x0  RDX=0x0
[PANIC_STACK] R8=0x0  R9=0x1c99ce7d0  R10=0x0  R11=0x202
[PANIC_STACK] instr bytes: 00 00 00 00 00
[PANIC_STACK]   [ 0] img+0x3dd7570
[PANIC_STACK]   [ 2] img+0x235a249
[PANIC_STACK]   [25] img+0x30beaa8
[PANIC_STACK]   [26] img+0x237d20a
[SKIP] Null-write at RIP=0x143dd760e (+0x3dd760e), advancing 7 bytes, gs_base=0x727ccb0c9000
[PANIC_STACK] RSP=0x7ffe81438798  RAX=0x0  RBX=0x0  RCX=0x0  RDX=0x0
[PANIC_STACK] R8=0x0  R9=0x1c99ce7d0  R10=0x0  R11=0x202
[PANIC_STACK] instr bytes: 00 00 00 00 00
[PANIC_STACK]   [ 0] img+0x3dd7570
[PANIC_STACK]   [ 2] img+0x235a249
[PANIC_STACK]   [25] img+0x30beaa8
[PANIC_STACK]   [26] img+0x237d20a
[SKIP] Null-write at RIP=0x143dd7615 (+0x3dd7615), advancing 7 bytes, gs_base=0x727ccb0c9000
[PANIC_STACK] RSP=0x7ffe81438798  RAX=0x0  RBX=0x0  RCX=0x0  RDX=0x0
[PANIC_STACK] R8=0x0  R9=0x1c99ce7d0  R10=0x0  R11=0x202
[PANIC_STACK] instr bytes: 00 00 00 00 00
[PANIC_STACK]   [ 0] img+0x3dd7570
[PANIC_STACK]   [ 2] img+0x235a249
[PANIC_STACK]   [25] img+0x30beaa8
[PANIC_STACK]   [26] img+0x237d20a
[SKIP] Null-write at RIP=0x143dd761c (+0x3dd761c), advancing 7 bytes, gs_base=0x727ccb0c9000
[PANIC_STACK] RSP=0x7ffe81438798  RAX=0x0  RBX=0x0  RCX=0x0  RDX=0x0
[PANIC_STACK] R8=0x0  R9=0x1c99ce7d0  R10=0x0  R11=0x202
[PANIC_STACK] instr bytes: 00 00 00 00 00
[PANIC_STACK]   [ 0] img+0x3dd7570
[PANIC_STACK]   [ 2] img+0x235a249
[PANIC_STACK]   [25] img+0x30beaa8
[PANIC_STACK]   [26] img+0x237d20a
[SKIP] Null-write at RIP=0x143dd7623 (+0x3dd7623), advancing 7 bytes, gs_base=0x727ccb0c9000
[PANIC_STACK] RSP=0x7ffe81438798  RAX=0x0  RBX=0x0  RCX=0x0  RDX=0x0
[PANIC_STACK] R8=0x0  R9=0x1c99ce7d0  R10=0x0  R11=0x202
[PANIC_STACK] instr bytes: 00 00 00 00 00
[PANIC_STACK]   [ 0] img+0x3dd7570
[PANIC_STACK]   [ 2] img+0x235a249
[PANIC_STACK]   [25] img+0x30beaa8
[PANIC_STACK]   [26] img+0x237d20a
[SKIP] Null-write at RIP=0x143dd762a (+0x3dd762a), advancing 7 bytes, gs_base=0x727ccb0c9000
[PANIC_STACK] RSP=0x7ffe81438798  RAX=0x0  RBX=0x0  RCX=0x0  RDX=0x0
[PANIC_STACK] R8=0x0  R9=0x1c99ce7d0  R10=0x0  R11=0x202
[PANIC_STACK] instr bytes: 00 00 00 00 00
[PANIC_STACK]   [ 0] img+0x3dd7570
[PANIC_STACK]   [ 2] img+0x235a249
[PANIC_STACK]   [25] img+0x30beaa8
[PANIC_STACK]   [26] img+0x237d20a
[SKIP] Null-write at RIP=0x143dd7631 (+0x3dd7631), advancing 7 bytes, gs_base=0x727ccb0c9000
[PANIC_STACK] RSP=0x7ffe81438798  RAX=0x0  RBX=0x0  RCX=0x0  RDX=0x0
[PANIC_STACK] R8=0x0  R9=0x1c99ce7d0  R10=0x0  R11=0x202
[PANIC_STACK] instr bytes: 00 00 00 00 00
[PANIC_STACK]   [ 0] img+0x3dd7570
[PANIC_STACK]   [ 2] img+0x235a249
[PANIC_STACK]   [25] img+0x30beaa8
[PANIC_STACK]   [26] img+0x237d20a
[SKIP] Null-write at RIP=0x143dd7638 (+0x3dd7638), advancing 7 bytes, gs_base=0x727ccb0c9000
[PANIC_STACK] RSP=0x7ffe81438798  RAX=0x0  RBX=0x0  RCX=0x0  RDX=0x0
[PANIC_STACK] R8=0x0  R9=0x1c99ce7d0  R10=0x0  R11=0x202
[PANIC_STACK] instr bytes: 00 00 00 00 00
[PANIC_STACK]   [ 0] img+0x3dd7570
[PANIC_STACK]   [ 2] img+0x235a249
[PANIC_STACK]   [25] img+0x30beaa8
[PANIC_STACK]   [26] img+0x237d20a
[SKIP] Null-write at RIP=0x143dd763f (+0x3dd763f), advancing 7 bytes, gs_base=0x727ccb0c9000
[PANIC_STACK] RSP=0x7ffe81438798  RAX=0x0  RBX=0x0  RCX=0x0  RDX=0x0
[PANIC_STACK] R8=0x0  R9=0x1c99ce7d0  R10=0x0  R11=0x202
[PANIC_STACK] instr bytes: 00 00 00 00 00
[PANIC_STACK]   [ 0] img+0x3dd7570
[PANIC_STACK]   [ 2] img+0x235a249
[PANIC_STACK]   [25] img+0x30beaa8
[PANIC_STACK]   [26] img+0x237d20a
[SKIP] Null-write at RIP=0x143dd7646 (+0x3dd7646), advancing 7 bytes, gs_base=0x727ccb0c9000
[PANIC_STACK] RSP=0x7ffe81438798  RAX=0x0  RBX=0x0  RCX=0x0  RDX=0x0
[PANIC_STACK] R8=0x0  R9=0x1c99ce7d0  R10=0x0  R11=0x202
[PANIC_STACK] instr bytes: 00 00 00 00 00
[PANIC_STACK]   [ 0] img+0x3dd7570
[PANIC_STACK]   [ 2] img+0x235a249
[PANIC_STACK]   [25] img+0x30beaa8
[PANIC_STACK]   [26] img+0x237d20a
[SKIP] Null-write at RIP=0x143dd764d (+0x3dd764d), advancing 7 bytes, gs_base=0x727ccb0c9000
[PANIC_STACK] RSP=0x7ffe81438798  RAX=0x0  RBX=0x0  RCX=0x0  RDX=0x0
[PANIC_STACK] R8=0x0  R9=0x1c99ce7d0  R10=0x0  R11=0x202
[PANIC_STACK] instr bytes: 00 00 00 00 00
[PANIC_STACK]   [ 0] img+0x3dd7570
[PANIC_STACK]   [ 2] img+0x235a249
[PANIC_STACK]   [25] img+0x30beaa8
[PANIC_STACK]   [26] img+0x237d20a
[SKIP] Null-write at RIP=0x143dd7654 (+0x3dd7654), advancing 7 bytes, gs_base=0x727ccb0c9000
[PANIC_STACK] RSP=0x7ffe81438798  RAX=0x0  RBX=0x0  RCX=0x0  RDX=0x0
[PANIC_STACK] R8=0x0  R9=0x1c99ce7d0  R10=0x0  R11=0x202
[PANIC_STACK] instr bytes: 00 00 00 00 00
[PANIC_STACK]   [ 0] img+0x3dd7570
[PANIC_STACK]   [ 2] img+0x235a249
[PANIC_STACK]   [25] img+0x30beaa8
[PANIC_STACK]   [26] img+0x237d20a
[SKIP] Null-write at RIP=0x143dd765b (+0x3dd765b), advancing 7 bytes, gs_base=0x727ccb0c9000
[PANIC_STACK] RSP=0x7ffe81438798  RAX=0x0  RBX=0x0  RCX=0x0  RDX=0x0
[PANIC_STACK] R8=0x0  R9=0x1c99ce7d0  R10=0x0  R11=0x202
[PANIC_STACK] instr bytes: 00 00 00 00 00
[PANIC_STACK]   [ 0] img+0x3dd7570
[PANIC_STACK]   [ 2] img+0x235a249
[PANIC_STACK]   [25] img+0x30beaa8
[PANIC_STACK]   [26] img+0x237d20a
[SKIP] Null-write at RIP=0x143dd7662 (+0x3dd7662), advancing 7 bytes, gs_base=0x727ccb0c9000
[PANIC_STACK] RSP=0x7ffe81438798  RAX=0x0  RBX=0x0  RCX=0x0  RDX=0x0
[PANIC_STACK] R8=0x0  R9=0x1c99ce7d0  R10=0x0  R11=0x202
[PANIC_STACK] instr bytes: 00 00 00 00 00
[PANIC_STACK]   [ 0] img+0x3dd7570
[PANIC_STACK]   [ 2] img+0x235a249
[PANIC_STACK]   [25] img+0x30beaa8
[PANIC_STACK]   [26] img+0x237d20a
[SKIP] Null-write at RIP=0x143dd7669 (+0x3dd7669), advancing 7 bytes, gs_base=0x727ccb0c9000
[PANIC_STACK] RSP=0x7ffe81438798  RAX=0x0  RBX=0x0  RCX=0x0  RDX=0x0
[PANIC_STACK] R8=0x0  R9=0x1c99ce7d0  R10=0x0  R11=0x202
[PANIC_STACK] instr bytes: 00 00 00 00 00
[PANIC_STACK]   [ 0] img+0x3dd7570
[PANIC_STACK]   [ 2] img+0x235a249
[PANIC_STACK]   [25] img+0x30beaa8
[PANIC_STACK]   [26] img+0x237d20a
[SKIP] Null-write at RIP=0x143dd7670 (+0x3dd7670), advancing 7 bytes, gs_base=0x727ccb0c9000
[PANIC_STACK] RSP=0x7ffe81438798  RAX=0x0  RBX=0x0  RCX=0x0  RDX=0x0
[PANIC_STACK] R8=0x0  R9=0x1c99ce7d0  R10=0x0  R11=0x202
[PANIC_STACK] instr bytes: 00 00 00 00 00
[PANIC_STACK]   [ 0] img+0x3dd7570
[PANIC_STACK]   [ 2] img+0x235a249
[PANIC_STACK]   [25] img+0x30beaa8
[PANIC_STACK]   [26] img+0x237d20a
[SKIP] Null-write at RIP=0x143dd7677 (+0x3dd7677), advancing 7 bytes, gs_base=0x727ccb0c9000
[PANIC_STACK] RSP=0x7ffe81438798  RAX=0x0  RBX=0x0  RCX=0x0  RDX=0x0
[PANIC_STACK] R8=0x0  R9=0x1c99ce7d0  R10=0x0  R11=0x202
[PANIC_STACK] instr bytes: 00 00 00 00 00
[PANIC_STACK]   [ 0] img+0x3dd7570
[PANIC_STACK]   [ 2] img+0x235a249
[PANIC_STACK]   [25] img+0x30beaa8
[PANIC_STACK]   [26] img+0x237d20a
[SKIP] Null-write at RIP=0x143dd767e (+0x3dd767e), advancing 7 bytes, gs_base=0x727ccb0c9000
[PANIC_STACK] RSP=0x7ffe81438798  RAX=0x0  RBX=0x0  RCX=0x0  RDX=0x0
[PANIC_STACK] R8=0x0  R9=0x1c99ce7d0  R10=0x0  R11=0x202
[PANIC_STACK] instr bytes: 00 00 00 00 00
[PANIC_STACK]   [ 0] img+0x3dd7570
[PANIC_STACK]   [ 2] img+0x235a249
[PANIC_STACK]   [25] img+0x30beaa8
[PANIC_STACK]   [26] img+0x237d20a
[SKIP] Null-write at RIP=0x143dd7685 (+0x3dd7685), advancing 7 bytes, gs_base=0x727ccb0c9000
[PANIC_STACK] RSP=0x7ffe81438798  RAX=0x0  RBX=0x0  RCX=0x0  RDX=0x0
[PANIC_STACK] R8=0x0  R9=0x1c99ce7d0  R10=0x0  R11=0x202
[PANIC_STACK] instr bytes: 00 00 00 00 00
[PANIC_STACK]   [ 0] img+0x3dd7570
[PANIC_STACK]   [ 2] img+0x235a249
[PANIC_STACK]   [25] img+0x30beaa8
[PANIC_STACK]   [26] img+0x237d20a
[SKIP] Null-write at RIP=0x143dd768c (+0x3dd768c), advancing 7 bytes, gs_base=0x727ccb0c9000
[PANIC_STACK] RSP=0x7ffe81438798  RAX=0x0  RBX=0x0  RCX=0x0  RDX=0x0
[PANIC_STACK] R8=0x0  R9=0x1c99ce7d0  R10=0x0  R11=0x202
[PANIC_STACK] instr bytes: 00 00 00 00 00
[PANIC_STACK]   [ 0] img+0x3dd7570
[PANIC_STACK]   [ 2] img+0x235a249
[PANIC_STACK]   [25] img+0x30beaa8
[PANIC_STACK]   [26] img+0x237d20a
[SKIP] Null-write at RIP=0x143dd7693 (+0x3dd7693), advancing 7 bytes, gs_base=0x727ccb0c9000
[PANIC_STACK] RSP=0x7ffe81438798  RAX=0x0  RBX=0x0  RCX=0x0  RDX=0x0
[PANIC_STACK] R8=0x0  R9=0x1c99ce7d0  R10=0x0  R11=0x202
[PANIC_STACK] instr bytes: 00 00 00 00 00
[PANIC_STACK]   [ 0] img+0x3dd7570
[PANIC_STACK]   [ 2] img+0x235a249
[PANIC_STACK]   [25] img+0x30beaa8
[PANIC_STACK]   [26] img+0x237d20a
[SKIP] Null-write at RIP=0x143dd769a (+0x3dd769a), advancing 7 bytes, gs_base=0x727ccb0c9000
[PANIC_STACK] RSP=0x7ffe81438798  RAX=0x0  RBX=0x0  RCX=0x0  RDX=0x0
[PANIC_STACK] R8=0x0  R9=0x1c99ce7d0  R10=0x0  R11=0x202
[PANIC_STACK] instr bytes: 00 00 00 00 00
[PANIC_STACK]   [ 0] img+0x3dd7570
[PANIC_STACK]   [ 2] img+0x235a249
[PANIC_STACK]   [25] img+0x30beaa8
[PANIC_STACK]   [26] img+0x237d20a
[SKIP] Null-write at RIP=0x143dd76a1 (+0x3dd76a1), advancing 7 bytes, gs_base=0x727ccb0c9000
[PANIC_STACK] RSP=0x7ffe81438798  RAX=0x0  RBX=0x0  RCX=0x0  RDX=0x0
[PANIC_STACK] R8=0x0  R9=0x1c99ce7d0  R10=0x0  R11=0x202
[PANIC_STACK] instr bytes: 00 00 00 00 00
[PANIC_STACK]   [ 0] img+0x3dd7570
[PANIC_STACK]   [ 2] img+0x235a249
[PANIC_STACK]   [25] img+0x30beaa8
[PANIC_STACK]   [26] img+0x237d20a
[SKIP] Null-write at RIP=0x143dd76a8 (+0x3dd76a8), advancing 7 bytes, gs_base=0x727ccb0c9000
[PANIC_STACK] RSP=0x7ffe81438798  RAX=0x0  RBX=0x0  RCX=0x0  RDX=0x0
[PANIC_STACK] R8=0x0  R9=0x1c99ce7d0  R10=0x0  R11=0x202
[PANIC_STACK] instr bytes: 00 00 00 00 00
[PANIC_STACK]   [ 0] img+0x3dd7570
[PANIC_STACK]   [ 2] img+0x235a249
[PANIC_STACK]   [25] img+0x30beaa8
[PANIC_STACK]   [26] img+0x237d20a
[SKIP] Null-write at RIP=0x143dd76af (+0x3dd76af), advancing 7 bytes, gs_base=0x727ccb0c9000
[PANIC_STACK] RSP=0x7ffe81438798  RAX=0x0  RBX=0x0  RCX=0x0  RDX=0x0
[PANIC_STACK] R8=0x0  R9=0x1c99ce7d0  R10=0x0  R11=0x202
[PANIC_STACK] instr bytes: 00 00 00 00 00
[PANIC_STACK]   [ 0] img+0x3dd7570
[PANIC_STACK]   [ 2] img+0x235a249
[PANIC_STACK]   [25] img+0x30beaa8
[PANIC_STACK]   [26] img+0x237d20a
[SKIP] Null-write at RIP=0x143dd76b6 (+0x3dd76b6), advancing 7 bytes, gs_base=0x727ccb0c9000
[PANIC_STACK] RSP=0x7ffe81438798  RAX=0x0  RBX=0x0  RCX=0x0  RDX=0x0
[PANIC_STACK] R8=0x0  R9=0x1c99ce7d0  R10=0x0  R11=0x202
[PANIC_STACK] instr bytes: 00 00 00 00 00
[PANIC_STACK]   [ 0] img+0x3dd7570
[PANIC_STACK]   [ 2] img+0x235a249
[PANIC_STACK]   [25] img+0x30beaa8
[PANIC_STACK]   [26] img+0x237d20a
[SKIP] Null-write at RIP=0x143dd76bd (+0x3dd76bd), advancing 7 bytes, gs_base=0x727ccb0c9000
[PANIC_STACK] RSP=0x7ffe81438798  RAX=0x0  RBX=0x0  RCX=0x0  RDX=0x0
[PANIC_STACK] R8=0x0  R9=0x1c99ce7d0  R10=0x0  R11=0x202
[PANIC_STACK] instr bytes: 00 00 00 00 00
[PANIC_STACK]   [ 0] img+0x3dd7570
[PANIC_STACK]   [ 2] img+0x235a249
[PANIC_STACK]   [25] img+0x30beaa8
[PANIC_STACK]   [26] img+0x237d20a
[SKIP] Null-write at RIP=0x143dd76c4 (+0x3dd76c4), advancing 7 bytes, gs_base=0x727ccb0c9000
[PANIC_STACK] RSP=0x7ffe81438798  RAX=0x0  RBX=0x0  RCX=0x0  RDX=0x0
[PANIC_STACK] R8=0x0  R9=0x1c99ce7d0  R10=0x0  R11=0x202
[PANIC_STACK] instr bytes: 00 00 00 00 00
[PANIC_STACK]   [ 0] img+0x3dd7570
[PANIC_STACK]   [ 2] img+0x235a249
[PANIC_STACK]   [25] img+0x30beaa8
[PANIC_STACK]   [26] img+0x237d20a
[SKIP] Null-write at RIP=0x143dd76cb (+0x3dd76cb), advancing 7 bytes, gs_base=0x727ccb0c9000
[PANIC_STACK] RSP=0x7ffe81438798  RAX=0x0  RBX=0x0  RCX=0x0  RDX=0x0
[PANIC_STACK] R8=0x0  R9=0x1c99ce7d0  R10=0x0  R11=0x202
[PANIC_STACK] instr bytes: 00 00 00 00 00
[PANIC_STACK]   [ 0] img+0x3dd7570
[PANIC_STACK]   [ 2] img+0x235a249
[PANIC_STACK]   [25] img+0x30beaa8
[PANIC_STACK]   [26] img+0x237d20a
[SKIP] Null-write at RIP=0x143dd76d2 (+0x3dd76d2), advancing 7 bytes, gs_base=0x727ccb0c9000
[PANIC_STACK] RSP=0x7ffe81438798  RAX=0x0  RBX=0x0  RCX=0x0  RDX=0x0
[PANIC_STACK] R8=0x0  R9=0x1c99ce7d0  R10=0x0  R11=0x202
[PANIC_STACK] instr bytes: 00 00 00 00 00
[PANIC_STACK]   [ 0] img+0x3dd7570
[PANIC_STACK]   [ 2] img+0x235a249
[PANIC_STACK]   [25] img+0x30beaa8
[PANIC_STACK]   [26] img+0x237d20a
[SKIP] Null-write at RIP=0x143dd76d9 (+0x3dd76d9), advancing 7 bytes, gs_base=0x727ccb0c9000
[PANIC_STACK] RSP=0x7ffe81438798  RAX=0x0  RBX=0x0  RCX=0x0  RDX=0x0
[PANIC_STACK] R8=0x0  R9=0x1c99ce7d0  R10=0x0  R11=0x202
[PANIC_STACK] instr bytes: 00 00 00 00 00
[PANIC_STACK]   [ 0] img+0x3dd7570
[PANIC_STACK]   [ 2] img+0x235a249
[PANIC_STACK]   [25] img+0x30beaa8
[PANIC_STACK]   [26] img+0x237d20a
[SKIP] Null-write at RIP=0x143dd76e0 (+0x3dd76e0), advancing 7 bytes, gs_base=0x727ccb0c9000
[PANIC_STACK] RSP=0x7ffe81438798  RAX=0x0  RBX=0x0  RCX=0x0  RDX=0x0
[PANIC_STACK] R8=0x0  R9=0x1c99ce7d0  R10=0x0  R11=0x202
[PANIC_STACK] instr bytes: 00 00 00 00 00
[PANIC_STACK]   [ 0] img+0x3dd7570
[PANIC_STACK]   [ 2] img+0x235a249
[PANIC_STACK]   [25] img+0x30beaa8
[PANIC_STACK]   [26] img+0x237d20a
[SKIP] Null-write at RIP=0x143dd76e7 (+0x3dd76e7), advancing 7 bytes, gs_base=0x727ccb0c9000
[PANIC_STACK] RSP=0x7ffe81438798  RAX=0x0  RBX=0x0  RCX=0x0  RDX=0x0
[PANIC_STACK] R8=0x0  R9=0x1c99ce7d0  R10=0x0  R11=0x202
[PANIC_STACK] instr bytes: 00 00 00 00 00
[PANIC_STACK]   [ 0] img+0x3dd7570
[PANIC_STACK]   [ 2] img+0x235a249
[PANIC_STACK]   [25] img+0x30beaa8
[PANIC_STACK]   [26] img+0x237d20a
[SKIP] Null-write at RIP=0x143dd76ee (+0x3dd76ee), advancing 7 bytes, gs_base=0x727ccb0c9000
[PANIC_STACK] RSP=0x7ffe81438798  RAX=0x0  RBX=0x0  RCX=0x0  RDX=0x0
[PANIC_STACK] R8=0x0  R9=0x1c99ce7d0  R10=0x0  R11=0x202
[PANIC_STACK] instr bytes: 00 00 00 00 00
[PANIC_STACK]   [ 0] img+0x3dd7570
[PANIC_STACK]   [ 2] img+0x235a249
[PANIC_STACK]   [25] img+0x30beaa8
[PANIC_STACK]   [26] img+0x237d20a
[SKIP] Null-write at RIP=0x143dd76f5 (+0x3dd76f5), advancing 7 bytes, gs_base=0x727ccb0c9000
[PANIC_STACK] RSP=0x7ffe81438798  RAX=0x0  RBX=0x0  RCX=0x0  RDX=0x0
[PANIC_STACK] R8=0x0  R9=0x1c99ce7d0  R10=0x0  R11=0x202
[PANIC_STACK] instr bytes: 00 00 00 00 00
[PANIC_STACK]   [ 0] img+0x3dd7570
[PANIC_STACK]   [ 2] img+0x235a249
[PANIC_STACK]   [25] img+0x30beaa8
[PANIC_STACK]   [26] img+0x237d20a
[SKIP] Null-write at RIP=0x143dd76fc (+0x3dd76fc), advancing 7 bytes, gs_base=0x727ccb0c9000
[PANIC_STACK] RSP=0x7ffe81438798  RAX=0x0  RBX=0x0  RCX=0x0  RDX=0x0
[PANIC_STACK] R8=0x0  R9=0x1c99ce7d0  R10=0x0  R11=0x202
[PANIC_STACK] instr bytes: 00 00 00 00 00
[PANIC_STACK]   [ 0] img+0x3dd7570
[PANIC_STACK]   [ 2] img+0x235a249
[PANIC_STACK]   [25] img+0x30beaa8
[PANIC_STACK]   [26] img+0x237d20a
[SKIP] Null-write at RIP=0x143dd7703 (+0x3dd7703), advancing 7 bytes, gs_base=0x727ccb0c9000
[PANIC_STACK] RSP=0x7ffe81438798  RAX=0x0  RBX=0x0  RCX=0x0  RDX=0x0
[PANIC_STACK] R8=0x0  R9=0x1c99ce7d0  R10=0x0  R11=0x202
[PANIC_STACK] instr bytes: 00 00 00 00 00
[PANIC_STACK]   [ 0] img+0x3dd7570
[PANIC_STACK]   [ 2] img+0x235a249
[PANIC_STACK]   [25] img+0x30beaa8
[PANIC_STACK]   [26] img+0x237d20a
[SKIP] Null-write at RIP=0x143dd770a (+0x3dd770a), advancing 7 bytes, gs_base=0x727ccb0c9000
[PANIC_STACK] RSP=0x7ffe81438798  RAX=0x0  RBX=0x0  RCX=0x0  RDX=0x0
[PANIC_STACK] R8=0x0  R9=0x1c99ce7d0  R10=0x0  R11=0x202
[PANIC_STACK] instr bytes: 00 00 00 00 00
[PANIC_STACK]   [ 0] img+0x3dd7570
[PANIC_STACK]   [ 2] img+0x235a249
[PANIC_STACK]   [25] img+0x30beaa8
[PANIC_STACK]   [26] img+0x237d20a
[SKIP] Null-write at RIP=0x143dd7711 (+0x3dd7711), advancing 7 bytes, gs_base=0x727ccb0c9000
[PANIC_STACK] RSP=0x7ffe81438798  RAX=0x0  RBX=0x0  RCX=0x0  RDX=0x0
[PANIC_STACK] R8=0x0  R9=0x1c99ce7d0  R10=0x0  R11=0x202
[PANIC_STACK] instr bytes: 00 00 00 00 00
[PANIC_STACK]   [ 0] img+0x3dd7570
[PANIC_STACK]   [ 2] img+0x235a249
[PANIC_STACK]   [25] img+0x30beaa8
[PANIC_STACK]   [26] img+0x237d20a
[SKIP] Null-write at RIP=0x143dd7718 (+0x3dd7718), advancing 7 bytes, gs_base=0x727ccb0c9000
[PANIC_STACK] RSP=0x7ffe81438798  RAX=0x0  RBX=0x0  RCX=0x0  RDX=0x0
[PANIC_STACK] R8=0x0  R9=0x1c99ce7d0  R10=0x0  R11=0x202
[PANIC_STACK] instr bytes: 00 00 00 00 00
[PANIC_STACK]   [ 0] img+0x3dd7570
[PANIC_STACK]   [ 2] img+0x235a249
[PANIC_STACK]   [25] img+0x30beaa8
[PANIC_STACK]   [26] img+0x237d20a
[SKIP] Null-write at RIP=0x143dd771f (+0x3dd771f), advancing 7 bytes, gs_base=0x727ccb0c9000
[PANIC_STACK] RSP=0x7ffe81438798  RAX=0x0  RBX=0x0  RCX=0x0  RDX=0x0
[PANIC_STACK] R8=0x0  R9=0x1c99ce7d0  R10=0x0  R11=0x202
[PANIC_STACK] instr bytes: 00 00 00 00 00
[PANIC_STACK]   [ 0] img+0x3dd7570
[PANIC_STACK]   [ 2] img+0x235a249
[PANIC_STACK]   [25] img+0x30beaa8
[PANIC_STACK]   [26] img+0x237d20a
[SKIP] Null-write at RIP=0x143dd7726 (+0x3dd7726), advancing 7 bytes, gs_base=0x727ccb0c9000
[PANIC_STACK] RSP=0x7ffe81438798  RAX=0x0  RBX=0x0  RCX=0x0  RDX=0x0
[PANIC_STACK] R8=0x0  R9=0x1c99ce7d0  R10=0x0  R11=0x202
[PANIC_STACK] instr bytes: 00 00 00 00 00
[PANIC_STACK]   [ 0] img+0x3dd7570
[PANIC_STACK]   [ 2] img+0x235a249
[PANIC_STACK]   [25] img+0x30beaa8
[PANIC_STACK]   [26] img+0x237d20a
[SKIP] Null-write at RIP=0x143dd772d (+0x3dd772d), advancing 7 bytes, gs_base=0x727ccb0c9000
[PANIC_STACK] RSP=0x7ffe81438798  RAX=0x0  RBX=0x0  RCX=0x0  RDX=0x0
[PANIC_STACK] R8=0x0  R9=0x1c99ce7d0  R10=0x0  R11=0x202
[PANIC_STACK] instr bytes: 00 00 00 00 00
[PANIC_STACK]   [ 0] img+0x3dd7570
[PANIC_STACK]   [ 2] img+0x235a249
[PANIC_STACK]   [25] img+0x30beaa8
[PANIC_STACK]   [26] img+0x237d20a
[SKIP] Null-write at RIP=0x143dd7734 (+0x3dd7734), advancing 7 bytes, gs_base=0x727ccb0c9000
[PANIC_STACK] RSP=0x7ffe81438798  RAX=0x0  RBX=0x0  RCX=0x0  RDX=0x0
[PANIC_STACK] R8=0x0  R9=0x1c99ce7d0  R10=0x0  R11=0x202
[PANIC_STACK] instr bytes: 00 00 00 00 00
[PANIC_STACK]   [ 0] img+0x3dd7570
[PANIC_STACK]   [ 2] img+0x235a249
[PANIC_STACK]   [25] img+0x30beaa8
[PANIC_STACK]   [26] img+0x237d20a
[SKIP] Null-write at RIP=0x143dd773b (+0x3dd773b), advancing 7 bytes, gs_base=0x727ccb0c9000
[PANIC_STACK] RSP=0x7ffe81438798  RAX=0x0  RBX=0x0  RCX=0x0  RDX=0x0
[PANIC_STACK] R8=0x0  R9=0x1c99ce7d0  R10=0x0  R11=0x202
[PANIC_STACK] instr bytes: 00 00 00 00 00
[PANIC_STACK]   [ 0] img+0x3dd7570
[PANIC_STACK]   [ 2] img+0x235a249
[PANIC_STACK]   [25] img+0x30beaa8
[PANIC_STACK]   [26] img+0x237d20a
[SKIP] Null-write at RIP=0x143dd7742 (+0x3dd7742), advancing 7 bytes, gs_base=0x727ccb0c9000
[PANIC_STACK] RSP=0x7ffe81438798  RAX=0x0  RBX=0x0  RCX=0x0  RDX=0x0
[PANIC_STACK] R8=0x0  R9=0x1c99ce7d0  R10=0x0  R11=0x202
[PANIC_STACK] instr bytes: 00 00 00 00 00
[PANIC_STACK]   [ 0] img+0x3dd7570
[PANIC_STACK]   [ 2] img+0x235a249
[PANIC_STACK]   [25] img+0x30beaa8
[PANIC_STACK]   [26] img+0x237d20a
[SKIP] Null-write at RIP=0x143dd7749 (+0x3dd7749), advancing 7 bytes, gs_base=0x727ccb0c9000
[PANIC_STACK] RSP=0x7ffe81438798  RAX=0x0  RBX=0x0  RCX=0x0  RDX=0x0
[PANIC_STACK] R8=0x0  R9=0x1c99ce7d0  R10=0x0  R11=0x202
[PANIC_STACK] instr bytes: 00 00 00 00 00
[PANIC_STACK]   [ 0] img+0x3dd7570
[PANIC_STACK]   [ 2] img+0x235a249
[PANIC_STACK]   [25] img+0x30beaa8
[PANIC_STACK]   [26] img+0x237d20a
[SKIP] Null-write at RIP=0x143dd7750 (+0x3dd7750), advancing 7 bytes, gs_base=0x727ccb0c9000
[PANIC_STACK] RSP=0x7ffe81438798  RAX=0x0  RBX=0x0  RCX=0x0  RDX=0x0
[PANIC_STACK] R8=0x0  R9=0x1c99ce7d0  R10=0x0  R11=0x202
[PANIC_STACK] instr bytes: 00 00 00 00 00
[PANIC_STACK]   [ 0] img+0x3dd7570
[PANIC_STACK]   [ 2] img+0x235a249
[PANIC_STACK]   [25] img+0x30beaa8
[PANIC_STACK]   [26] img+0x237d20a
[SKIP] Null-write at RIP=0x143dd7757 (+0x3dd7757), advancing 7 bytes, gs_base=0x727ccb0c9000
[PANIC_STACK] RSP=0x7ffe81438798  RAX=0x0  RBX=0x0  RCX=0x0  RDX=0x0
[PANIC_STACK] R8=0x0  R9=0x1c99ce7d0  R10=0x0  R11=0x202
[PANIC_STACK] instr bytes: 00 00 00 00 00
[PANIC_STACK]   [ 0] img+0x3dd7570
[PANIC_STACK]   [ 2] img+0x235a249
[PANIC_STACK]   [25] img+0x30beaa8
[PANIC_STACK]   [26] img+0x237d20a
[SKIP] Null-write at RIP=0x143dd775e (+0x3dd775e), advancing 7 bytes, gs_base=0x727ccb0c9000
[PANIC_STACK] RSP=0x7ffe81438798  RAX=0x0  RBX=0x0  RCX=0x0  RDX=0x0
[PANIC_STACK] R8=0x0  R9=0x1c99ce7d0  R10=0x0  R11=0x202
[PANIC_STACK] instr bytes: 00 00 00 00 00
[PANIC_STACK]   [ 0] img+0x3dd7570
[PANIC_STACK]   [ 2] img+0x235a249
[PANIC_STACK]   [25] img+0x30beaa8
[PANIC_STACK]   [26] img+0x237d20a
[SKIP] Null-write at RIP=0x143dd7765 (+0x3dd7765), advancing 7 bytes, gs_base=0x727ccb0c9000
[PANIC_STACK] RSP=0x7ffe81438798  RAX=0x0  RBX=0x0  RCX=0x0  RDX=0x0
[PANIC_STACK] R8=0x0  R9=0x1c99ce7d0  R10=0x0  R11=0x202
[PANIC_STACK] instr bytes: 00 00 00 00 00
[PANIC_STACK]   [ 0] img+0x3dd7570
[PANIC_STACK]   [ 2] img+0x235a249
[PANIC_STACK]   [25] img+0x30beaa8
[PANIC_STACK]   [26] img+0x237d20a
[SKIP] Null-write at RIP=0x143dd776c (+0x3dd776c), advancing 7 bytes, gs_base=0x727ccb0c9000
[PANIC_STACK] RSP=0x7ffe81438798  RAX=0x0  RBX=0x0  RCX=0x0  RDX=0x0
[PANIC_STACK] R8=0x0  R9=0x1c99ce7d0  R10=0x0  R11=0x202
[PANIC_STACK] instr bytes: 00 00 00 00 00
[PANIC_STACK]   [ 0] img+0x3dd7570
[PANIC_STACK]   [ 2] img+0x235a249
[PANIC_STACK]   [25] img+0x30beaa8
[PANIC_STACK]   [26] img+0x237d20a
[SKIP] Null-write at RIP=0x143dd7773 (+0x3dd7773), advancing 7 bytes, gs_base=0x727ccb0c9000
[PANIC_STACK] RSP=0x7ffe81438798  RAX=0x0  RBX=0x0  RCX=0x0  RDX=0x0
[PANIC_STACK] R8=0x0  R9=0x1c99ce7d0  R10=0x0  R11=0x202
[PANIC_STACK] instr bytes: 00 00 00 00 00
[PANIC_STACK]   [ 0] img+0x3dd7570
[PANIC_STACK]   [ 2] img+0x235a249
[PANIC_STACK]   [25] img+0x30beaa8
[PANIC_STACK]   [26] img+0x237d20a
[SKIP] Null-write at RIP=0x143dd777a (+0x3dd777a), advancing 7 bytes, gs_base=0x727ccb0c9000
[PANIC_STACK] RSP=0x7ffe81438798  RAX=0x0  RBX=0x0  RCX=0x0  RDX=0x0
[PANIC_STACK] R8=0x0  R9=0x1c99ce7d0  R10=0x0  R11=0x202
[PANIC_STACK] instr bytes: 00 00 00 00 00
[PANIC_STACK]   [ 0] img+0x3dd7570
[PANIC_STACK]   [ 2] img+0x235a249
[PANIC_STACK]   [25] img+0x30beaa8
[PANIC_STACK]   [26] img+0x237d20a
[SKIP] Null-write at RIP=0x143dd7781 (+0x3dd7781), advancing 7 bytes, gs_base=0x727ccb0c9000
[PANIC_STACK] RSP=0x7ffe81438798  RAX=0x0  RBX=0x0  RCX=0x0  RDX=0x0
[PANIC_STACK] R8=0x0  R9=0x1c99ce7d0  R10=0x0  R11=0x202
[PANIC_STACK] instr bytes: 00 00 00 00 00
[PANIC_STACK]   [ 0] img+0x3dd7570
[PANIC_STACK]   [ 2] img+0x235a249
[PANIC_STACK]   [25] img+0x30beaa8
[PANIC_STACK]   [26] img+0x237d20a
[SKIP] Null-write at RIP=0x143dd7788 (+0x3dd7788), advancing 7 bytes, gs_base=0x727ccb0c9000
[PANIC_STACK] RSP=0x7ffe81438798  RAX=0x0  RBX=0x0  RCX=0x0  RDX=0x0
[PANIC_STACK] R8=0x0  R9=0x1c99ce7d0  R10=0x0  R11=0x202
[PANIC_STACK] instr bytes: 00 00 00 00 00
[PANIC_STACK]   [ 0] img+0x3dd7570
[PANIC_STACK]   [ 2] img+0x235a249
[PANIC_STACK]   [25] img+0x30beaa8
[PANIC_STACK]   [26] img+0x237d20a
[SKIP] Null-write at RIP=0x143dd778f (+0x3dd778f), advancing 7 bytes, gs_base=0x727ccb0c9000
[PANIC_STACK] RSP=0x7ffe81438798  RAX=0x0  RBX=0x0  RCX=0x0  RDX=0x0
[PANIC_STACK] R8=0x0  R9=0x1c99ce7d0  R10=0x0  R11=0x202
[PANIC_STACK] instr bytes: 00 00 00 00 00
[PANIC_STACK]   [ 0] img+0x3dd7570
[PANIC_STACK]   [ 2] img+0x235a249
[PANIC_STACK]   [25] img+0x30beaa8
[PANIC_STACK]   [26] img+0x237d20a
[SKIP] Null-write at RIP=0x143dd7796 (+0x3dd7796), advancing 7 bytes, gs_base=0x727ccb0c9000
[PANIC_STACK] RSP=0x7ffe81438798  RAX=0x0  RBX=0x0  RCX=0x0  RDX=0x0
[PANIC_STACK] R8=0x0  R9=0x1c99ce7d0  R10=0x0  R11=0x202
[PANIC_STACK] instr bytes: 00 00 00 00 00
[PANIC_STACK]   [ 0] img+0x3dd7570
[PANIC_STACK]   [ 2] img+0x235a249
[PANIC_STACK]   [25] img+0x30beaa8
[PANIC_STACK]   [26] img+0x237d20a
[SKIP] Null-write at RIP=0x143dd779d (+0x3dd779d), advancing 7 bytes, gs_base=0x727ccb0c9000
[PANIC_STACK] RSP=0x7ffe81438798  RAX=0x0  RBX=0x0  RCX=0x0  RDX=0x0
[PANIC_STACK] R8=0x0  R9=0x1c99ce7d0  R10=0x0  R11=0x202
[PANIC_STACK] instr bytes: 00 00 00 00 00
[PANIC_STACK]   [ 0] img+0x3dd7570
[PANIC_STACK]   [ 2] img+0x235a249
[PANIC_STACK]   [25] img+0x30beaa8
[PANIC_STACK]   [26] img+0x237d20a
[SKIP] Null-write at RIP=0x143dd77a4 (+0x3dd77a4), advancing 7 bytes, gs_base=0x727ccb0c9000
[PANIC_STACK] RSP=0x7ffe81438798  RAX=0x0  RBX=0x0  RCX=0x0  RDX=0x0
[PANIC_STACK] R8=0x0  R9=0x1c99ce7d0  R10=0x0  R11=0x202
[PANIC_STACK] instr bytes: 00 00 00 00 00
[PANIC_STACK]   [ 0] img+0x3dd7570
[PANIC_STACK]   [ 2] img+0x235a249
[PANIC_STACK]   [25] img+0x30beaa8
[PANIC_STACK]   [26] img+0x237d20a
[SKIP] Null-write at RIP=0x143dd77ab (+0x3dd77ab), advancing 7 bytes, gs_base=0x727ccb0c9000
[PANIC_STACK] RSP=0x7ffe81438798  RAX=0x0  RBX=0x0  RCX=0x0  RDX=0x0
[PANIC_STACK] R8=0x0  R9=0x1c99ce7d0  R10=0x0  R11=0x202
[PANIC_STACK] instr bytes: 00 00 00 00 00
[PANIC_STACK]   [ 0] img+0x3dd7570
[PANIC_STACK]   [ 2] img+0x235a249
[PANIC_STACK]   [25] img+0x30beaa8
[PANIC_STACK]   [26] img+0x237d20a
[SKIP] Null-write at RIP=0x143dd77b2 (+0x3dd77b2), advancing 7 bytes, gs_base=0x727ccb0c9000
[PANIC_STACK] RSP=0x7ffe81438798  RAX=0x0  RBX=0x0  RCX=0x0  RDX=0x0
[PANIC_STACK] R8=0x0  R9=0x1c99ce7d0  R10=0x0  R11=0x202
[PANIC_STACK] instr bytes: 00 00 00 00 00
[PANIC_STACK]   [ 0] img+0x3dd7570
[PANIC_STACK]   [ 2] img+0x235a249
[PANIC_STACK]   [25] img+0x30beaa8
[PANIC_STACK]   [26] img+0x237d20a
[SKIP] Null-write at RIP=0x143dd77b9 (+0x3dd77b9), advancing 7 bytes, gs_base=0x727ccb0c9000
[PANIC_STACK] RSP=0x7ffe81438798  RAX=0x0  RBX=0x0  RCX=0x0  RDX=0x0
[PANIC_STACK] R8=0x0  R9=0x1c99ce7d0  R10=0x0  R11=0x202
[PANIC_STACK] instr bytes: 00 00 00 00 00
[PANIC_STACK]   [ 0] img+0x3dd7570
[PANIC_STACK]   [ 2] img+0x235a249
[PANIC_STACK]   [25] img+0x30beaa8
[PANIC_STACK]   [26] img+0x237d20a
[SKIP] Null-write at RIP=0x143dd77c0 (+0x3dd77c0), advancing 7 bytes, gs_base=0x727ccb0c9000
[PANIC_STACK] RSP=0x7ffe81438798  RAX=0x0  RBX=0x0  RCX=0x0  RDX=0x0
[PANIC_STACK] R8=0x0  R9=0x1c99ce7d0  R10=0x0  R11=0x202
[PANIC_STACK] instr bytes: 00 00 00 00 00
[PANIC_STACK]   [ 0] img+0x3dd7570
[PANIC_STACK]   [ 2] img+0x235a249
[PANIC_STACK]   [25] img+0x30beaa8
[PANIC_STACK]   [26] img+0x237d20a
[SKIP] Null-write at RIP=0x143dd77c7 (+0x3dd77c7), advancing 7 bytes, gs_base=0x727ccb0c9000
[PANIC_STACK] RSP=0x7ffe81438798  RAX=0x0  RBX=0x0  RCX=0x0  RDX=0x0
[PANIC_STACK] R8=0x0  R9=0x1c99ce7d0  R10=0x0  R11=0x202
[PANIC_STACK] instr bytes: 00 00 00 00 00
[PANIC_STACK]   [ 0] img+0x3dd7570
[PANIC_STACK]   [ 2] img+0x235a249
[PANIC_STACK]   [25] img+0x30beaa8
[PANIC_STACK]   [26] img+0x237d20a
[SKIP] Null-write at RIP=0x143dd77ce (+0x3dd77ce), advancing 7 bytes, gs_base=0x727ccb0c9000
[PANIC_STACK] RSP=0x7ffe81438798  RAX=0x0  RBX=0x0  RCX=0x0  RDX=0x0
[PANIC_STACK] R8=0x0  R9=0x1c99ce7d0  R10=0x0  R11=0x202
[PANIC_STACK] instr bytes: 00 00 00 00 00
[PANIC_STACK]   [ 0] img+0x3dd7570
[PANIC_STACK]   [ 2] img+0x235a249
[PANIC_STACK]   [25] img+0x30beaa8
[PANIC_STACK]   [26] img+0x237d20a
[SKIP] Null-write at RIP=0x143dd77d5 (+0x3dd77d5), advancing 7 bytes, gs_base=0x727ccb0c9000
[PANIC_STACK] RSP=0x7ffe81438798  RAX=0x0  RBX=0x0  RCX=0x0  RDX=0x0
[PANIC_STACK] R8=0x0  R9=0x1c99ce7d0  R10=0x0  R11=0x202
[PANIC_STACK] instr bytes: 00 00 00 00 00
[PANIC_STACK]   [ 0] img+0x3dd7570
[PANIC_STACK]   [ 2] img+0x235a249
[PANIC_STACK]   [25] img+0x30beaa8
[PANIC_STACK]   [26] img+0x237d20a
[SKIP] Null-write at RIP=0x143dd77dc (+0x3dd77dc), advancing 7 bytes, gs_base=0x727ccb0c9000
[PANIC_STACK] RSP=0x7ffe81438798  RAX=0x0  RBX=0x0  RCX=0x0  RDX=0x0
[PANIC_STACK] R8=0x0  R9=0x1c99ce7d0  R10=0x0  R11=0x202
[PANIC_STACK] instr bytes: 00 00 00 00 00
[PANIC_STACK]   [ 0] img+0x3dd7570
[PANIC_STACK]   [ 2] img+0x235a249
[PANIC_STACK]   [25] img+0x30beaa8
[PANIC_STACK]   [26] img+0x237d20a
[SKIP] Null-write at RIP=0x143dd77e3 (+0x3dd77e3), advancing 7 bytes, gs_base=0x727ccb0c9000
[PANIC_STACK] RSP=0x7ffe81438798  RAX=0x0  RBX=0x0  RCX=0x0  RDX=0x0
[PANIC_STACK] R8=0x0  R9=0x1c99ce7d0  R10=0x0  R11=0x202
[PANIC_STACK] instr bytes: 00 00 00 00 00
[PANIC_STACK]   [ 0] img+0x3dd7570
[PANIC_STACK]   [ 2] img+0x235a249
[PANIC_STACK]   [25] img+0x30beaa8
[PANIC_STACK]   [26] img+0x237d20a
[SKIP] Null-write at RIP=0x143dd77ea (+0x3dd77ea), advancing 7 bytes, gs_base=0x727ccb0c9000
[PANIC_STACK] RSP=0x7ffe81438798  RAX=0x0  RBX=0x0  RCX=0x0  RDX=0x0
[PANIC_STACK] R8=0x0  R9=0x1c99ce7d0  R10=0x0  R11=0x202
[PANIC_STACK] instr bytes: 00 00 00 00 00
[PANIC_STACK]   [ 0] img+0x3dd7570
[PANIC_STACK]   [ 2] img+0x235a249
[PANIC_STACK]   [25] img+0x30beaa8
[PANIC_STACK]   [26] img+0x237d20a
[SKIP] Null-write at RIP=0x143dd77f1 (+0x3dd77f1), advancing 7 bytes, gs_base=0x727ccb0c9000
[PANIC_STACK] RSP=0x7ffe81438798  RAX=0x0  RBX=0x0  RCX=0x0  RDX=0x0
[PANIC_STACK] R8=0x0  R9=0x1c99ce7d0  R10=0x0  R11=0x202
[PANIC_STACK] instr bytes: 00 00 00 00 00
[PANIC_STACK]   [ 0] img+0x3dd7570
[PANIC_STACK]   [ 2] img+0x235a249
[PANIC_STACK]   [25] img+0x30beaa8
[PANIC_STACK]   [26] img+0x237d20a
[SKIP] Null-write at RIP=0x143dd77f8 (+0x3dd77f8), advancing 7 bytes, gs_base=0x727ccb0c9000
[PANIC_STACK] RSP=0x7ffe81438798  RAX=0x0  RBX=0x0  RCX=0x0  RDX=0x0
[PANIC_STACK] R8=0x0  R9=0x1c99ce7d0  R10=0x0  R11=0x202
[PANIC_STACK] instr bytes: 00 00 00 00 00
[PANIC_STACK]   [ 0] img+0x3dd7570
[PANIC_STACK]   [ 2] img+0x235a249
[PANIC_STACK]   [25] img+0x30beaa8
[PANIC_STACK]   [26] img+0x237d20a
[SKIP] Null-write at RIP=0x143dd77ff (+0x3dd77ff), advancing 7 bytes, gs_base=0x727ccb0c9000
[PANIC_STACK] RSP=0x7ffe81438798  RAX=0x0  RBX=0x0  RCX=0x0  RDX=0x0
[PANIC_STACK] R8=0x0  R9=0x1c99ce7d0  R10=0x0  R11=0x202
[PANIC_STACK] instr bytes: 00 00 00 00 00
[PANIC_STACK]   [ 0] img+0x3dd7570
[PANIC_STACK]   [ 2] img+0x235a249
[PANIC_STACK]   [25] img+0x30beaa8
[PANIC_STACK]   [26] img+0x237d20a
[SKIP] Null-write at RIP=0x143dd7806 (+0x3dd7806), advancing 7 bytes, gs_base=0x727ccb0c9000
[PANIC_STACK] RSP=0x7ffe81438798  RAX=0x0  RBX=0x0  RCX=0x0  RDX=0x0
[PANIC_STACK] R8=0x0  R9=0x1c99ce7d0  R10=0x0  R11=0x202
[PANIC_STACK] instr bytes: 00 00 00 00 00
[PANIC_STACK]   [ 0] img+0x3dd7570
[PANIC_STACK]   [ 2] img+0x235a249
[PANIC_STACK]   [25] img+0x30beaa8
[PANIC_STACK]   [26] img+0x237d20a
[SKIP] Null-write at RIP=0x143dd780d (+0x3dd780d), advancing 7 bytes, gs_base=0x727ccb0c9000
[PANIC_STACK] RSP=0x7ffe81438798  RAX=0x0  RBX=0x0  RCX=0x0  RDX=0x0
[PANIC_STACK] R8=0x0  R9=0x1c99ce7d0  R10=0x0  R11=0x202
[PANIC_STACK] instr bytes: 00 00 00 00 00
[PANIC_STACK]   [ 0] img+0x3dd7570
[PANIC_STACK]   [ 2] img+0x235a249
[PANIC_STACK]   [25] img+0x30beaa8
[PANIC_STACK]   [26] img+0x237d20a
[SKIP] Null-write at RIP=0x143dd7814 (+0x3dd7814), advancing 7 bytes, gs_base=0x727ccb0c9000
[PANIC_STACK] RSP=0x7ffe81438798  RAX=0x0  RBX=0x0  RCX=0x0  RDX=0x0
[PANIC_STACK] R8=0x0  R9=0x1c99ce7d0  R10=0x0  R11=0x202
[PANIC_STACK] instr bytes: 00 00 00 00 00
[PANIC_STACK]   [ 0] img+0x3dd7570
[PANIC_STACK]   [ 2] img+0x235a249
[PANIC_STACK]   [25] img+0x30beaa8
[PANIC_STACK]   [26] img+0x237d20a
[SKIP] Null-write at RIP=0x143dd781b (+0x3dd781b), advancing 7 bytes, gs_base=0x727ccb0c9000
[PANIC_STACK] RSP=0x7ffe81438798  RAX=0x0  RBX=0x0  RCX=0x0  RDX=0x0
[PANIC_STACK] R8=0x0  R9=0x1c99ce7d0  R10=0x0  R11=0x202
[PANIC_STACK] instr bytes: 00 00 00 00 00
[PANIC_STACK]   [ 0] img+0x3dd7570
[PANIC_STACK]   [ 2] img+0x235a249
[PANIC_STACK]   [25] img+0x30beaa8
[PANIC_STACK]   [26] img+0x237d20a
[SKIP] Null-write at RIP=0x143dd7822 (+0x3dd7822), advancing 7 bytes, gs_base=0x727ccb0c9000
[PANIC_STACK] RSP=0x7ffe81438798  RAX=0x0  RBX=0x0  RCX=0x0  RDX=0x0
[PANIC_STACK] R8=0x0  R9=0x1c99ce7d0  R10=0x0  R11=0x202
[PANIC_STACK] instr bytes: 00 00 00 00 00
[PANIC_STACK]   [ 0] img+0x3dd7570
[PANIC_STACK]   [ 2] img+0x235a249
[PANIC_STACK]   [25] img+0x30beaa8
[PANIC_STACK]   [26] img+0x237d20a
[SKIP] Null-write at RIP=0x143dd7829 (+0x3dd7829), advancing 7 bytes, gs_base=0x727ccb0c9000
[PANIC_STACK] RSP=0x7ffe81438798  RAX=0x0  RBX=0x0  RCX=0x0  RDX=0x0
[PANIC_STACK] R8=0x0  R9=0x1c99ce7d0  R10=0x0  R11=0x202
[PANIC_STACK] instr bytes: 00 00 00 00 00
[PANIC_STACK]   [ 0] img+0x3dd7570
[PANIC_STACK]   [ 2] img+0x235a249
[PANIC_STACK]   [25] img+0x30beaa8
[PANIC_STACK]   [26] img+0x237d20a
[SKIP] Null-write at RIP=0x143dd7830 (+0x3dd7830), advancing 7 bytes, gs_base=0x727ccb0c9000
[PANIC_STACK] RSP=0x7ffe81438798  RAX=0x0  RBX=0x0  RCX=0x0  RDX=0x0
[PANIC_STACK] R8=0x0  R9=0x1c99ce7d0  R10=0x0  R11=0x202
[PANIC_STACK] instr bytes: 00 00 00 00 00
[PANIC_STACK]   [ 0] img+0x3dd7570
[PANIC_STACK]   [ 2] img+0x235a249
[PANIC_STACK]   [25] img+0x30beaa8
[PANIC_STACK]   [26] img+0x237d20a
[SKIP] Null-write at RIP=0x143dd7837 (+0x3dd7837), advancing 7 bytes, gs_base=0x727ccb0c9000
[PANIC_STACK] RSP=0x7ffe81438798  RAX=0x0  RBX=0x0  RCX=0x0  RDX=0x0
[PANIC_STACK] R8=0x0  R9=0x1c99ce7d0  R10=0x0  R11=0x202
[PANIC_STACK] instr bytes: 00 00 00 00 00
[PANIC_STACK]   [ 0] img+0x3dd7570
[PANIC_STACK]   [ 2] img+0x235a249
[PANIC_STACK]   [25] img+0x30beaa8
[PANIC_STACK]   [26] img+0x237d20a
[SKIP] Null-write at RIP=0x143dd783e (+0x3dd783e), advancing 7 bytes, gs_base=0x727ccb0c9000
[PANIC_STACK] RSP=0x7ffe81438798  RAX=0x0  RBX=0x0  RCX=0x0  RDX=0x0
[PANIC_STACK] R8=0x0  R9=0x1c99ce7d0  R10=0x0  R11=0x202
[PANIC_STACK] instr bytes: 00 00 00 00 00
[PANIC_STACK]   [ 0] img+0x3dd7570
[PANIC_STACK]   [ 2] img+0x235a249
[PANIC_STACK]   [25] img+0x30beaa8
[PANIC_STACK]   [26] img+0x237d20a
[SKIP] Null-write at RIP=0x143dd7845 (+0x3dd7845), advancing 7 bytes, gs_base=0x727ccb0c9000
[PANIC_STACK] RSP=0x7ffe81438798  RAX=0x0  RBX=0x0  RCX=0x0  RDX=0x0
[PANIC_STACK] R8=0x0  R9=0x1c99ce7d0  R10=0x0  R11=0x202
[PANIC_STACK] instr bytes: 00 00 00 00 00
[PANIC_STACK]   [ 0] img+0x3dd7570
[PANIC_STACK]   [ 2] img+0x235a249
[PANIC_STACK]   [25] img+0x30beaa8
[PANIC_STACK]   [26] img+0x237d20a
[SKIP] Null-write at RIP=0x143dd784c (+0x3dd784c), advancing 7 bytes, gs_base=0x727ccb0c9000
[PANIC_STACK] RSP=0x7ffe81438798  RAX=0x0  RBX=0x0  RCX=0x0  RDX=0x0
[PANIC_STACK] R8=0x0  R9=0x1c99ce7d0  R10=0x0  R11=0x202
[PANIC_STACK] instr bytes: 00 00 00 00 00
[PANIC_STACK]   [ 0] img+0x3dd7570
[PANIC_STACK]   [ 2] img+0x235a249
[PANIC_STACK]   [25] img+0x30beaa8
[PANIC_STACK]   [26] img+0x237d20a
[SKIP] Null-write at RIP=0x143dd7853 (+0x3dd7853), advancing 7 bytes, gs_base=0x727ccb0c9000
[PANIC_STACK] RSP=0x7ffe81438798  RAX=0x0  RBX=0x0  RCX=0x0  RDX=0x0
[PANIC_STACK] R8=0x0  R9=0x1c99ce7d0  R10=0x0  R11=0x202
[PANIC_STACK] instr bytes: 00 00 00 00 00
[PANIC_STACK]   [ 0] img+0x3dd7570
[PANIC_STACK]   [ 2] img+0x235a249
[PANIC_STACK]   [25] img+0x30beaa8
[PANIC_STACK]   [26] img+0x237d20a
[SKIP] Null-write at RIP=0x143dd785a (+0x3dd785a), advancing 7 bytes, gs_base=0x727ccb0c9000
[PANIC_STACK] RSP=0x7ffe81438798  RAX=0x0  RBX=0x0  RCX=0x0  RDX=0x0
[PANIC_STACK] R8=0x0  R9=0x1c99ce7d0  R10=0x0  R11=0x202
[PANIC_STACK] instr bytes: 00 00 00 00 00
[PANIC_STACK]   [ 0] img+0x3dd7570
[PANIC_STACK]   [ 2] img+0x235a249
[PANIC_STACK]   [25] img+0x30beaa8
[PANIC_STACK]   [26] img+0x237d20a
[SKIP] Null-write at RIP=0x143dd7861 (+0x3dd7861), advancing 7 bytes, gs_base=0x727ccb0c9000
[PANIC_STACK] RSP=0x7ffe81438798  RAX=0x0  RBX=0x0  RCX=0x0  RDX=0x0
[PANIC_STACK] R8=0x0  R9=0x1c99ce7d0  R10=0x0  R11=0x202
[PANIC_STACK] instr bytes: 00 00 00 00 00
[PANIC_STACK]   [ 0] img+0x3dd7570
[PANIC_STACK]   [ 2] img+0x235a249
[PANIC_STACK]   [25] img+0x30beaa8
[PANIC_STACK]   [26] img+0x237d20a
[SKIP] Null-write at RIP=0x143dd7868 (+0x3dd7868), advancing 7 bytes, gs_base=0x727ccb0c9000
[PANIC_STACK] RSP=0x7ffe81438798  RAX=0x0  RBX=0x0  RCX=0x0  RDX=0x0
[PANIC_STACK] R8=0x0  R9=0x1c99ce7d0  R10=0x0  R11=0x202
[PANIC_STACK] instr bytes: 00 00 00 00 00
[PANIC_STACK]   [ 0] img+0x3dd7570
[PANIC_STACK]   [ 2] img+0x235a249
[PANIC_STACK]   [25] img+0x30beaa8
[PANIC_STACK]   [26] img+0x237d20a
[SKIP] Null-write at RIP=0x143dd786f (+0x3dd786f), advancing 7 bytes, gs_base=0x727ccb0c9000
[PANIC_STACK] RSP=0x7ffe81438798  RAX=0x0  RBX=0x0  RCX=0x0  RDX=0x0
[PANIC_STACK] R8=0x0  R9=0x1c99ce7d0  R10=0x0  R11=0x202
[PANIC_STACK] instr bytes: 00 00 00 00 00
[PANIC_STACK]   [ 0] img+0x3dd7570
[PANIC_STACK]   [ 2] img+0x235a249
[PANIC_STACK]   [25] img+0x30beaa8
[PANIC_STACK]   [26] img+0x237d20a
[SKIP] Null-write at RIP=0x143dd7876 (+0x3dd7876), advancing 7 bytes, gs_base=0x727ccb0c9000
[PANIC_STACK] RSP=0x7ffe81438798  RAX=0x0  RBX=0x0  RCX=0x0  RDX=0x0
[PANIC_STACK] R8=0x0  R9=0x1c99ce7d0  R10=0x0  R11=0x202
[PANIC_STACK] instr bytes: 00 00 00 00 00
[PANIC_STACK]   [ 0] img+0x3dd7570
[PANIC_STACK]   [ 2] img+0x235a249
[PANIC_STACK]   [25] img+0x30beaa8
[PANIC_STACK]   [26] img+0x237d20a
[SKIP] Null-write at RIP=0x143dd787d (+0x3dd787d), advancing 7 bytes, gs_base=0x727ccb0c9000
[PANIC_STACK] RSP=0x7ffe81438798  RAX=0x0  RBX=0x0  RCX=0x0  RDX=0x0
[PANIC_STACK] R8=0x0  R9=0x1c99ce7d0  R10=0x0  R11=0x202
[PANIC_STACK] instr bytes: 00 00 00 00 00
[PANIC_STACK]   [ 0] img+0x3dd7570
[PANIC_STACK]   [ 2] img+0x235a249
[PANIC_STACK]   [25] img+0x30beaa8
[PANIC_STACK]   [26] img+0x237d20a
[SKIP] Null-write at RIP=0x143dd7884 (+0x3dd7884), advancing 7 bytes, gs_base=0x727ccb0c9000
[PANIC_STACK] RSP=0x7ffe81438798  RAX=0x0  RBX=0x0  RCX=0x0  RDX=0x0
[PANIC_STACK] R8=0x0  R9=0x1c99ce7d0  R10=0x0  R11=0x202
[PANIC_STACK] instr bytes: 00 00 00 00 00
[PANIC_STACK]   [ 0] img+0x3dd7570
[PANIC_STACK]   [ 2] img+0x235a249
[PANIC_STACK]   [25] img+0x30beaa8
[PANIC_STACK]   [26] img+0x237d20a
[SKIP] Null-write at RIP=0x143dd788b (+0x3dd788b), advancing 7 bytes, gs_base=0x727ccb0c9000
[PANIC_STACK] RSP=0x7ffe81438798  RAX=0x0  RBX=0x0  RCX=0x0  RDX=0x0
[PANIC_STACK] R8=0x0  R9=0x1c99ce7d0  R10=0x0  R11=0x202
[PANIC_STACK] instr bytes: 00 00 00 00 00
[PANIC_STACK]   [ 0] img+0x3dd7570
[PANIC_STACK]   [ 2] img+0x235a249
[PANIC_STACK]   [25] img+0x30beaa8
[PANIC_STACK]   [26] img+0x237d20a
[SKIP] Null-write at RIP=0x143dd7892 (+0x3dd7892), advancing 7 bytes, gs_base=0x727ccb0c9000
[PANIC_STACK] RSP=0x7ffe81438798  RAX=0x0  RBX=0x0  RCX=0x0  RDX=0x0
[PANIC_STACK] R8=0x0  R9=0x1c99ce7d0  R10=0x0  R11=0x202
[PANIC_STACK] instr bytes: 00 00 00 00 00
[PANIC_STACK]   [ 0] img+0x3dd7570
[PANIC_STACK]   [ 2] img+0x235a249
[PANIC_STACK]   [25] img+0x30beaa8
[PANIC_STACK]   [26] img+0x237d20a
[SKIP] Null-write at RIP=0x143dd7899 (+0x3dd7899), advancing 7 bytes, gs_base=0x727ccb0c9000
[PANIC_STACK] RSP=0x7ffe81438798  RAX=0x0  RBX=0x0  RCX=0x0  RDX=0x0
[PANIC_STACK] R8=0x0  R9=0x1c99ce7d0  R10=0x0  R11=0x202
[PANIC_STACK] instr bytes: 00 00 00 00 00
[PANIC_STACK]   [ 0] img+0x3dd7570
[PANIC_STACK]   [ 2] img+0x235a249
[PANIC_STACK]   [25] img+0x30beaa8
[PANIC_STACK]   [26] img+0x237d20a
[SKIP] Null-write at RIP=0x143dd78a0 (+0x3dd78a0), advancing 7 bytes, gs_base=0x727ccb0c9000
[PANIC_STACK] RSP=0x7ffe81438798  RAX=0x0  RBX=0x0  RCX=0x0  RDX=0x0
[PANIC_STACK] R8=0x0  R9=0x1c99ce7d0  R10=0x0  R11=0x202
[PANIC_STACK] instr bytes: 00 00 00 00 00
[PANIC_STACK]   [ 0] img+0x3dd7570
[PANIC_STACK]   [ 2] img+0x235a249
[PANIC_STACK]   [25] img+0x30beaa8
[PANIC_STACK]   [26] img+0x237d20a
[SKIP] Null-write at RIP=0x143dd78a7 (+0x3dd78a7), advancing 7 bytes, gs_base=0x727ccb0c9000
[PANIC_STACK] RSP=0x7ffe81438798  RAX=0x0  RBX=0x0  RCX=0x0  RDX=0x0
[PANIC_STACK] R8=0x0  R9=0x1c99ce7d0  R10=0x0  R11=0x202
[PANIC_STACK] instr bytes: 00 00 00 00 00
[PANIC_STACK]   [ 0] img+0x3dd7570
[PANIC_STACK]   [ 2] img+0x235a249
[PANIC_STACK]   [25] img+0x30beaa8
[PANIC_STACK]   [26] img+0x237d20a
[SKIP] Null-write at RIP=0x143dd78ae (+0x3dd78ae), advancing 7 bytes, gs_base=0x727ccb0c9000
[PANIC_STACK] RSP=0x7ffe81438798  RAX=0x0  RBX=0x0  RCX=0x0  RDX=0x0
[PANIC_STACK] R8=0x0  R9=0x1c99ce7d0  R10=0x0  R11=0x202
[PANIC_STACK] instr bytes: 00 00 00 00 00
[PANIC_STACK]   [ 0] img+0x3dd7570
[PANIC_STACK]   [ 2] img+0x235a249
[PANIC_STACK]   [25] img+0x30beaa8
[PANIC_STACK]   [26] img+0x237d20a
[SKIP] Null-write at RIP=0x143dd78b5 (+0x3dd78b5), advancing 7 bytes, gs_base=0x727ccb0c9000
[PANIC_STACK] RSP=0x7ffe81438798  RAX=0x0  RBX=0x0  RCX=0x0  RDX=0x0
[PANIC_STACK] R8=0x0  R9=0x1c99ce7d0  R10=0x0  R11=0x202
[PANIC_STACK] instr bytes: 00 00 00 00 00
[PANIC_STACK]   [ 0] img+0x3dd7570
[PANIC_STACK]   [ 2] img+0x235a249
[PANIC_STACK]   [25] img+0x30beaa8
[PANIC_STACK]   [26] img+0x237d20a
[SKIP] Null-write at RIP=0x143dd78bc (+0x3dd78bc), advancing 7 bytes, gs_base=0x727ccb0c9000
[PANIC_STACK] RSP=0x7ffe81438798  RAX=0x0  RBX=0x0  RCX=0x0  RDX=0x0
[PANIC_STACK] R8=0x0  R9=0x1c99ce7d0  R10=0x0  R11=0x202
[PANIC_STACK] instr bytes: 00 00 00 00 00
[PANIC_STACK]   [ 0] img+0x3dd7570
[PANIC_STACK]   [ 2] img+0x235a249
[PANIC_STACK]   [25] img+0x30beaa8
[PANIC_STACK]   [26] img+0x237d20a
[SKIP] Null-write at RIP=0x143dd78c3 (+0x3dd78c3), advancing 7 bytes, gs_base=0x727ccb0c9000
[PANIC_STACK] RSP=0x7ffe81438798  RAX=0x0  RBX=0x0  RCX=0x0  RDX=0x0
[PANIC_STACK] R8=0x0  R9=0x1c99ce7d0  R10=0x0  R11=0x202
[PANIC_STACK] instr bytes: 00 00 00 00 00
[PANIC_STACK]   [ 0] img+0x3dd7570
[PANIC_STACK]   [ 2] img+0x235a249
[PANIC_STACK]   [25] img+0x30beaa8
[PANIC_STACK]   [26] img+0x237d20a
[SKIP] Null-write at RIP=0x143dd78ca (+0x3dd78ca), advancing 7 bytes, gs_base=0x727ccb0c9000
[PANIC_STACK] RSP=0x7ffe81438798  RAX=0x0  RBX=0x0  RCX=0x0  RDX=0x0
[PANIC_STACK] R8=0x0  R9=0x1c99ce7d0  R10=0x0  R11=0x202
[PANIC_STACK] instr bytes: 00 00 00 00 00
[PANIC_STACK]   [ 0] img+0x3dd7570
[PANIC_STACK]   [ 2] img+0x235a249
[PANIC_STACK]   [25] img+0x30beaa8
[PANIC_STACK]   [26] img+0x237d20a
[SKIP] Null-write at RIP=0x143dd78d1 (+0x3dd78d1), advancing 7 bytes, gs_base=0x727ccb0c9000
[PANIC_STACK] RSP=0x7ffe81438798  RAX=0x0  RBX=0x0  RCX=0x0  RDX=0x0
[PANIC_STACK] R8=0x0  R9=0x1c99ce7d0  R10=0x0  R11=0x202
[PANIC_STACK] instr bytes: 00 00 00 00 00
[PANIC_STACK]   [ 0] img+0x3dd7570
[PANIC_STACK]   [ 2] img+0x235a249
[PANIC_STACK]   [25] img+0x30beaa8
[PANIC_STACK]   [26] img+0x237d20a
[SKIP] Null-write at RIP=0x143dd78d8 (+0x3dd78d8), advancing 7 bytes, gs_base=0x727ccb0c9000
[PANIC_STACK] RSP=0x7ffe81438798  RAX=0x0  RBX=0x0  RCX=0x0  RDX=0x0
[PANIC_STACK] R8=0x0  R9=0x1c99ce7d0  R10=0x0  R11=0x202
[PANIC_STACK] instr bytes: 00 00 00 00 00
[PANIC_STACK]   [ 0] img+0x3dd7570
[PANIC_STACK]   [ 2] img+0x235a249
[PANIC_STACK]   [25] img+0x30beaa8
[PANIC_STACK]   [26] img+0x237d20a
[SKIP] Null-write at RIP=0x143dd78df (+0x3dd78df), advancing 7 bytes, gs_base=0x727ccb0c9000
[PANIC_STACK] RSP=0x7ffe81438798  RAX=0x0  RBX=0x0  RCX=0x0  RDX=0x0
[PANIC_STACK] R8=0x0  R9=0x1c99ce7d0  R10=0x0  R11=0x202
[PANIC_STACK] instr bytes: 00 00 00 00 00
[PANIC_STACK]   [ 0] img+0x3dd7570
[PANIC_STACK]   [ 2] img+0x235a249
[PANIC_STACK]   [25] img+0x30beaa8
[PANIC_STACK]   [26] img+0x237d20a
[SKIP] Null-write at RIP=0x143dd78e6 (+0x3dd78e6), advancing 7 bytes, gs_base=0x727ccb0c9000
[PANIC_STACK] RSP=0x7ffe81438798  RAX=0x0  RBX=0x0  RCX=0x0  RDX=0x0
[PANIC_STACK] R8=0x0  R9=0x1c99ce7d0  R10=0x0  R11=0x202
[PANIC_STACK] instr bytes: 00 00 00 00 00
[PANIC_STACK]   [ 0] img+0x3dd7570
[PANIC_STACK]   [ 2] img+0x235a249
[PANIC_STACK]   [25] img+0x30beaa8
[PANIC_STACK]   [26] img+0x237d20a
[SKIP] Null-write at RIP=0x143dd78ed (+0x3dd78ed), advancing 7 bytes, gs_base=0x727ccb0c9000
[PANIC_STACK] RSP=0x7ffe81438798  RAX=0x0  RBX=0x0  RCX=0x0  RDX=0x0
[PANIC_STACK] R8=0x0  R9=0x1c99ce7d0  R10=0x0  R11=0x202
[PANIC_STACK] instr bytes: 00 00 00 00 00
[PANIC_STACK]   [ 0] img+0x3dd7570
[PANIC_STACK]   [ 2] img+0x235a249
[PANIC_STACK]   [25] img+0x30beaa8
[PANIC_STACK]   [26] img+0x237d20a
[SKIP] Null-write at RIP=0x143dd78f4 (+0x3dd78f4), advancing 7 bytes, gs_base=0x727ccb0c9000
[PANIC_STACK] RSP=0x7ffe81438798  RAX=0x0  RBX=0x0  RCX=0x0  RDX=0x0
[PANIC_STACK] R8=0x0  R9=0x1c99ce7d0  R10=0x0  R11=0x202
[PANIC_STACK] instr bytes: 00 00 00 00 00
[PANIC_STACK]   [ 0] img+0x3dd7570
[PANIC_STACK]   [ 2] img+0x235a249
[PANIC_STACK]   [25] img+0x30beaa8
[PANIC_STACK]   [26] img+0x237d20a
[SKIP] Null-write at RIP=0x143dd78fb (+0x3dd78fb), advancing 7 bytes, gs_base=0x727ccb0c9000
[PANIC_STACK] RSP=0x7ffe81438798  RAX=0x0  RBX=0x0  RCX=0x0  RDX=0x0
[PANIC_STACK] R8=0x0  R9=0x1c99ce7d0  R10=0x0  R11=0x202
[PANIC_STACK] instr bytes: 00 00 00 00 00
[PANIC_STACK]   [ 0] img+0x3dd7570
[PANIC_STACK]   [ 2] img+0x235a249
[PANIC_STACK]   [25] img+0x30beaa8
[PANIC_STACK]   [26] img+0x237d20a
[SKIP] Null-write at RIP=0x143dd7902 (+0x3dd7902), advancing 7 bytes, gs_base=0x727ccb0c9000
[PANIC_STACK] RSP=0x7ffe81438798  RAX=0x0  RBX=0x0  RCX=0x0  RDX=0x0
[PANIC_STACK] R8=0x0  R9=0x1c99ce7d0  R10=0x0  R11=0x202
[PANIC_STACK] instr bytes: 00 00 00 00 00
[PANIC_STACK]   [ 0] img+0x3dd7570
[PANIC_STACK]   [ 2] img+0x235a249
[PANIC_STACK]   [25] img+0x30beaa8
[PANIC_STACK]   [26] img+0x237d20a
[SKIP] Null-write at RIP=0x143dd7909 (+0x3dd7909), advancing 7 bytes, gs_base=0x727ccb0c9000
[PANIC_STACK] RSP=0x7ffe81438798  RAX=0x0  RBX=0x0  RCX=0x0  RDX=0x0
[PANIC_STACK] R8=0x0  R9=0x1c99ce7d0  R10=0x0  R11=0x202
[PANIC_STACK] instr bytes: 00 00 00 00 00
[PANIC_STACK]   [ 0] img+0x3dd7570
[PANIC_STACK]   [ 2] img+0x235a249
[PANIC_STACK]   [25] img+0x30beaa8
[PANIC_STACK]   [26] img+0x237d20a
[SKIP] Null-write at RIP=0x143dd7910 (+0x3dd7910), advancing 7 bytes, gs_base=0x727ccb0c9000
[PANIC_STACK] RSP=0x7ffe81438798  RAX=0x0  RBX=0x0  RCX=0x0  RDX=0x0
[PANIC_STACK] R8=0x0  R9=0x1c99ce7d0  R10=0x0  R11=0x202
[PANIC_STACK] instr bytes: 00 00 00 00 00
[PANIC_STACK]   [ 0] img+0x3dd7570
[PANIC_STACK]   [ 2] img+0x235a249
[PANIC_STACK]   [25] img+0x30beaa8
[PANIC_STACK]   [26] img+0x237d20a
[SKIP] Null-write at RIP=0x143dd7917 (+0x3dd7917), advancing 7 bytes, gs_base=0x727ccb0c9000
[PANIC_STACK] RSP=0x7ffe81438798  RAX=0x0  RBX=0x0  RCX=0x0  RDX=0x0
[PANIC_STACK] R8=0x0  R9=0x1c99ce7d0  R10=0x0  R11=0x202
[PANIC_STACK] instr bytes: 00 00 00 00 00
[PANIC_STACK]   [ 0] img+0x3dd7570
[PANIC_STACK]   [ 2] img+0x235a249
[PANIC_STACK]   [25] img+0x30beaa8
[PANIC_STACK]   [26] img+0x237d20a
[SKIP] Null-write at RIP=0x143dd791e (+0x3dd791e), advancing 7 bytes, gs_base=0x727ccb0c9000
[PANIC_STACK] RSP=0x7ffe81438798  RAX=0x0  RBX=0x0  RCX=0x0  RDX=0x0
[PANIC_STACK] R8=0x0  R9=0x1c99ce7d0  R10=0x0  R11=0x202
[PANIC_STACK] instr bytes: 00 00 00 00 00
[PANIC_STACK]   [ 0] img+0x3dd7570
[PANIC_STACK]   [ 2] img+0x235a249
[PANIC_STACK]   [25] img+0x30beaa8
[PANIC_STACK]   [26] img+0x237d20a
[SKIP] Null-write at RIP=0x143dd7925 (+0x3dd7925), advancing 7 bytes, gs_base=0x727ccb0c9000
[PANIC_STACK] RSP=0x7ffe81438798  RAX=0x0  RBX=0x0  RCX=0x0  RDX=0x0
[PANIC_STACK] R8=0x0  R9=0x1c99ce7d0  R10=0x0  R11=0x202
[PANIC_STACK] instr bytes: 00 00 00 00 00
[PANIC_STACK]   [ 0] img+0x3dd7570
[PANIC_STACK]   [ 2] img+0x235a249
[PANIC_STACK]   [25] img+0x30beaa8
[PANIC_STACK]   [26] img+0x237d20a
[SKIP] Null-write at RIP=0x143dd792c (+0x3dd792c), advancing 7 bytes, gs_base=0x727ccb0c9000
[PANIC_STACK] RSP=0x7ffe81438798  RAX=0x0  RBX=0x0  RCX=0x0  RDX=0x0
[PANIC_STACK] R8=0x0  R9=0x1c99ce7d0  R10=0x0  R11=0x202
[PANIC_STACK] instr bytes: 00 00 00 00 00
[PANIC_STACK]   [ 0] img+0x3dd7570
[PANIC_STACK]   [ 2] img+0x235a249
[PANIC_STACK]   [25] img+0x30beaa8
[PANIC_STACK]   [26] img+0x237d20a
[SKIP] Null-write at RIP=0x143dd7933 (+0x3dd7933), advancing 7 bytes, gs_base=0x727ccb0c9000
[PANIC_STACK] RSP=0x7ffe81438798  RAX=0x0  RBX=0x0  RCX=0x0  RDX=0x0
[PANIC_STACK] R8=0x0  R9=0x1c99ce7d0  R10=0x0  R11=0x202
[PANIC_STACK] instr bytes: 00 00 00 00 00
[PANIC_STACK]   [ 0] img+0x3dd7570
[PANIC_STACK]   [ 2] img+0x235a249
[PANIC_STACK]   [25] img+0x30beaa8
[PANIC_STACK]   [26] img+0x237d20a
[SKIP] Null-write at RIP=0x143dd793a (+0x3dd793a), advancing 7 bytes, gs_base=0x727ccb0c9000
[PANIC_STACK] RSP=0x7ffe81438798  RAX=0x0  RBX=0x0  RCX=0x0  RDX=0x0
[PANIC_STACK] R8=0x0  R9=0x1c99ce7d0  R10=0x0  R11=0x202
[PANIC_STACK] instr bytes: 00 00 00 00 00
[PANIC_STACK]   [ 0] img+0x3dd7570
[PANIC_STACK]   [ 2] img+0x235a249
[PANIC_STACK]   [25] img+0x30beaa8
[PANIC_STACK]   [26] img+0x237d20a
[SKIP] Null-write at RIP=0x143dd7941 (+0x3dd7941), advancing 7 bytes, gs_base=0x727ccb0c9000
[PANIC_STACK] RSP=0x7ffe81438798  RAX=0x0  RBX=0x0  RCX=0x0  RDX=0x0
[PANIC_STACK] R8=0x0  R9=0x1c99ce7d0  R10=0x0  R11=0x202
[PANIC_STACK] instr bytes: 00 00 00 00 00
[PANIC_STACK]   [ 0] img+0x3dd7570
[PANIC_STACK]   [ 2] img+0x235a249
[PANIC_STACK]   [25] img+0x30beaa8
[PANIC_STACK]   [26] img+0x237d20a
[SKIP] Null-write at RIP=0x143dd7948 (+0x3dd7948), advancing 7 bytes, gs_base=0x727ccb0c9000
[PANIC_STACK] RSP=0x7ffe81438798  RAX=0x0  RBX=0x0  RCX=0x0  RDX=0x0
[PANIC_STACK] R8=0x0  R9=0x1c99ce7d0  R10=0x0  R11=0x202
[PANIC_STACK] instr bytes: 00 00 00 00 00
[PANIC_STACK]   [ 0] img+0x3dd7570
[PANIC_STACK]   [ 2] img+0x235a249
[PANIC_STACK]   [25] img+0x30beaa8
[PANIC_STACK]   [26] img+0x237d20a
[SKIP] Null-write at RIP=0x143dd794f (+0x3dd794f), advancing 7 bytes, gs_base=0x727ccb0c9000
[PANIC_STACK] RSP=0x7ffe81438798  RAX=0x0  RBX=0x0  RCX=0x0  RDX=0x0
[PANIC_STACK] R8=0x0  R9=0x1c99ce7d0  R10=0x0  R11=0x202
[PANIC_STACK] instr bytes: 00 00 00 00 00
[PANIC_STACK]   [ 0] img+0x3dd7570
[PANIC_STACK]   [ 2] img+0x235a249
[PANIC_STACK]   [25] img+0x30beaa8
[PANIC_STACK]   [26] img+0x237d20a
[SKIP] Null-write at RIP=0x143dd7956 (+0x3dd7956), advancing 7 bytes, gs_base=0x727ccb0c9000
[PANIC_STACK] RSP=0x7ffe81438798  RAX=0x0  RBX=0x0  RCX=0x0  RDX=0x0
[PANIC_STACK] R8=0x0  R9=0x1c99ce7d0  R10=0x0  R11=0x202
[PANIC_STACK] instr bytes: 00 00 00 00 00
[PANIC_STACK]   [ 0] img+0x3dd7570
[PANIC_STACK]   [ 2] img+0x235a249
[PANIC_STACK]   [25] img+0x30beaa8
[PANIC_STACK]   [26] img+0x237d20a
[SKIP] Null-write at RIP=0x143dd795d (+0x3dd795d), advancing 7 bytes, gs_base=0x727ccb0c9000
[PANIC_STACK] RSP=0x7ffe81438798  RAX=0x0  RBX=0x0  RCX=0x0  RDX=0x0
[PANIC_STACK] R8=0x0  R9=0x1c99ce7d0  R10=0x0  R11=0x202
[PANIC_STACK] instr bytes: 00 00 00 00 00
[PANIC_STACK]   [ 0] img+0x3dd7570
[PANIC_STACK]   [ 2] img+0x235a249
[PANIC_STACK]   [25] img+0x30beaa8
[PANIC_STACK]   [26] img+0x237d20a
[SKIP] Null-write at RIP=0x143dd7964 (+0x3dd7964), advancing 7 bytes, gs_base=0x727ccb0c9000
[PANIC_STACK] RSP=0x7ffe81438798  RAX=0x0  RBX=0x0  RCX=0x0  RDX=0x0
[PANIC_STACK] R8=0x0  R9=0x1c99ce7d0  R10=0x0  R11=0x202
[PANIC_STACK] instr bytes: 00 00 00 00 00
[PANIC_STACK]   [ 0] img+0x3dd7570
[PANIC_STACK]   [ 2] img+0x235a249
[PANIC_STACK]   [25] img+0x30beaa8
[PANIC_STACK]   [26] img+0x237d20a
[SKIP] Null-write at RIP=0x143dd796b (+0x3dd796b), advancing 7 bytes, gs_base=0x727ccb0c9000
[PANIC_STACK] RSP=0x7ffe81438798  RAX=0x0  RBX=0x0  RCX=0x0  RDX=0x0
[PANIC_STACK] R8=0x0  R9=0x1c99ce7d0  R10=0x0  R11=0x202
[PANIC_STACK] instr bytes: 00 00 00 00 00
[PANIC_STACK]   [ 0] img+0x3dd7570
[PANIC_STACK]   [ 2] img+0x235a249
[PANIC_STACK]   [25] img+0x30beaa8
[PANIC_STACK]   [26] img+0x237d20a
[SKIP] Null-write at RIP=0x143dd7972 (+0x3dd7972), advancing 7 bytes, gs_base=0x727ccb0c9000
[PANIC_STACK] RSP=0x7ffe81438798  RAX=0x0  RBX=0x0  RCX=0x0  RDX=0x0
[PANIC_STACK] R8=0x0  R9=0x1c99ce7d0  R10=0x0  R11=0x202
[PANIC_STACK] instr bytes: 00 00 00 00 00
[PANIC_STACK]   [ 0] img+0x3dd7570
[PANIC_STACK]   [ 2] img+0x235a249
[PANIC_STACK]   [25] img+0x30beaa8
[PANIC_STACK]   [26] img+0x237d20a
[SKIP] Null-write at RIP=0x143dd7979 (+0x3dd7979), advancing 7 bytes, gs_base=0x727ccb0c9000
[PANIC_STACK] RSP=0x7ffe81438798  RAX=0x0  RBX=0x0  RCX=0x0  RDX=0x0
[PANIC_STACK] R8=0x0  R9=0x1c99ce7d0  R10=0x0  R11=0x202
[PANIC_STACK] instr bytes: 00 00 00 00 00
[PANIC_STACK]   [ 0] img+0x3dd7570
[PANIC_STACK]   [ 2] img+0x235a249
[PANIC_STACK]   [25] img+0x30beaa8
[PANIC_STACK]   [26] img+0x237d20a
[SKIP] Null-write at RIP=0x143dd7980 (+0x3dd7980), advancing 7 bytes, gs_base=0x727ccb0c9000
[PANIC_STACK] RSP=0x7ffe81438798  RAX=0x0  RBX=0x0  RCX=0x0  RDX=0x0
[PANIC_STACK] R8=0x0  R9=0x1c99ce7d0  R10=0x0  R11=0x202
[PANIC_STACK] instr bytes: 00 00 00 00 00
[PANIC_STACK]   [ 0] img+0x3dd7570
[PANIC_STACK]   [ 2] img+0x235a249
[PANIC_STACK]   [25] img+0x30beaa8
[PANIC_STACK]   [26] img+0x237d20a
[SKIP] Null-write at RIP=0x143dd7987 (+0x3dd7987), advancing 7 bytes, gs_base=0x727ccb0c9000
[PANIC_STACK] RSP=0x7ffe81438798  RAX=0x0  RBX=0x0  RCX=0x0  RDX=0x0
[PANIC_STACK] R8=0x0  R9=0x1c99ce7d0  R10=0x0  R11=0x202
[PANIC_STACK] instr bytes: 00 00 00 00 00
[PANIC_STACK]   [ 0] img+0x3dd7570
[PANIC_STACK]   [ 2] img+0x235a249
[PANIC_STACK]   [25] img+0x30beaa8
[PANIC_STACK]   [26] img+0x237d20a
[SKIP] Null-write at RIP=0x143dd798e (+0x3dd798e), advancing 7 bytes, gs_base=0x727ccb0c9000
[PANIC_STACK] RSP=0x7ffe81438798  RAX=0x0  RBX=0x0  RCX=0x0  RDX=0x0
[PANIC_STACK] R8=0x0  R9=0x1c99ce7d0  R10=0x0  R11=0x202
[PANIC_STACK] instr bytes: 00 00 00 00 00
[PANIC_STACK]   [ 0] img+0x3dd7570
[PANIC_STACK]   [ 2] img+0x235a249
[PANIC_STACK]   [25] img+0x30beaa8
[PANIC_STACK]   [26] img+0x237d20a
[SKIP] Null-write at RIP=0x143dd7995 (+0x3dd7995), advancing 7 bytes, gs_base=0x727ccb0c9000
[PANIC_STACK] RSP=0x7ffe81438798  RAX=0x0  RBX=0x0  RCX=0x0  RDX=0x0
[PANIC_STACK] R8=0x0  R9=0x1c99ce7d0  R10=0x0  R11=0x202
[PANIC_STACK] instr bytes: 00 00 00 00 00
[PANIC_STACK]   [ 0] img+0x3dd7570
[PANIC_STACK]   [ 2] img+0x235a249
[PANIC_STACK]   [25] img+0x30beaa8
[PANIC_STACK]   [26] img+0x237d20a
[SKIP] Null-write at RIP=0x143dd799c (+0x3dd799c), advancing 7 bytes, gs_base=0x727ccb0c9000
[PANIC_STACK] RSP=0x7ffe81438798  RAX=0x0  RBX=0x0  RCX=0x0  RDX=0x0
[PANIC_STACK] R8=0x0  R9=0x1c99ce7d0  R10=0x0  R11=0x202
[PANIC_STACK] instr bytes: 00 00 00 00 00
[PANIC_STACK]   [ 0] img+0x3dd7570
[PANIC_STACK]   [ 2] img+0x235a249
[PANIC_STACK]   [25] img+0x30beaa8
[PANIC_STACK]   [26] img+0x237d20a
[SKIP] Null-write at RIP=0x143dd79a3 (+0x3dd79a3), advancing 7 bytes, gs_base=0x727ccb0c9000
[PANIC_STACK] RSP=0x7ffe81438798  RAX=0x0  RBX=0x0  RCX=0x0  RDX=0x0
[PANIC_STACK] R8=0x0  R9=0x1c99ce7d0  R10=0x0  R11=0x202
[PANIC_STACK] instr bytes: 00 00 00 00 00
[PANIC_STACK]   [ 0] img+0x3dd7570
[PANIC_STACK]   [ 2] img+0x235a249
[PANIC_STACK]   [25] img+0x30beaa8
[PANIC_STACK]   [26] img+0x237d20a
[SKIP] Null-write at RIP=0x143dd79aa (+0x3dd79aa), advancing 7 bytes, gs_base=0x727ccb0c9000
[PANIC_STACK] RSP=0x7ffe81438798  RAX=0x0  RBX=0x0  RCX=0x0  RDX=0x0
[PANIC_STACK] R8=0x0  R9=0x1c99ce7d0  R10=0x0  R11=0x202
[PANIC_STACK] instr bytes: 00 00 00 00 00
[PANIC_STACK]   [ 0] img+0x3dd7570
[PANIC_STACK]   [ 2] img+0x235a249
[PANIC_STACK]   [25] img+0x30beaa8
[PANIC_STACK]   [26] img+0x237d20a
[SKIP] Null-write at RIP=0x143dd79b1 (+0x3dd79b1), advancing 7 bytes, gs_base=0x727ccb0c9000
[PANIC_STACK] RSP=0x7ffe81438798  RAX=0x0  RBX=0x0  RCX=0x0  RDX=0x0
[PANIC_STACK] R8=0x0  R9=0x1c99ce7d0  R10=0x0  R11=0x202
[PANIC_STACK] instr bytes: 00 00 00 00 00
[PANIC_STACK]   [ 0] img+0x3dd7570
[PANIC_STACK]   [ 2] img+0x235a249
[PANIC_STACK]   [25] img+0x30beaa8
[PANIC_STACK]   [26] img+0x237d20a
[SKIP] Null-write at RIP=0x143dd79b8 (+0x3dd79b8), advancing 7 bytes, gs_base=0x727ccb0c9000
[PANIC_STACK] RSP=0x7ffe81438798  RAX=0x0  RBX=0x0  RCX=0x0  RDX=0x0
[PANIC_STACK] R8=0x0  R9=0x1c99ce7d0  R10=0x0  R11=0x202
[PANIC_STACK] instr bytes: 00 00 00 00 00
[PANIC_STACK]   [ 0] img+0x3dd7570
[PANIC_STACK]   [ 2] img+0x235a249
[PANIC_STACK]   [25] img+0x30beaa8
[PANIC_STACK]   [26] img+0x237d20a
[SKIP] Null-write at RIP=0x143dd79bf (+0x3dd79bf), advancing 7 bytes, gs_base=0x727ccb0c9000
[PANIC_STACK] RSP=0x7ffe81438798  RAX=0x0  RBX=0x0  RCX=0x0  RDX=0x0
[PANIC_STACK] R8=0x0  R9=0x1c99ce7d0  R10=0x0  R11=0x202
[PANIC_STACK] instr bytes: 00 00 00 00 00
[PANIC_STACK]   [ 0] img+0x3dd7570
[PANIC_STACK]   [ 2] img+0x235a249
[PANIC_STACK]   [25] img+0x30beaa8
[PANIC_STACK]   [26] img+0x237d20a
[SKIP] Null-write at RIP=0x143dd79c6 (+0x3dd79c6), advancing 7 bytes, gs_base=0x727ccb0c9000
[PANIC_STACK] RSP=0x7ffe81438798  RAX=0x0  RBX=0x0  RCX=0x0  RDX=0x0
[PANIC_STACK] R8=0x0  R9=0x1c99ce7d0  R10=0x0  R11=0x202
[PANIC_STACK] instr bytes: 00 00 00 00 00
[PANIC_STACK]   [ 0] img+0x3dd7570
[PANIC_STACK]   [ 2] img+0x235a249
[PANIC_STACK]   [25] img+0x30beaa8
[PANIC_STACK]   [26] img+0x237d20a
[SKIP] Null-write at RIP=0x143dd79cd (+0x3dd79cd), advancing 7 bytes, gs_base=0x727ccb0c9000
[PANIC_STACK] RSP=0x7ffe81438798  RAX=0x0  RBX=0x0  RCX=0x0  RDX=0x0
[PANIC_STACK] R8=0x0  R9=0x1c99ce7d0  R10=0x0  R11=0x202
[PANIC_STACK] instr bytes: 00 00 00 00 00
[PANIC_STACK]   [ 0] img+0x3dd7570
[PANIC_STACK]   [ 2] img+0x235a249
[PANIC_STACK]   [25] img+0x30beaa8
[PANIC_STACK]   [26] img+0x237d20a
[SKIP] Null-write at RIP=0x143dd79d4 (+0x3dd79d4), advancing 7 bytes, gs_base=0x727ccb0c9000
[PANIC_STACK] RSP=0x7ffe81438798  RAX=0x0  RBX=0x0  RCX=0x0  RDX=0x0
[PANIC_STACK] R8=0x0  R9=0x1c99ce7d0  R10=0x0  R11=0x202
[PANIC_STACK] instr bytes: 00 00 00 00 00
[PANIC_STACK]   [ 0] img+0x3dd7570
[PANIC_STACK]   [ 2] img+0x235a249
[PANIC_STACK]   [25] img+0x30beaa8
[PANIC_STACK]   [26] img+0x237d20a
[SKIP] Null-write at RIP=0x143dd79db (+0x3dd79db), advancing 7 bytes, gs_base=0x727ccb0c9000
[PANIC_STACK] RSP=0x7ffe81438798  RAX=0x0  RBX=0x0  RCX=0x0  RDX=0x0
[PANIC_STACK] R8=0x0  R9=0x1c99ce7d0  R10=0x0  R11=0x202
[PANIC_STACK] instr bytes: 00 00 00 00 00
[PANIC_STACK]   [ 0] img+0x3dd7570
[PANIC_STACK]   [ 2] img+0x235a249
[PANIC_STACK]   [25] img+0x30beaa8
[PANIC_STACK]   [26] img+0x237d20a
[SKIP] Null-write at RIP=0x143dd79e2 (+0x3dd79e2), advancing 7 bytes, gs_base=0x727ccb0c9000
[PANIC_STACK] RSP=0x7ffe81438798  RAX=0x0  RBX=0x0  RCX=0x0  RDX=0x0
[PANIC_STACK] R8=0x0  R9=0x1c99ce7d0  R10=0x0  R11=0x202
[PANIC_STACK] instr bytes: 00 00 00 00 00
[PANIC_STACK]   [ 0] img+0x3dd7570
[PANIC_STACK]   [ 2] img+0x235a249
[PANIC_STACK]   [25] img+0x30beaa8
[PANIC_STACK]   [26] img+0x237d20a
[SKIP] Null-write at RIP=0x143dd79e9 (+0x3dd79e9), advancing 7 bytes, gs_base=0x727ccb0c9000
[PANIC_STACK] RSP=0x7ffe81438798  RAX=0x0  RBX=0x0  RCX=0x0  RDX=0x0
[PANIC_STACK] R8=0x0  R9=0x1c99ce7d0  R10=0x0  R11=0x202
[PANIC_STACK] instr bytes: 00 00 00 00 00
[PANIC_STACK]   [ 0] img+0x3dd7570
[PANIC_STACK]   [ 2] img+0x235a249
[PANIC_STACK]   [25] img+0x30beaa8
[PANIC_STACK]   [26] img+0x237d20a
[SKIP] Null-write at RIP=0x143dd79f0 (+0x3dd79f0), advancing 7 bytes, gs_base=0x727ccb0c9000
[PANIC_STACK] RSP=0x7ffe81438798  RAX=0x0  RBX=0x0  RCX=0x0  RDX=0x0
[PANIC_STACK] R8=0x0  R9=0x1c99ce7d0  R10=0x0  R11=0x202
[PANIC_STACK] instr bytes: 00 00 00 00 00
[PANIC_STACK]   [ 0] img+0x3dd7570
[PANIC_STACK]   [ 2] img+0x235a249
[PANIC_STACK]   [25] img+0x30beaa8
[PANIC_STACK]   [26] img+0x237d20a
[SKIP] Null-write at RIP=0x143dd79f7 (+0x3dd79f7), advancing 7 bytes, gs_base=0x727ccb0c9000
[PANIC_STACK] RSP=0x7ffe81438798  RAX=0x0  RBX=0x0  RCX=0x0  RDX=0x0
[PANIC_STACK] R8=0x0  R9=0x1c99ce7d0  R10=0x0  R11=0x202
[PANIC_STACK] instr bytes: 00 00 00 00 00
[PANIC_STACK]   [ 0] img+0x3dd7570
[PANIC_STACK]   [ 2] img+0x235a249
[PANIC_STACK]   [25] img+0x30beaa8
[PANIC_STACK]   [26] img+0x237d20a
[SKIP] Null-write at RIP=0x143dd79fe (+0x3dd79fe), advancing 7 bytes, gs_base=0x727ccb0c9000
[PANIC_STACK] RSP=0x7ffe81438798  RAX=0x0  RBX=0x0  RCX=0x0  RDX=0x0
[PANIC_STACK] R8=0x0  R9=0x1c99ce7d0  R10=0x0  R11=0x202
[PANIC_STACK] instr bytes: 00 00 00 00 00
[PANIC_STACK]   [ 0] img+0x3dd7570
[PANIC_STACK]   [ 2] img+0x235a249
[PANIC_STACK]   [25] img+0x30beaa8
[PANIC_STACK]   [26] img+0x237d20a
[SKIP] Null-write at RIP=0x143dd7a05 (+0x3dd7a05), advancing 7 bytes, gs_base=0x727ccb0c9000
[PANIC_STACK] RSP=0x7ffe81438798  RAX=0x0  RBX=0x0  RCX=0x0  RDX=0x0
[PANIC_STACK] R8=0x0  R9=0x1c99ce7d0  R10=0x0  R11=0x202
[PANIC_STACK] instr bytes: 00 00 00 00 00
[PANIC_STACK]   [ 0] img+0x3dd7570
[PANIC_STACK]   [ 2] img+0x235a249
[PANIC_STACK]   [25] img+0x30beaa8
[PANIC_STACK]   [26] img+0x237d20a
[SKIP] Null-write at RIP=0x143dd7a0c (+0x3dd7a0c), advancing 7 bytes, gs_base=0x727ccb0c9000
[PANIC_STACK] RSP=0x7ffe81438798  RAX=0x0  RBX=0x0  RCX=0x0  RDX=0x0
[PANIC_STACK] R8=0x0  R9=0x1c99ce7d0  R10=0x0  R11=0x202
[PANIC_STACK] instr bytes: 00 00 00 00 00
[PANIC_STACK]   [ 0] img+0x3dd7570
[PANIC_STACK]   [ 2] img+0x235a249
[PANIC_STACK]   [25] img+0x30beaa8
[PANIC_STACK]   [26] img+0x237d20a
[SKIP] Null-write at RIP=0x143dd7a13 (+0x3dd7a13), advancing 7 bytes, gs_base=0x727ccb0c9000
[PANIC_STACK] RSP=0x7ffe81438798  RAX=0x0  RBX=0x0  RCX=0x0  RDX=0x0
[PANIC_STACK] R8=0x0  R9=0x1c99ce7d0  R10=0x0  R11=0x202
[PANIC_STACK] instr bytes: 00 00 00 00 00
[PANIC_STACK]   [ 0] img+0x3dd7570
[PANIC_STACK]   [ 2] img+0x235a249
[PANIC_STACK]   [25] img+0x30beaa8
[PANIC_STACK]   [26] img+0x237d20a
[SKIP] Null-write at RIP=0x143dd7a1a (+0x3dd7a1a), advancing 7 bytes, gs_base=0x727ccb0c9000
[PANIC_STACK] RSP=0x7ffe81438798  RAX=0x0  RBX=0x0  RCX=0x0  RDX=0x0
[PANIC_STACK] R8=0x0  R9=0x1c99ce7d0  R10=0x0  R11=0x202
[PANIC_STACK] instr bytes: 00 00 00 00 00
[PANIC_STACK]   [ 0] img+0x3dd7570
[PANIC_STACK]   [ 2] img+0x235a249
[PANIC_STACK]   [25] img+0x30beaa8
[PANIC_STACK]   [26] img+0x237d20a
[SKIP] Null-write at RIP=0x143dd7a21 (+0x3dd7a21), advancing 7 bytes, gs_base=0x727ccb0c9000
[PANIC_STACK] RSP=0x7ffe81438798  RAX=0x0  RBX=0x0  RCX=0x0  RDX=0x0
[PANIC_STACK] R8=0x0  R9=0x1c99ce7d0  R10=0x0  R11=0x202
[PANIC_STACK] instr bytes: 00 00 00 00 00
[PANIC_STACK]   [ 0] img+0x3dd7570
[PANIC_STACK]   [ 2] img+0x235a249
[PANIC_STACK]   [25] img+0x30beaa8
[PANIC_STACK]   [26] img+0x237d20a
[SKIP] Null-write at RIP=0x143dd7a28 (+0x3dd7a28), advancing 7 bytes, gs_base=0x727ccb0c9000
[PANIC_STACK] RSP=0x7ffe81438798  RAX=0x0  RBX=0x0  RCX=0x0  RDX=0x0
[PANIC_STACK] R8=0x0  R9=0x1c99ce7d0  R10=0x0  R11=0x202
[PANIC_STACK] instr bytes: 00 00 00 00 00
[PANIC_STACK]   [ 0] img+0x3dd7570
[PANIC_STACK]   [ 2] img+0x235a249
[PANIC_STACK]   [25] img+0x30beaa8
[PANIC_STACK]   [26] img+0x237d20a
[SKIP] Null-write at RIP=0x143dd7a2f (+0x3dd7a2f), advancing 7 bytes, gs_base=0x727ccb0c9000
[PANIC_STACK] RSP=0x7ffe81438798  RAX=0x0  RBX=0x0  RCX=0x0  RDX=0x0
[PANIC_STACK] R8=0x0  R9=0x1c99ce7d0  R10=0x0  R11=0x202
[PANIC_STACK] instr bytes: 00 00 00 00 00
[PANIC_STACK]   [ 0] img+0x3dd7570
[PANIC_STACK]   [ 2] img+0x235a249
[PANIC_STACK]   [25] img+0x30beaa8
[PANIC_STACK]   [26] img+0x237d20a
[SKIP] Null-write at RIP=0x143dd7a36 (+0x3dd7a36), advancing 7 bytes, gs_base=0x727ccb0c9000
[PANIC_STACK] RSP=0x7ffe81438798  RAX=0x0  RBX=0x0  RCX=0x0  RDX=0x0
[PANIC_STACK] R8=0x0  R9=0x1c99ce7d0  R10=0x0  R11=0x202
[PANIC_STACK] instr bytes: 00 00 00 00 00
[PANIC_STACK]   [ 0] img+0x3dd7570
[PANIC_STACK]   [ 2] img+0x235a249
[PANIC_STACK]   [25] img+0x30beaa8
[PANIC_STACK]   [26] img+0x237d20a
[SKIP] Null-write at RIP=0x143dd7a3d (+0x3dd7a3d), advancing 7 bytes, gs_base=0x727ccb0c9000
[PANIC_STACK] RSP=0x7ffe81438798  RAX=0x0  RBX=0x0  RCX=0x0  RDX=0x0
[PANIC_STACK] R8=0x0  R9=0x1c99ce7d0  R10=0x0  R11=0x202
[PANIC_STACK] instr bytes: 00 00 00 00 00
[PANIC_STACK]   [ 0] img+0x3dd7570
[PANIC_STACK]   [ 2] img+0x235a249
[PANIC_STACK]   [25] img+0x30beaa8
[PANIC_STACK]   [26] img+0x237d20a
[SKIP] Null-write at RIP=0x143dd7a44 (+0x3dd7a44), advancing 7 bytes, gs_base=0x727ccb0c9000
[PANIC_STACK] RSP=0x7ffe81438798  RAX=0x0  RBX=0x0  RCX=0x0  RDX=0x0
[PANIC_STACK] R8=0x0  R9=0x1c99ce7d0  R10=0x0  R11=0x202
[PANIC_STACK] instr bytes: 00 00 00 00 00
[PANIC_STACK]   [ 0] img+0x3dd7570
[PANIC_STACK]   [ 2] img+0x235a249
[PANIC_STACK]   [25] img+0x30beaa8
[PANIC_STACK]   [26] img+0x237d20a
[SKIP] Null-write at RIP=0x143dd7a4b (+0x3dd7a4b), advancing 7 bytes, gs_base=0x727ccb0c9000
[PANIC_STACK] RSP=0x7ffe81438798  RAX=0x0  RBX=0x0  RCX=0x0  RDX=0x0
[PANIC_STACK] R8=0x0  R9=0x1c99ce7d0  R10=0x0  R11=0x202
[PANIC_STACK] instr bytes: 00 00 00 00 00
[PANIC_STACK]   [ 0] img+0x3dd7570
[PANIC_STACK]   [ 2] img+0x235a249
[PANIC_STACK]   [25] img+0x30beaa8
[PANIC_STACK]   [26] img+0x237d20a
[SKIP] Null-write at RIP=0x143dd7a52 (+0x3dd7a52), advancing 7 bytes, gs_base=0x727ccb0c9000
[PANIC_STACK] RSP=0x7ffe81438798  RAX=0x0  RBX=0x0  RCX=0x0  RDX=0x0
[PANIC_STACK] R8=0x0  R9=0x1c99ce7d0  R10=0x0  R11=0x202
[PANIC_STACK] instr bytes: 00 00 00 00 00
[PANIC_STACK]   [ 0] img+0x3dd7570
[PANIC_STACK]   [ 2] img+0x235a249
[PANIC_STACK]   [25] img+0x30beaa8
[PANIC_STACK]   [26] img+0x237d20a
[SKIP] Null-write at RIP=0x143dd7a59 (+0x3dd7a59), advancing 7 bytes, gs_base=0x727ccb0c9000
[PANIC_STACK] RSP=0x7ffe81438798  RAX=0x0  RBX=0x0  RCX=0x0  RDX=0x0
[PANIC_STACK] R8=0x0  R9=0x1c99ce7d0  R10=0x0  R11=0x202
[PANIC_STACK] instr bytes: 00 00 00 00 00
[PANIC_STACK]   [ 0] img+0x3dd7570
[PANIC_STACK]   [ 2] img+0x235a249
[PANIC_STACK]   [25] img+0x30beaa8
[PANIC_STACK]   [26] img+0x237d20a
[SKIP] Null-write at RIP=0x143dd7a60 (+0x3dd7a60), advancing 7 bytes, gs_base=0x727ccb0c9000
[PANIC_STACK] RSP=0x7ffe81438798  RAX=0x0  RBX=0x0  RCX=0x0  RDX=0x0
[PANIC_STACK] R8=0x0  R9=0x1c99ce7d0  R10=0x0  R11=0x202
[PANIC_STACK] instr bytes: 00 00 00 00 00
[PANIC_STACK]   [ 0] img+0x3dd7570
[PANIC_STACK]   [ 2] img+0x235a249
[PANIC_STACK]   [25] img+0x30beaa8
[PANIC_STACK]   [26] img+0x237d20a
[SKIP] Null-write at RIP=0x143dd7a67 (+0x3dd7a67), advancing 7 bytes, gs_base=0x727ccb0c9000
[PANIC_STACK] RSP=0x7ffe81438798  RAX=0x0  RBX=0x0  RCX=0x0  RDX=0x0
[PANIC_STACK] R8=0x0  R9=0x1c99ce7d0  R10=0x0  R11=0x202
[PANIC_STACK] instr bytes: 00 00 00 00 00
[PANIC_STACK]   [ 0] img+0x3dd7570
[PANIC_STACK]   [ 2] img+0x235a249
[PANIC_STACK]   [25] img+0x30beaa8
[PANIC_STACK]   [26] img+0x237d20a
[SKIP] Null-write at RIP=0x143dd7a6e (+0x3dd7a6e), advancing 7 bytes, gs_base=0x727ccb0c9000
[PANIC_STACK] RSP=0x7ffe81438798  RAX=0x0  RBX=0x0  RCX=0x0  RDX=0x0
[PANIC_STACK] R8=0x0  R9=0x1c99ce7d0  R10=0x0  R11=0x202
[PANIC_STACK] instr bytes: 00 00 00 00 00
[PANIC_STACK]   [ 0] img+0x3dd7570
[PANIC_STACK]   [ 2] img+0x235a249
[PANIC_STACK]   [25] img+0x30beaa8
[PANIC_STACK]   [26] img+0x237d20a
[SKIP] Null-write at RIP=0x143dd7a75 (+0x3dd7a75), advancing 7 bytes, gs_base=0x727ccb0c9000
[PANIC_STACK] RSP=0x7ffe81438798  RAX=0x0  RBX=0x0  RCX=0x0  RDX=0x0
[PANIC_STACK] R8=0x0  R9=0x1c99ce7d0  R10=0x0  R11=0x202
[PANIC_STACK] instr bytes: 00 00 00 00 00
[PANIC_STACK]   [ 0] img+0x3dd7570
[PANIC_STACK]   [ 2] img+0x235a249
[PANIC_STACK]   [25] img+0x30beaa8
[PANIC_STACK]   [26] img+0x237d20a
[SKIP] Null-write at RIP=0x143dd7a7c (+0x3dd7a7c), advancing 7 bytes, gs_base=0x727ccb0c9000
[PANIC_STACK] RSP=0x7ffe81438798  RAX=0x0  RBX=0x0  RCX=0x0  RDX=0x0
[PANIC_STACK] R8=0x0  R9=0x1c99ce7d0  R10=0x0  R11=0x202
[PANIC_STACK] instr bytes: 00 00 00 00 00
[PANIC_STACK]   [ 0] img+0x3dd7570
[PANIC_STACK]   [ 2] img+0x235a249
[PANIC_STACK]   [25] img+0x30beaa8
[PANIC_STACK]   [26] img+0x237d20a
[SKIP] Null-write at RIP=0x143dd7a83 (+0x3dd7a83), advancing 7 bytes, gs_base=0x727ccb0c9000
[PANIC_STACK] RSP=0x7ffe81438798  RAX=0x0  RBX=0x0  RCX=0x0  RDX=0x0
[PANIC_STACK] R8=0x0  R9=0x1c99ce7d0  R10=0x0  R11=0x202
[PANIC_STACK] instr bytes: 00 00 00 00 00
[PANIC_STACK]   [ 0] img+0x3dd7570
[PANIC_STACK]   [ 2] img+0x235a249
[PANIC_STACK]   [25] img+0x30beaa8
[PANIC_STACK]   [26] img+0x237d20a
[SKIP] Null-write at RIP=0x143dd7a8a (+0x3dd7a8a), advancing 7 bytes, gs_base=0x727ccb0c9000
[PANIC_STACK] RSP=0x7ffe81438798  RAX=0x0  RBX=0x0  RCX=0x0  RDX=0x0
[PANIC_STACK] R8=0x0  R9=0x1c99ce7d0  R10=0x0  R11=0x202
[PANIC_STACK] instr bytes: 00 00 00 00 00
[PANIC_STACK]   [ 0] img+0x3dd7570
[PANIC_STACK]   [ 2] img+0x235a249
[PANIC_STACK]   [25] img+0x30beaa8
[PANIC_STACK]   [26] img+0x237d20a
[SKIP] Null-write at RIP=0x143dd7a91 (+0x3dd7a91), advancing 7 bytes, gs_base=0x727ccb0c9000
[PANIC_STACK] RSP=0x7ffe81438798  RAX=0x0  RBX=0x0  RCX=0x0  RDX=0x0
[PANIC_STACK] R8=0x0  R9=0x1c99ce7d0  R10=0x0  R11=0x202
[PANIC_STACK] instr bytes: 00 00 00 00 00
[PANIC_STACK]   [ 0] img+0x3dd7570
[PANIC_STACK]   [ 2] img+0x235a249
[PANIC_STACK]   [25] img+0x30beaa8
[PANIC_STACK]   [26] img+0x237d20a
[SKIP] Null-write at RIP=0x143dd7a98 (+0x3dd7a98), advancing 7 bytes, gs_base=0x727ccb0c9000
[PANIC_STACK] RSP=0x7ffe81438798  RAX=0x0  RBX=0x0  RCX=0x0  RDX=0x0
[PANIC_STACK] R8=0x0  R9=0x1c99ce7d0  R10=0x0  R11=0x202
[PANIC_STACK] instr bytes: 00 00 00 00 00
[PANIC_STACK]   [ 0] img+0x3dd7570
[PANIC_STACK]   [ 2] img+0x235a249
[PANIC_STACK]   [25] img+0x30beaa8
[PANIC_STACK]   [26] img+0x237d20a
[SKIP] Null-write at RIP=0x143dd7a9f (+0x3dd7a9f), advancing 7 bytes, gs_base=0x727ccb0c9000
[PANIC_STACK] RSP=0x7ffe81438798  RAX=0x0  RBX=0x0  RCX=0x0  RDX=0x0
[PANIC_STACK] R8=0x0  R9=0x1c99ce7d0  R10=0x0  R11=0x202
[PANIC_STACK] instr bytes: 00 00 00 00 00
[PANIC_STACK]   [ 0] img+0x3dd7570
[PANIC_STACK]   [ 2] img+0x235a249
[PANIC_STACK]   [25] img+0x30beaa8
[PANIC_STACK]   [26] img+0x237d20a
[SKIP] Null-write at RIP=0x143dd7aa6 (+0x3dd7aa6), advancing 7 bytes, gs_base=0x727ccb0c9000
[PANIC_STACK] RSP=0x7ffe81438798  RAX=0x0  RBX=0x0  RCX=0x0  RDX=0x0
[PANIC_STACK] R8=0x0  R9=0x1c99ce7d0  R10=0x0  R11=0x202
[PANIC_STACK] instr bytes: 00 00 00 00 00
[PANIC_STACK]   [ 0] img+0x3dd7570
[PANIC_STACK]   [ 2] img+0x235a249
[PANIC_STACK]   [25] img+0x30beaa8
[PANIC_STACK]   [26] img+0x237d20a
[SKIP] Null-write at RIP=0x143dd7aad (+0x3dd7aad), advancing 7 bytes, gs_base=0x727ccb0c9000
[PANIC_STACK] RSP=0x7ffe81438798  RAX=0x0  RBX=0x0  RCX=0x0  RDX=0x0
[PANIC_STACK] R8=0x0  R9=0x1c99ce7d0  R10=0x0  R11=0x202
[PANIC_STACK] instr bytes: 00 00 00 00 00
[PANIC_STACK]   [ 0] img+0x3dd7570
[PANIC_STACK]   [ 2] img+0x235a249
[PANIC_STACK]   [25] img+0x30beaa8
[PANIC_STACK]   [26] img+0x237d20a
[SKIP] Null-write at RIP=0x143dd7ab4 (+0x3dd7ab4), advancing 7 bytes, gs_base=0x727ccb0c9000
[PANIC_STACK] RSP=0x7ffe81438798  RAX=0x0  RBX=0x0  RCX=0x0  RDX=0x0
[PANIC_STACK] R8=0x0  R9=0x1c99ce7d0  R10=0x0  R11=0x202
[PANIC_STACK] instr bytes: 00 00 00 00 00
[PANIC_STACK]   [ 0] img+0x3dd7570
[PANIC_STACK]   [ 2] img+0x235a249
[PANIC_STACK]   [25] img+0x30beaa8
[PANIC_STACK]   [26] img+0x237d20a
[SKIP] Null-write at RIP=0x143dd7abb (+0x3dd7abb), advancing 7 bytes, gs_base=0x727ccb0c9000
[PANIC_STACK] RSP=0x7ffe81438798  RAX=0x0  RBX=0x0  RCX=0x0  RDX=0x0
[PANIC_STACK] R8=0x0  R9=0x1c99ce7d0  R10=0x0  R11=0x202
[PANIC_STACK] instr bytes: 00 00 00 00 00
[PANIC_STACK]   [ 0] img+0x3dd7570
[PANIC_STACK]   [ 2] img+0x235a249
[PANIC_STACK]   [25] img+0x30beaa8
[PANIC_STACK]   [26] img+0x237d20a
[SKIP] Null-write at RIP=0x143dd7ac2 (+0x3dd7ac2), advancing 7 bytes, gs_base=0x727ccb0c9000
[PANIC_STACK] RSP=0x7ffe81438798  RAX=0x0  RBX=0x0  RCX=0x0  RDX=0x0
[PANIC_STACK] R8=0x0  R9=0x1c99ce7d0  R10=0x0  R11=0x202
[PANIC_STACK] instr bytes: 00 00 00 00 00
[PANIC_STACK]   [ 0] img+0x3dd7570
[PANIC_STACK]   [ 2] img+0x235a249
[PANIC_STACK]   [25] img+0x30beaa8
[PANIC_STACK]   [26] img+0x237d20a
[SKIP] Null-write at RIP=0x143dd7ac9 (+0x3dd7ac9), advancing 7 bytes, gs_base=0x727ccb0c9000
[PANIC_STACK] RSP=0x7ffe81438798  RAX=0x0  RBX=0x0  RCX=0x0  RDX=0x0
[PANIC_STACK] R8=0x0  R9=0x1c99ce7d0  R10=0x0  R11=0x202
[PANIC_STACK] instr bytes: 00 00 00 00 00
[PANIC_STACK]   [ 0] img+0x3dd7570
[PANIC_STACK]   [ 2] img+0x235a249
[PANIC_STACK]   [25] img+0x30beaa8
[PANIC_STACK]   [26] img+0x237d20a
[SKIP] Null-write at RIP=0x143dd7ad0 (+0x3dd7ad0), advancing 7 bytes, gs_base=0x727ccb0c9000
[PANIC_STACK] RSP=0x7ffe81438798  RAX=0x0  RBX=0x0  RCX=0x0  RDX=0x0
[PANIC_STACK] R8=0x0  R9=0x1c99ce7d0  R10=0x0  R11=0x202
[PANIC_STACK] instr bytes: 00 00 00 00 00
[PANIC_STACK]   [ 0] img+0x3dd7570
[PANIC_STACK]   [ 2] img+0x235a249
[PANIC_STACK]   [25] img+0x30beaa8
[PANIC_STACK]   [26] img+0x237d20a
[SKIP] Null-write at RIP=0x143dd7ad7 (+0x3dd7ad7), advancing 7 bytes, gs_base=0x727ccb0c9000
[PANIC_STACK] RSP=0x7ffe81438798  RAX=0x0  RBX=0x0  RCX=0x0  RDX=0x0
[PANIC_STACK] R8=0x0  R9=0x1c99ce7d0  R10=0x0  R11=0x202
[PANIC_STACK] instr bytes: 00 00 00 00 00
[PANIC_STACK]   [ 0] img+0x3dd7570
[PANIC_STACK]   [ 2] img+0x235a249
[PANIC_STACK]   [25] img+0x30beaa8
[PANIC_STACK]   [26] img+0x237d20a
[SKIP] Null-write at RIP=0x143dd7ade (+0x3dd7ade), advancing 7 bytes, gs_base=0x727ccb0c9000
[PANIC_STACK] RSP=0x7ffe81438798  RAX=0x0  RBX=0x0  RCX=0x0  RDX=0x0
[PANIC_STACK] R8=0x0  R9=0x1c99ce7d0  R10=0x0  R11=0x202
[PANIC_STACK] instr bytes: 00 00 00 00 00
[PANIC_STACK]   [ 0] img+0x3dd7570
[PANIC_STACK]   [ 2] img+0x235a249
[PANIC_STACK]   [25] img+0x30beaa8
[PANIC_STACK]   [26] img+0x237d20a
[SKIP] Null-write at RIP=0x143dd7ae5 (+0x3dd7ae5), advancing 7 bytes, gs_base=0x727ccb0c9000
[PANIC_STACK] RSP=0x7ffe81438798  RAX=0x0  RBX=0x0  RCX=0x0  RDX=0x0
[PANIC_STACK] R8=0x0  R9=0x1c99ce7d0  R10=0x0  R11=0x202
[PANIC_STACK] instr bytes: 00 00 00 00 00
[PANIC_STACK]   [ 0] img+0x3dd7570
[PANIC_STACK]   [ 2] img+0x235a249
[PANIC_STACK]   [25] img+0x30beaa8
[PANIC_STACK]   [26] img+0x237d20a
[SKIP] Null-write at RIP=0x143dd7aec (+0x3dd7aec), advancing 7 bytes, gs_base=0x727ccb0c9000
[PANIC_STACK] RSP=0x7ffe81438798  RAX=0x0  RBX=0x0  RCX=0x0  RDX=0x0
[PANIC_STACK] R8=0x0  R9=0x1c99ce7d0  R10=0x0  R11=0x202
[PANIC_STACK] instr bytes: 00 00 00 00 00
[PANIC_STACK]   [ 0] img+0x3dd7570
[PANIC_STACK]   [ 2] img+0x235a249
[PANIC_STACK]   [25] img+0x30beaa8
[PANIC_STACK]   [26] img+0x237d20a
[SKIP] Null-write at RIP=0x143dd7af3 (+0x3dd7af3), advancing 7 bytes, gs_base=0x727ccb0c9000
[PANIC_STACK] RSP=0x7ffe81438798  RAX=0x0  RBX=0x0  RCX=0x0  RDX=0x0
[PANIC_STACK] R8=0x0  R9=0x1c99ce7d0  R10=0x0  R11=0x202
[PANIC_STACK] instr bytes: 00 00 00 00 00
[PANIC_STACK]   [ 0] img+0x3dd7570
[PANIC_STACK]   [ 2] img+0x235a249
[PANIC_STACK]   [25] img+0x30beaa8
[PANIC_STACK]   [26] img+0x237d20a
[SKIP] Null-write at RIP=0x143dd7afa (+0x3dd7afa), advancing 7 bytes, gs_base=0x727ccb0c9000
[PANIC_STACK] RSP=0x7ffe81438798  RAX=0x0  RBX=0x0  RCX=0x0  RDX=0x0
[PANIC_STACK] R8=0x0  R9=0x1c99ce7d0  R10=0x0  R11=0x202
[PANIC_STACK] instr bytes: 00 00 00 00 00
[PANIC_STACK]   [ 0] img+0x3dd7570
[PANIC_STACK]   [ 2] img+0x235a249
[PANIC_STACK]   [25] img+0x30beaa8
[PANIC_STACK]   [26] img+0x237d20a
[SKIP] Null-write at RIP=0x143dd7b01 (+0x3dd7b01), advancing 7 bytes, gs_base=0x727ccb0c9000
[PANIC_STACK] RSP=0x7ffe81438798  RAX=0x0  RBX=0x0  RCX=0x0  RDX=0x0
[PANIC_STACK] R8=0x0  R9=0x1c99ce7d0  R10=0x0  R11=0x202
[PANIC_STACK] instr bytes: 00 00 00 00 00
[PANIC_STACK]   [ 0] img+0x3dd7570
[PANIC_STACK]   [ 2] img+0x235a249
[PANIC_STACK]   [25] img+0x30beaa8
[PANIC_STACK]   [26] img+0x237d20a
[SKIP] Null-write at RIP=0x143dd7b08 (+0x3dd7b08), advancing 7 bytes, gs_base=0x727ccb0c9000
[PANIC_STACK] RSP=0x7ffe81438798  RAX=0x0  RBX=0x0  RCX=0x0  RDX=0x0
[PANIC_STACK] R8=0x0  R9=0x1c99ce7d0  R10=0x0  R11=0x202
[PANIC_STACK] instr bytes: 00 00 00 00 00
[PANIC_STACK]   [ 0] img+0x3dd7570
[PANIC_STACK]   [ 2] img+0x235a249
[PANIC_STACK]   [25] img+0x30beaa8
[PANIC_STACK]   [26] img+0x237d20a
[SKIP] Null-write at RIP=0x143dd7b0f (+0x3dd7b0f), advancing 7 bytes, gs_base=0x727ccb0c9000
[PANIC_STACK] RSP=0x7ffe81438798  RAX=0x0  RBX=0x0  RCX=0x0  RDX=0x0
[PANIC_STACK] R8=0x0  R9=0x1c99ce7d0  R10=0x0  R11=0x202
[PANIC_STACK] instr bytes: 00 00 00 00 00
[PANIC_STACK]   [ 0] img+0x3dd7570
[PANIC_STACK]   [ 2] img+0x235a249
[PANIC_STACK]   [25] img+0x30beaa8
[PANIC_STACK]   [26] img+0x237d20a
[SKIP] Null-write at RIP=0x143dd7b16 (+0x3dd7b16), advancing 7 bytes, gs_base=0x727ccb0c9000
[PANIC_STACK] RSP=0x7ffe81438798  RAX=0x0  RBX=0x0  RCX=0x0  RDX=0x0
[PANIC_STACK] R8=0x0  R9=0x1c99ce7d0  R10=0x0  R11=0x202
[PANIC_STACK] instr bytes: 00 00 00 00 00
[PANIC_STACK]   [ 0] img+0x3dd7570
[PANIC_STACK]   [ 2] img+0x235a249
[PANIC_STACK]   [25] img+0x30beaa8
[PANIC_STACK]   [26] img+0x237d20a
[SKIP] Null-write at RIP=0x143dd7b1d (+0x3dd7b1d), advancing 7 bytes, gs_base=0x727ccb0c9000
[PANIC_STACK] RSP=0x7ffe81438798  RAX=0x0  RBX=0x0  RCX=0x0  RDX=0x0
[PANIC_STACK] R8=0x0  R9=0x1c99ce7d0  R10=0x0  R11=0x202
[PANIC_STACK] instr bytes: 00 00 00 00 00
[PANIC_STACK]   [ 0] img+0x3dd7570
[PANIC_STACK]   [ 2] img+0x235a249
[PANIC_STACK]   [25] img+0x30beaa8
[PANIC_STACK]   [26] img+0x237d20a
[SKIP] Null-write at RIP=0x143dd7b24 (+0x3dd7b24), advancing 7 bytes, gs_base=0x727ccb0c9000
[PANIC_STACK] RSP=0x7ffe81438798  RAX=0x0  RBX=0x0  RCX=0x0  RDX=0x0
[PANIC_STACK] R8=0x0  R9=0x1c99ce7d0  R10=0x0  R11=0x202
[PANIC_STACK] instr bytes: 00 00 00 00 00
[PANIC_STACK]   [ 0] img+0x3dd7570
[PANIC_STACK]   [ 2] img+0x235a249
[PANIC_STACK]   [25] img+0x30beaa8
[PANIC_STACK]   [26] img+0x237d20a
[SKIP] Null-write at RIP=0x143dd7b2b (+0x3dd7b2b), advancing 7 bytes, gs_base=0x727ccb0c9000
[PANIC_STACK] RSP=0x7ffe81438798  RAX=0x0  RBX=0x0  RCX=0x0  RDX=0x0
[PANIC_STACK] R8=0x0  R9=0x1c99ce7d0  R10=0x0  R11=0x202
[PANIC_STACK] instr bytes: 00 00 00 00 00
[PANIC_STACK]   [ 0] img+0x3dd7570
[PANIC_STACK]   [ 2] img+0x235a249
[PANIC_STACK]   [25] img+0x30beaa8
[PANIC_STACK]   [26] img+0x237d20a
[SKIP] Null-write at RIP=0x143dd7b32 (+0x3dd7b32), advancing 7 bytes, gs_base=0x727ccb0c9000
[PANIC_STACK] RSP=0x7ffe81438798  RAX=0x0  RBX=0x0  RCX=0x0  RDX=0x0
[PANIC_STACK] R8=0x0  R9=0x1c99ce7d0  R10=0x0  R11=0x202
[PANIC_STACK] instr bytes: 00 00 00 00 00
[PANIC_STACK]   [ 0] img+0x3dd7570
[PANIC_STACK]   [ 2] img+0x235a249
[PANIC_STACK]   [25] img+0x30beaa8
[PANIC_STACK]   [26] img+0x237d20a
[SKIP] Null-write at RIP=0x143dd7b39 (+0x3dd7b39), advancing 7 bytes, gs_base=0x727ccb0c9000
[PANIC_STACK] RSP=0x7ffe81438798  RAX=0x0  RBX=0x0  RCX=0x0  RDX=0x0
[PANIC_STACK] R8=0x0  R9=0x1c99ce7d0  R10=0x0  R11=0x202
[PANIC_STACK] instr bytes: 00 00 00 00 00
[PANIC_STACK]   [ 0] img+0x3dd7570
[PANIC_STACK]   [ 2] img+0x235a249
[PANIC_STACK]   [25] img+0x30beaa8
[PANIC_STACK]   [26] img+0x237d20a
[SKIP] Null-write at RIP=0x143dd7b40 (+0x3dd7b40), advancing 7 bytes, gs_base=0x727ccb0c9000
[PANIC_STACK] RSP=0x7ffe81438798  RAX=0x0  RBX=0x0  RCX=0x0  RDX=0x0
[PANIC_STACK] R8=0x0  R9=0x1c99ce7d0  R10=0x0  R11=0x202
[PANIC_STACK] instr bytes: 00 00 00 00 00
[PANIC_STACK]   [ 0] img+0x3dd7570
[PANIC_STACK]   [ 2] img+0x235a249
[PANIC_STACK]   [25] img+0x30beaa8
[PANIC_STACK]   [26] img+0x237d20a
[SKIP] Null-write at RIP=0x143dd7b47 (+0x3dd7b47), advancing 7 bytes, gs_base=0x727ccb0c9000
[PANIC_STACK] RSP=0x7ffe81438798  RAX=0x0  RBX=0x0  RCX=0x0  RDX=0x0
[PANIC_STACK] R8=0x0  R9=0x1c99ce7d0  R10=0x0  R11=0x202
[PANIC_STACK] instr bytes: 00 00 00 00 00
[PANIC_STACK]   [ 0] img+0x3dd7570
[PANIC_STACK]   [ 2] img+0x235a249
[PANIC_STACK]   [25] img+0x30beaa8
[PANIC_STACK]   [26] img+0x237d20a
[SKIP] Null-write at RIP=0x143dd7b4e (+0x3dd7b4e), advancing 7 bytes, gs_base=0x727ccb0c9000
[PANIC_STACK] RSP=0x7ffe81438798  RAX=0x0  RBX=0x0  RCX=0x0  RDX=0x0
[PANIC_STACK] R8=0x0  R9=0x1c99ce7d0  R10=0x0  R11=0x202
[PANIC_STACK] instr bytes: 00 00 00 00 00
[PANIC_STACK]   [ 0] img+0x3dd7570
[PANIC_STACK]   [ 2] img+0x235a249
[PANIC_STACK]   [25] img+0x30beaa8
[PANIC_STACK]   [26] img+0x237d20a
[SKIP] Null-write at RIP=0x143dd7b55 (+0x3dd7b55), advancing 7 bytes, gs_base=0x727ccb0c9000
[PANIC_STACK] RSP=0x7ffe81438798  RAX=0x0  RBX=0x0  RCX=0x0  RDX=0x0
[PANIC_STACK] R8=0x0  R9=0x1c99ce7d0  R10=0x0  R11=0x202
[PANIC_STACK] instr bytes: 00 00 00 00 00
[PANIC_STACK]   [ 0] img+0x3dd7570
[PANIC_STACK]   [ 2] img+0x235a249
[PANIC_STACK]   [25] img+0x30beaa8
[PANIC_STACK]   [26] img+0x237d20a
[SKIP] Null-write at RIP=0x143dd7b5c (+0x3dd7b5c), advancing 7 bytes, gs_base=0x727ccb0c9000
[PANIC_STACK] RSP=0x7ffe81438798  RAX=0x0  RBX=0x0  RCX=0x0  RDX=0x0
[PANIC_STACK] R8=0x0  R9=0x1c99ce7d0  R10=0x0  R11=0x202
[PANIC_STACK] instr bytes: 00 00 00 00 00
[PANIC_STACK]   [ 0] img+0x3dd7570
[PANIC_STACK]   [ 2] img+0x235a249
[PANIC_STACK]   [25] img+0x30beaa8
[PANIC_STACK]   [26] img+0x237d20a
[SKIP] Null-write at RIP=0x143dd7b63 (+0x3dd7b63), advancing 7 bytes, gs_base=0x727ccb0c9000
[PANIC_STACK] RSP=0x7ffe81438798  RAX=0x0  RBX=0x0  RCX=0x0  RDX=0x0
[PANIC_STACK] R8=0x0  R9=0x1c99ce7d0  R10=0x0  R11=0x202
[PANIC_STACK] instr bytes: 00 00 00 00 00
[PANIC_STACK]   [ 0] img+0x3dd7570
[PANIC_STACK]   [ 2] img+0x235a249
[PANIC_STACK]   [25] img+0x30beaa8
[PANIC_STACK]   [26] img+0x237d20a
[SKIP] Null-write at RIP=0x143dd7b6a (+0x3dd7b6a), advancing 7 bytes, gs_base=0x727ccb0c9000
[PANIC_STACK] RSP=0x7ffe81438798  RAX=0x0  RBX=0x0  RCX=0x0  RDX=0x0
[PANIC_STACK] R8=0x0  R9=0x1c99ce7d0  R10=0x0  R11=0x202
[PANIC_STACK] instr bytes: 00 00 00 00 00
[PANIC_STACK]   [ 0] img+0x3dd7570
[PANIC_STACK]   [ 2] img+0x235a249
[PANIC_STACK]   [25] img+0x30beaa8
[PANIC_STACK]   [26] img+0x237d20a
[SKIP] Null-write at RIP=0x143dd7b71 (+0x3dd7b71), advancing 7 bytes, gs_base=0x727ccb0c9000
[PANIC_STACK] RSP=0x7ffe81438798  RAX=0x0  RBX=0x0  RCX=0x0  RDX=0x0
[PANIC_STACK] R8=0x0  R9=0x1c99ce7d0  R10=0x0  R11=0x202
[PANIC_STACK] instr bytes: 00 00 00 00 00
[PANIC_STACK]   [ 0] img+0x3dd7570
[PANIC_STACK]   [ 2] img+0x235a249
[PANIC_STACK]   [25] img+0x30beaa8
[PANIC_STACK]   [26] img+0x237d20a
[SKIP] Null-write at RIP=0x143dd7b78 (+0x3dd7b78), advancing 7 bytes, gs_base=0x727ccb0c9000
[PANIC_STACK] RSP=0x7ffe81438798  RAX=0x0  RBX=0x0  RCX=0x0  RDX=0x0
[PANIC_STACK] R8=0x0  R9=0x1c99ce7d0  R10=0x0  R11=0x202
[PANIC_STACK] instr bytes: 00 00 00 00 00
[PANIC_STACK]   [ 0] img+0x3dd7570
[PANIC_STACK]   [ 2] img+0x235a249
[PANIC_STACK]   [25] img+0x30beaa8
[PANIC_STACK]   [26] img+0x237d20a
[SKIP] Null-write at RIP=0x143dd7b7f (+0x3dd7b7f), advancing 7 bytes, gs_base=0x727ccb0c9000
[PANIC_STACK] RSP=0x7ffe81438798  RAX=0x0  RBX=0x0  RCX=0x0  RDX=0x0
[PANIC_STACK] R8=0x0  R9=0x1c99ce7d0  R10=0x0  R11=0x202
[PANIC_STACK] instr bytes: 00 00 00 00 00
[PANIC_STACK]   [ 0] img+0x3dd7570
[PANIC_STACK]   [ 2] img+0x235a249
[PANIC_STACK]   [25] img+0x30beaa8
[PANIC_STACK]   [26] img+0x237d20a
[SKIP] Null-write at RIP=0x143dd7b86 (+0x3dd7b86), advancing 7 bytes, gs_base=0x727ccb0c9000
[PANIC_STACK] RSP=0x7ffe81438798  RAX=0x0  RBX=0x0  RCX=0x0  RDX=0x0
[PANIC_STACK] R8=0x0  R9=0x1c99ce7d0  R10=0x0  R11=0x202
[PANIC_STACK] instr bytes: 00 00 00 00 00
[PANIC_STACK]   [ 0] img+0x3dd7570
[PANIC_STACK]   [ 2] img+0x235a249
[PANIC_STACK]   [25] img+0x30beaa8
[PANIC_STACK]   [26] img+0x237d20a
[SKIP] Null-write at RIP=0x143dd7b8d (+0x3dd7b8d), advancing 7 bytes, gs_base=0x727ccb0c9000
[PANIC_STACK] RSP=0x7ffe81438798  RAX=0x0  RBX=0x0  RCX=0x0  RDX=0x0
[PANIC_STACK] R8=0x0  R9=0x1c99ce7d0  R10=0x0  R11=0x202
[PANIC_STACK] instr bytes: 00 00 00 00 00
[PANIC_STACK]   [ 0] img+0x3dd7570
[PANIC_STACK]   [ 2] img+0x235a249
[PANIC_STACK]   [25] img+0x30beaa8
[PANIC_STACK]   [26] img+0x237d20a
[SKIP] Null-write at RIP=0x143dd7b94 (+0x3dd7b94), advancing 7 bytes, gs_base=0x727ccb0c9000
[PANIC_STACK] RSP=0x7ffe81438798  RAX=0x0  RBX=0x0  RCX=0x0  RDX=0x0
[PANIC_STACK] R8=0x0  R9=0x1c99ce7d0  R10=0x0  R11=0x202
[PANIC_STACK] instr bytes: 00 00 00 00 00
[PANIC_STACK]   [ 0] img+0x3dd7570
[PANIC_STACK]   [ 2] img+0x235a249
[PANIC_STACK]   [25] img+0x30beaa8
[PANIC_STACK]   [26] img+0x237d20a
[SKIP] Null-write at RIP=0x143dd7b9b (+0x3dd7b9b), advancing 7 bytes, gs_base=0x727ccb0c9000
[PANIC_STACK] RSP=0x7ffe81438798  RAX=0x0  RBX=0x0  RCX=0x0  RDX=0x0
[PANIC_STACK] R8=0x0  R9=0x1c99ce7d0  R10=0x0  R11=0x202
[PANIC_STACK] instr bytes: 00 00 00 00 00
[PANIC_STACK]   [ 0] img+0x3dd7570
[PANIC_STACK]   [ 2] img+0x235a249
[PANIC_STACK]   [25] img+0x30beaa8
[PANIC_STACK]   [26] img+0x237d20a
[SKIP] Null-write at RIP=0x143dd7ba2 (+0x3dd7ba2), advancing 7 bytes, gs_base=0x727ccb0c9000
[PANIC_STACK] RSP=0x7ffe81438798  RAX=0x0  RBX=0x0  RCX=0x0  RDX=0x0
[PANIC_STACK] R8=0x0  R9=0x1c99ce7d0  R10=0x0  R11=0x202
[PANIC_STACK] instr bytes: 00 00 00 00 00
[PANIC_STACK]   [ 0] img+0x3dd7570
[PANIC_STACK]   [ 2] img+0x235a249
[PANIC_STACK]   [25] img+0x30beaa8
[PANIC_STACK]   [26] img+0x237d20a
[SKIP] Null-write at RIP=0x143dd7ba9 (+0x3dd7ba9), advancing 7 bytes, gs_base=0x727ccb0c9000
[PANIC_STACK] RSP=0x7ffe81438798  RAX=0x0  RBX=0x0  RCX=0x0  RDX=0x0
[PANIC_STACK] R8=0x0  R9=0x1c99ce7d0  R10=0x0  R11=0x202
[PANIC_STACK] instr bytes: 00 00 00 00 00
[PANIC_STACK]   [ 0] img+0x3dd7570
[PANIC_STACK]   [ 2] img+0x235a249
[PANIC_STACK]   [25] img+0x30beaa8
[PANIC_STACK]   [26] img+0x237d20a
[SKIP] Null-write at RIP=0x143dd7bb0 (+0x3dd7bb0), advancing 7 bytes, gs_base=0x727ccb0c9000
[PANIC_STACK] RSP=0x7ffe81438798  RAX=0x0  RBX=0x0  RCX=0x0  RDX=0x0
[PANIC_STACK] R8=0x0  R9=0x1c99ce7d0  R10=0x0  R11=0x202
[PANIC_STACK] instr bytes: 00 00 00 00 00
[PANIC_STACK]   [ 0] img+0x3dd7570
[PANIC_STACK]   [ 2] img+0x235a249
[PANIC_STACK]   [25] img+0x30beaa8
[PANIC_STACK]   [26] img+0x237d20a
[SKIP] Null-write at RIP=0x143dd7bb7 (+0x3dd7bb7), advancing 7 bytes, gs_base=0x727ccb0c9000
[PANIC_STACK] RSP=0x7ffe81438798  RAX=0x0  RBX=0x0  RCX=0x0  RDX=0x0
[PANIC_STACK] R8=0x0  R9=0x1c99ce7d0  R10=0x0  R11=0x202
[PANIC_STACK] instr bytes: 00 00 00 00 00
[PANIC_STACK]   [ 0] img+0x3dd7570
[PANIC_STACK]   [ 2] img+0x235a249
[PANIC_STACK]   [25] img+0x30beaa8
[PANIC_STACK]   [26] img+0x237d20a
[SKIP] Null-write at RIP=0x143dd7bbe (+0x3dd7bbe), advancing 7 bytes, gs_base=0x727ccb0c9000
[PANIC_STACK] RSP=0x7ffe81438798  RAX=0x0  RBX=0x0  RCX=0x0  RDX=0x0
[PANIC_STACK] R8=0x0  R9=0x1c99ce7d0  R10=0x0  R11=0x202
[PANIC_STACK] instr bytes: 00 00 00 00 00
[PANIC_STACK]   [ 0] img+0x3dd7570
[PANIC_STACK]   [ 2] img+0x235a249
[PANIC_STACK]   [25] img+0x30beaa8
[PANIC_STACK]   [26] img+0x237d20a
[SKIP] Null-write at RIP=0x143dd7bc5 (+0x3dd7bc5), advancing 7 bytes, gs_base=0x727ccb0c9000
[PANIC_STACK] RSP=0x7ffe81438798  RAX=0x0  RBX=0x0  RCX=0x0  RDX=0x0
[PANIC_STACK] R8=0x0  R9=0x1c99ce7d0  R10=0x0  R11=0x202
[PANIC_STACK] instr bytes: 00 00 00 00 00
[PANIC_STACK]   [ 0] img+0x3dd7570
[PANIC_STACK]   [ 2] img+0x235a249
[PANIC_STACK]   [25] img+0x30beaa8
[PANIC_STACK]   [26] img+0x237d20a
[SKIP] Null-write at RIP=0x143dd7bcc (+0x3dd7bcc), advancing 7 bytes, gs_base=0x727ccb0c9000
[PANIC_STACK] RSP=0x7ffe81438798  RAX=0x0  RBX=0x0  RCX=0x0  RDX=0x0
[PANIC_STACK] R8=0x0  R9=0x1c99ce7d0  R10=0x0  R11=0x202
[PANIC_STACK] instr bytes: 00 00 00 00 00
[PANIC_STACK]   [ 0] img+0x3dd7570
[PANIC_STACK]   [ 2] img+0x235a249
[PANIC_STACK]   [25] img+0x30beaa8
[PANIC_STACK]   [26] img+0x237d20a
[SKIP] Null-write at RIP=0x143dd7bd3 (+0x3dd7bd3), advancing 7 bytes, gs_base=0x727ccb0c9000
[PANIC_STACK] RSP=0x7ffe81438798  RAX=0x0  RBX=0x0  RCX=0x0  RDX=0x0
[PANIC_STACK] R8=0x0  R9=0x1c99ce7d0  R10=0x0  R11=0x202
[PANIC_STACK] instr bytes: 00 00 00 00 00
[PANIC_STACK]   [ 0] img+0x3dd7570
[PANIC_STACK]   [ 2] img+0x235a249
[PANIC_STACK]   [25] img+0x30beaa8
[PANIC_STACK]   [26] img+0x237d20a
[SKIP] Null-write at RIP=0x143dd7bda (+0x3dd7bda), advancing 7 bytes, gs_base=0x727ccb0c9000
[PANIC_STACK] RSP=0x7ffe81438798  RAX=0x0  RBX=0x0  RCX=0x0  RDX=0x0
[PANIC_STACK] R8=0x0  R9=0x1c99ce7d0  R10=0x0  R11=0x202
[PANIC_STACK] instr bytes: 00 00 00 00 00
[PANIC_STACK]   [ 0] img+0x3dd7570
[PANIC_STACK]   [ 2] img+0x235a249
[PANIC_STACK]   [25] img+0x30beaa8
[PANIC_STACK]   [26] img+0x237d20a
[SKIP] Null-write at RIP=0x143dd7be1 (+0x3dd7be1), advancing 7 bytes, gs_base=0x727ccb0c9000
[PANIC_STACK] RSP=0x7ffe81438798  RAX=0x0  RBX=0x0  RCX=0x0  RDX=0x0
[PANIC_STACK] R8=0x0  R9=0x1c99ce7d0  R10=0x0  R11=0x202
[PANIC_STACK] instr bytes: 00 00 00 00 00
[PANIC_STACK]   [ 0] img+0x3dd7570
[PANIC_STACK]   [ 2] img+0x235a249
[PANIC_STACK]   [25] img+0x30beaa8
[PANIC_STACK]   [26] img+0x237d20a
[SKIP] Null-write at RIP=0x143dd7be8 (+0x3dd7be8), advancing 7 bytes, gs_base=0x727ccb0c9000
[PANIC_STACK] RSP=0x7ffe81438798  RAX=0x0  RBX=0x0  RCX=0x0  RDX=0x0
[PANIC_STACK] R8=0x0  R9=0x1c99ce7d0  R10=0x0  R11=0x202
[PANIC_STACK] instr bytes: 00 00 00 00 00
[PANIC_STACK]   [ 0] img+0x3dd7570
[PANIC_STACK]   [ 2] img+0x235a249
[PANIC_STACK]   [25] img+0x30beaa8
[PANIC_STACK]   [26] img+0x237d20a
[SKIP] Null-write at RIP=0x143dd7bef (+0x3dd7bef), advancing 7 bytes, gs_base=0x727ccb0c9000
[PANIC_STACK] RSP=0x7ffe81438798  RAX=0x0  RBX=0x0  RCX=0x0  RDX=0x0
[PANIC_STACK] R8=0x0  R9=0x1c99ce7d0  R10=0x0  R11=0x202
[PANIC_STACK] instr bytes: 00 00 00 00 00
[PANIC_STACK]   [ 0] img+0x3dd7570
[PANIC_STACK]   [ 2] img+0x235a249
[PANIC_STACK]   [25] img+0x30beaa8
[PANIC_STACK]   [26] img+0x237d20a
[SKIP] Null-write at RIP=0x143dd7bf6 (+0x3dd7bf6), advancing 7 bytes, gs_base=0x727ccb0c9000
[PANIC_STACK] RSP=0x7ffe81438798  RAX=0x0  RBX=0x0  RCX=0x0  RDX=0x0
[PANIC_STACK] R8=0x0  R9=0x1c99ce7d0  R10=0x0  R11=0x202
[PANIC_STACK] instr bytes: 00 00 00 00 00
[PANIC_STACK]   [ 0] img+0x3dd7570
[PANIC_STACK]   [ 2] img+0x235a249
[PANIC_STACK]   [25] img+0x30beaa8
[PANIC_STACK]   [26] img+0x237d20a
[SKIP] Null-write at RIP=0x143dd7bfd (+0x3dd7bfd), advancing 7 bytes, gs_base=0x727ccb0c9000
[PANIC_STACK] RSP=0x7ffe81438798  RAX=0x0  RBX=0x0  RCX=0x0  RDX=0x0
[PANIC_STACK] R8=0x0  R9=0x1c99ce7d0  R10=0x0  R11=0x202
[PANIC_STACK] instr bytes: 00 00 00 00 00
[PANIC_STACK]   [ 0] img+0x3dd7570
[PANIC_STACK]   [ 2] img+0x235a249
[PANIC_STACK]   [25] img+0x30beaa8
[PANIC_STACK]   [26] img+0x237d20a
[SKIP] Null-write at RIP=0x143dd7c04 (+0x3dd7c04), advancing 7 bytes, gs_base=0x727ccb0c9000
[PANIC_STACK] RSP=0x7ffe81438798  RAX=0x0  RBX=0x0  RCX=0x0  RDX=0x0
[PANIC_STACK] R8=0x0  R9=0x1c99ce7d0  R10=0x0  R11=0x202
[PANIC_STACK] instr bytes: 00 00 00 00 00
[PANIC_STACK]   [ 0] img+0x3dd7570
[PANIC_STACK]   [ 2] img+0x235a249
[PANIC_STACK]   [25] img+0x30beaa8
[PANIC_STACK]   [26] img+0x237d20a
[SKIP] Null-write at RIP=0x143dd7c0b (+0x3dd7c0b), advancing 7 bytes, gs_base=0x727ccb0c9000
[PANIC_STACK] RSP=0x7ffe81438798  RAX=0x0  RBX=0x0  RCX=0x0  RDX=0x0
[PANIC_STACK] R8=0x0  R9=0x1c99ce7d0  R10=0x0  R11=0x202
[PANIC_STACK] instr bytes: 00 00 00 00 00
[PANIC_STACK]   [ 0] img+0x3dd7570
[PANIC_STACK]   [ 2] img+0x235a249
[PANIC_STACK]   [25] img+0x30beaa8
[PANIC_STACK]   [26] img+0x237d20a
[SKIP] Null-write at RIP=0x143dd7c12 (+0x3dd7c12), advancing 7 bytes, gs_base=0x727ccb0c9000
[PANIC_STACK] RSP=0x7ffe81438798  RAX=0x0  RBX=0x0  RCX=0x0  RDX=0x0
[PANIC_STACK] R8=0x0  R9=0x1c99ce7d0  R10=0x0  R11=0x202
[PANIC_STACK] instr bytes: 00 00 00 00 00
[PANIC_STACK]   [ 0] img+0x3dd7570
[PANIC_STACK]   [ 2] img+0x235a249
[PANIC_STACK]   [25] img+0x30beaa8
[PANIC_STACK]   [26] img+0x237d20a
[SKIP] Null-write at RIP=0x143dd7c19 (+0x3dd7c19), advancing 7 bytes, gs_base=0x727ccb0c9000
[PANIC_STACK] RSP=0x7ffe81438798  RAX=0x0  RBX=0x0  RCX=0x0  RDX=0x0
[PANIC_STACK] R8=0x0  R9=0x1c99ce7d0  R10=0x0  R11=0x202
[PANIC_STACK] instr bytes: 00 00 00 00 00
[PANIC_STACK]   [ 0] img+0x3dd7570
[PANIC_STACK]   [ 2] img+0x235a249
[PANIC_STACK]   [25] img+0x30beaa8
[PANIC_STACK]   [26] img+0x237d20a
[SKIP] Null-write at RIP=0x143dd7c20 (+0x3dd7c20), advancing 7 bytes, gs_base=0x727ccb0c9000
[PANIC_STACK] RSP=0x7ffe81438798  RAX=0x0  RBX=0x0  RCX=0x0  RDX=0x0
[PANIC_STACK] R8=0x0  R9=0x1c99ce7d0  R10=0x0  R11=0x202
[PANIC_STACK] instr bytes: 00 00 00 00 00
[PANIC_STACK]   [ 0] img+0x3dd7570
[PANIC_STACK]   [ 2] img+0x235a249
[PANIC_STACK]   [25] img+0x30beaa8
[PANIC_STACK]   [26] img+0x237d20a
[SKIP] Null-write at RIP=0x143dd7c27 (+0x3dd7c27), advancing 7 bytes, gs_base=0x727ccb0c9000
[PANIC_STACK] RSP=0x7ffe81438798  RAX=0x0  RBX=0x0  RCX=0x0  RDX=0x0
[PANIC_STACK] R8=0x0  R9=0x1c99ce7d0  R10=0x0  R11=0x202
[PANIC_STACK] instr bytes: 00 00 00 00 00
[PANIC_STACK]   [ 0] img+0x3dd7570
[PANIC_STACK]   [ 2] img+0x235a249
[PANIC_STACK]   [25] img+0x30beaa8
[PANIC_STACK]   [26] img+0x237d20a
[SKIP] Null-write at RIP=0x143dd7c2e (+0x3dd7c2e), advancing 7 bytes, gs_base=0x727ccb0c9000
[PANIC_STACK] RSP=0x7ffe81438798  RAX=0x0  RBX=0x0  RCX=0x0  RDX=0x0
[PANIC_STACK] R8=0x0  R9=0x1c99ce7d0  R10=0x0  R11=0x202
[PANIC_STACK] instr bytes: 00 00 00 00 00
[PANIC_STACK]   [ 0] img+0x3dd7570
[PANIC_STACK]   [ 2] img+0x235a249
[PANIC_STACK]   [25] img+0x30beaa8
[PANIC_STACK]   [26] img+0x237d20a
[SKIP] Null-write at RIP=0x143dd7c35 (+0x3dd7c35), advancing 7 bytes, gs_base=0x727ccb0c9000
[PANIC_STACK] RSP=0x7ffe81438798  RAX=0x0  RBX=0x0  RCX=0x0  RDX=0x0
[PANIC_STACK] R8=0x0  R9=0x1c99ce7d0  R10=0x0  R11=0x202
[PANIC_STACK] instr bytes: 00 00 00 00 00
[PANIC_STACK]   [ 0] img+0x3dd7570
[PANIC_STACK]   [ 2] img+0x235a249
[PANIC_STACK]   [25] img+0x30beaa8
[PANIC_STACK]   [26] img+0x237d20a
[SKIP] Null-write at RIP=0x143dd7c3c (+0x3dd7c3c), advancing 7 bytes, gs_base=0x727ccb0c9000
[PANIC_STACK] RSP=0x7ffe81438798  RAX=0x0  RBX=0x0  RCX=0x0  RDX=0x0
[PANIC_STACK] R8=0x0  R9=0x1c99ce7d0  R10=0x0  R11=0x202
[PANIC_STACK] instr bytes: 00 00 00 00 00
[PANIC_STACK]   [ 0] img+0x3dd7570
[PANIC_STACK]   [ 2] img+0x235a249
[PANIC_STACK]   [25] img+0x30beaa8
[PANIC_STACK]   [26] img+0x237d20a
[SKIP] Null-write at RIP=0x143dd7c43 (+0x3dd7c43), advancing 7 bytes, gs_base=0x727ccb0c9000
[PANIC_STACK] RSP=0x7ffe81438798  RAX=0x0  RBX=0x0  RCX=0x0  RDX=0x0
[PANIC_STACK] R8=0x0  R9=0x1c99ce7d0  R10=0x0  R11=0x202
[PANIC_STACK] instr bytes: 00 00 00 00 00
[PANIC_STACK]   [ 0] img+0x3dd7570
[PANIC_STACK]   [ 2] img+0x235a249
[PANIC_STACK]   [25] img+0x30beaa8
[PANIC_STACK]   [26] img+0x237d20a
[SKIP] Null-write at RIP=0x143dd7c4a (+0x3dd7c4a), advancing 7 bytes, gs_base=0x727ccb0c9000
[PANIC_STACK] RSP=0x7ffe81438798  RAX=0x0  RBX=0x0  RCX=0x0  RDX=0x0
[PANIC_STACK] R8=0x0  R9=0x1c99ce7d0  R10=0x0  R11=0x202
[PANIC_STACK] instr bytes: 00 00 00 00 00
[PANIC_STACK]   [ 0] img+0x3dd7570
[PANIC_STACK]   [ 2] img+0x235a249
[PANIC_STACK]   [25] img+0x30beaa8
[PANIC_STACK]   [26] img+0x237d20a
[SKIP] Null-write at RIP=0x143dd7c51 (+0x3dd7c51), advancing 7 bytes, gs_base=0x727ccb0c9000
[PANIC_STACK] RSP=0x7ffe81438798  RAX=0x0  RBX=0x0  RCX=0x0  RDX=0x0
[PANIC_STACK] R8=0x0  R9=0x1c99ce7d0  R10=0x0  R11=0x202
[PANIC_STACK] instr bytes: 00 00 00 00 00
[PANIC_STACK]   [ 0] img+0x3dd7570
[PANIC_STACK]   [ 2] img+0x235a249
[PANIC_STACK]   [25] img+0x30beaa8
[PANIC_STACK]   [26] img+0x237d20a
[SKIP] Null-write at RIP=0x143dd7c58 (+0x3dd7c58), advancing 7 bytes, gs_base=0x727ccb0c9000
[PANIC_STACK] RSP=0x7ffe81438798  RAX=0x0  RBX=0x0  RCX=0x0  RDX=0x0
[PANIC_STACK] R8=0x0  R9=0x1c99ce7d0  R10=0x0  R11=0x202
[PANIC_STACK] instr bytes: 00 00 00 00 00
[PANIC_STACK]   [ 0] img+0x3dd7570
[PANIC_STACK]   [ 2] img+0x235a249
[PANIC_STACK]   [25] img+0x30beaa8
[PANIC_STACK]   [26] img+0x237d20a
[SKIP] Null-write at RIP=0x143dd7c5f (+0x3dd7c5f), advancing 7 bytes, gs_base=0x727ccb0c9000
[PANIC_STACK] RSP=0x7ffe81438798  RAX=0x0  RBX=0x0  RCX=0x0  RDX=0x0
[PANIC_STACK] R8=0x0  R9=0x1c99ce7d0  R10=0x0  R11=0x202
[PANIC_STACK] instr bytes: 00 00 00 00 00
[PANIC_STACK]   [ 0] img+0x3dd7570
[PANIC_STACK]   [ 2] img+0x235a249
[PANIC_STACK]   [25] img+0x30beaa8
[PANIC_STACK]   [26] img+0x237d20a
[SKIP] Null-write at RIP=0x143dd7c66 (+0x3dd7c66), advancing 7 bytes, gs_base=0x727ccb0c9000
[PANIC_STACK] RSP=0x7ffe81438798  RAX=0x0  RBX=0x0  RCX=0x0  RDX=0x0
[PANIC_STACK] R8=0x0  R9=0x1c99ce7d0  R10=0x0  R11=0x202
[PANIC_STACK] instr bytes: 00 00 00 00 00
[PANIC_STACK]   [ 0] img+0x3dd7570
[PANIC_STACK]   [ 2] img+0x235a249
[PANIC_STACK]   [25] img+0x30beaa8
[PANIC_STACK]   [26] img+0x237d20a
[SKIP] Null-write at RIP=0x143dd7c6d (+0x3dd7c6d), advancing 7 bytes, gs_base=0x727ccb0c9000
[PANIC_STACK] RSP=0x7ffe81438798  RAX=0x0  RBX=0x0  RCX=0x0  RDX=0x0
[PANIC_STACK] R8=0x0  R9=0x1c99ce7d0  R10=0x0  R11=0x202
[PANIC_STACK] instr bytes: 00 00 00 00 00
[PANIC_STACK]   [ 0] img+0x3dd7570
[PANIC_STACK]   [ 2] img+0x235a249
[PANIC_STACK]   [25] img+0x30beaa8
[PANIC_STACK]   [26] img+0x237d20a
[SKIP] Null-write at RIP=0x143dd7c74 (+0x3dd7c74), advancing 7 bytes, gs_base=0x727ccb0c9000
[PANIC_STACK] RSP=0x7ffe81438798  RAX=0x0  RBX=0x0  RCX=0x0  RDX=0x0
[PANIC_STACK] R8=0x0  R9=0x1c99ce7d0  R10=0x0  R11=0x202
[PANIC_STACK] instr bytes: 00 00 00 00 00
[PANIC_STACK]   [ 0] img+0x3dd7570
[PANIC_STACK]   [ 2] img+0x235a249
[PANIC_STACK]   [25] img+0x30beaa8
[PANIC_STACK]   [26] img+0x237d20a
[SKIP] Null-write at RIP=0x143dd7c7b (+0x3dd7c7b), advancing 7 bytes, gs_base=0x727ccb0c9000
[PANIC_STACK] RSP=0x7ffe81438798  RAX=0x0  RBX=0x0  RCX=0x0  RDX=0x0
[PANIC_STACK] R8=0x0  R9=0x1c99ce7d0  R10=0x0  R11=0x202
[PANIC_STACK] instr bytes: 00 00 00 00 00
[PANIC_STACK]   [ 0] img+0x3dd7570
[PANIC_STACK]   [ 2] img+0x235a249
[PANIC_STACK]   [25] img+0x30beaa8
[PANIC_STACK]   [26] img+0x237d20a
[SKIP] Null-write at RIP=0x143dd7c82 (+0x3dd7c82), advancing 7 bytes, gs_base=0x727ccb0c9000
[PANIC_STACK] RSP=0x7ffe81438798  RAX=0x0  RBX=0x0  RCX=0x0  RDX=0x0
[PANIC_STACK] R8=0x0  R9=0x1c99ce7d0  R10=0x0  R11=0x202
[PANIC_STACK] instr bytes: 00 00 00 00 00
[PANIC_STACK]   [ 0] img+0x3dd7570
[PANIC_STACK]   [ 2] img+0x235a249
[PANIC_STACK]   [25] img+0x30beaa8
[PANIC_STACK]   [26] img+0x237d20a
[SKIP] Null-write at RIP=0x143dd7c89 (+0x3dd7c89), advancing 7 bytes, gs_base=0x727ccb0c9000
[PANIC_STACK] RSP=0x7ffe81438798  RAX=0x0  RBX=0x0  RCX=0x0  RDX=0x0
[PANIC_STACK] R8=0x0  R9=0x1c99ce7d0  R10=0x0  R11=0x202
[PANIC_STACK] instr bytes: 00 00 00 00 00
[PANIC_STACK]   [ 0] img+0x3dd7570
[PANIC_STACK]   [ 2] img+0x235a249
[PANIC_STACK]   [25] img+0x30beaa8
[PANIC_STACK]   [26] img+0x237d20a
[SKIP] Null-write at RIP=0x143dd7c90 (+0x3dd7c90), advancing 7 bytes, gs_base=0x727ccb0c9000
[PANIC_STACK] RSP=0x7ffe81438798  RAX=0x0  RBX=0x0  RCX=0x0  RDX=0x0
[PANIC_STACK] R8=0x0  R9=0x1c99ce7d0  R10=0x0  R11=0x202
[PANIC_STACK] instr bytes: 00 00 00 00 00
[PANIC_STACK]   [ 0] img+0x3dd7570
[PANIC_STACK]   [ 2] img+0x235a249
[PANIC_STACK]   [25] img+0x30beaa8
[PANIC_STACK]   [26] img+0x237d20a
[SKIP] Null-write at RIP=0x143dd7c97 (+0x3dd7c97), advancing 7 bytes, gs_base=0x727ccb0c9000
[PANIC_STACK] RSP=0x7ffe81438798  RAX=0x0  RBX=0x0  RCX=0x0  RDX=0x0
[PANIC_STACK] R8=0x0  R9=0x1c99ce7d0  R10=0x0  R11=0x202
[PANIC_STACK] instr bytes: 00 00 00 00 00
[PANIC_STACK]   [ 0] img+0x3dd7570
[PANIC_STACK]   [ 2] img+0x235a249
[PANIC_STACK]   [25] img+0x30beaa8
[PANIC_STACK]   [26] img+0x237d20a
[SKIP] Null-write at RIP=0x143dd7c9e (+0x3dd7c9e), advancing 7 bytes, gs_base=0x727ccb0c9000
[PANIC_STACK] RSP=0x7ffe81438798  RAX=0x0  RBX=0x0  RCX=0x0  RDX=0x0
[PANIC_STACK] R8=0x0  R9=0x1c99ce7d0  R10=0x0  R11=0x202
[PANIC_STACK] instr bytes: 00 00 00 00 00
[PANIC_STACK]   [ 0] img+0x3dd7570
[PANIC_STACK]   [ 2] img+0x235a249
[PANIC_STACK]   [25] img+0x30beaa8
[PANIC_STACK]   [26] img+0x237d20a
[SKIP] Null-write at RIP=0x143dd7ca5 (+0x3dd7ca5), advancing 7 bytes, gs_base=0x727ccb0c9000
[PANIC_STACK] RSP=0x7ffe81438798  RAX=0x0  RBX=0x0  RCX=0x0  RDX=0x0
[PANIC_STACK] R8=0x0  R9=0x1c99ce7d0  R10=0x0  R11=0x202
[PANIC_STACK] instr bytes: 00 00 00 00 00
[PANIC_STACK]   [ 0] img+0x3dd7570
[PANIC_STACK]   [ 2] img+0x235a249
[PANIC_STACK]   [25] img+0x30beaa8
[PANIC_STACK]   [26] img+0x237d20a
[SKIP] Null-write at RIP=0x143dd7cac (+0x3dd7cac), advancing 7 bytes, gs_base=0x727ccb0c9000
[PANIC_STACK] RSP=0x7ffe81438798  RAX=0x0  RBX=0x0  RCX=0x0  RDX=0x0
[PANIC_STACK] R8=0x0  R9=0x1c99ce7d0  R10=0x0  R11=0x202
[PANIC_STACK] instr bytes: 00 00 00 00 00
[PANIC_STACK]   [ 0] img+0x3dd7570
[PANIC_STACK]   [ 2] img+0x235a249
[PANIC_STACK]   [25] img+0x30beaa8
[PANIC_STACK]   [26] img+0x237d20a
[SKIP] Null-write at RIP=0x143dd7cb3 (+0x3dd7cb3), advancing 7 bytes, gs_base=0x727ccb0c9000
[PANIC_STACK] RSP=0x7ffe81438798  RAX=0x0  RBX=0x0  RCX=0x0  RDX=0x0
[PANIC_STACK] R8=0x0  R9=0x1c99ce7d0  R10=0x0  R11=0x202
[PANIC_STACK] instr bytes: 00 00 00 00 00
[PANIC_STACK]   [ 0] img+0x3dd7570
[PANIC_STACK]   [ 2] img+0x235a249
[PANIC_STACK]   [25] img+0x30beaa8
[PANIC_STACK]   [26] img+0x237d20a
[SKIP] Null-write at RIP=0x143dd7cba (+0x3dd7cba), advancing 7 bytes, gs_base=0x727ccb0c9000
[PANIC_STACK] RSP=0x7ffe81438798  RAX=0x0  RBX=0x0  RCX=0x0  RDX=0x0
[PANIC_STACK] R8=0x0  R9=0x1c99ce7d0  R10=0x0  R11=0x202
[PANIC_STACK] instr bytes: 00 00 00 00 00
[PANIC_STACK]   [ 0] img+0x3dd7570
[PANIC_STACK]   [ 2] img+0x235a249
[PANIC_STACK]   [25] img+0x30beaa8
[PANIC_STACK]   [26] img+0x237d20a
[SKIP] Null-write at RIP=0x143dd7cc1 (+0x3dd7cc1), advancing 7 bytes, gs_base=0x727ccb0c9000
[PANIC_STACK] RSP=0x7ffe81438798  RAX=0x0  RBX=0x0  RCX=0x0  RDX=0x0
[PANIC_STACK] R8=0x0  R9=0x1c99ce7d0  R10=0x0  R11=0x202
[PANIC_STACK] instr bytes: 00 00 00 00 00
[PANIC_STACK]   [ 0] img+0x3dd7570
[PANIC_STACK]   [ 2] img+0x235a249
[PANIC_STACK]   [25] img+0x30beaa8
[PANIC_STACK]   [26] img+0x237d20a
[SKIP] Null-write at RIP=0x143dd7cc8 (+0x3dd7cc8), advancing 7 bytes, gs_base=0x727ccb0c9000
[PANIC_STACK] RSP=0x7ffe81438798  RAX=0x0  RBX=0x0  RCX=0x0  RDX=0x0
[PANIC_STACK] R8=0x0  R9=0x1c99ce7d0  R10=0x0  R11=0x202
[PANIC_STACK] instr bytes: 00 00 00 00 00
[PANIC_STACK]   [ 0] img+0x3dd7570
[PANIC_STACK]   [ 2] img+0x235a249
[PANIC_STACK]   [25] img+0x30beaa8
[PANIC_STACK]   [26] img+0x237d20a
[SKIP] Null-write at RIP=0x143dd7ccf (+0x3dd7ccf), advancing 7 bytes, gs_base=0x727ccb0c9000
[PANIC_STACK] RSP=0x7ffe81438798  RAX=0x0  RBX=0x0  RCX=0x0  RDX=0x0
[PANIC_STACK] R8=0x0  R9=0x1c99ce7d0  R10=0x0  R11=0x202
[PANIC_STACK] instr bytes: 00 00 00 00 00
[PANIC_STACK]   [ 0] img+0x3dd7570
[PANIC_STACK]   [ 2] img+0x235a249
[PANIC_STACK]   [25] img+0x30beaa8
[PANIC_STACK]   [26] img+0x237d20a
[SKIP] Null-write at RIP=0x143dd7cd6 (+0x3dd7cd6), advancing 7 bytes, gs_base=0x727ccb0c9000
[PANIC_STACK] RSP=0x7ffe81438798  RAX=0x0  RBX=0x0  RCX=0x0  RDX=0x0
[PANIC_STACK] R8=0x0  R9=0x1c99ce7d0  R10=0x0  R11=0x202
[PANIC_STACK] instr bytes: 00 00 00 00 00
[PANIC_STACK]   [ 0] img+0x3dd7570
[PANIC_STACK]   [ 2] img+0x235a249
[PANIC_STACK]   [25] img+0x30beaa8
[PANIC_STACK]   [26] img+0x237d20a
[SKIP] Null-write at RIP=0x143dd7cdd (+0x3dd7cdd), advancing 7 bytes, gs_base=0x727ccb0c9000
[PANIC_STACK] RSP=0x7ffe81438798  RAX=0x0  RBX=0x0  RCX=0x0  RDX=0x0
[PANIC_STACK] R8=0x0  R9=0x1c99ce7d0  R10=0x0  R11=0x202
[PANIC_STACK] instr bytes: 00 00 00 00 00
[PANIC_STACK]   [ 0] img+0x3dd7570
[PANIC_STACK]   [ 2] img+0x235a249
[PANIC_STACK]   [25] img+0x30beaa8
[PANIC_STACK]   [26] img+0x237d20a
[SKIP] Null-write at RIP=0x143dd7ce4 (+0x3dd7ce4), advancing 7 bytes, gs_base=0x727ccb0c9000
[PANIC_STACK] RSP=0x7ffe81438798  RAX=0x0  RBX=0x0  RCX=0x0  RDX=0x0
[PANIC_STACK] R8=0x0  R9=0x1c99ce7d0  R10=0x0  R11=0x202
[PANIC_STACK] instr bytes: 00 00 00 00 00
[PANIC_STACK]   [ 0] img+0x3dd7570
[PANIC_STACK]   [ 2] img+0x235a249
[PANIC_STACK]   [25] img+0x30beaa8
[PANIC_STACK]   [26] img+0x237d20a
[SKIP] Null-write at RIP=0x143dd7ceb (+0x3dd7ceb), advancing 7 bytes, gs_base=0x727ccb0c9000
[PANIC_STACK] RSP=0x7ffe81438798  RAX=0x0  RBX=0x0  RCX=0x0  RDX=0x0
[PANIC_STACK] R8=0x0  R9=0x1c99ce7d0  R10=0x0  R11=0x202
[PANIC_STACK] instr bytes: 00 00 00 00 00
[PANIC_STACK]   [ 0] img+0x3dd7570
[PANIC_STACK]   [ 2] img+0x235a249
[PANIC_STACK]   [25] img+0x30beaa8
[PANIC_STACK]   [26] img+0x237d20a
[SKIP] Null-write at RIP=0x143dd7cf2 (+0x3dd7cf2), advancing 7 bytes, gs_base=0x727ccb0c9000
[PANIC_STACK] RSP=0x7ffe81438798  RAX=0x0  RBX=0x0  RCX=0x0  RDX=0x0
[PANIC_STACK] R8=0x0  R9=0x1c99ce7d0  R10=0x0  R11=0x202
[PANIC_STACK] instr bytes: 00 00 00 00 00
[PANIC_STACK]   [ 0] img+0x3dd7570
[PANIC_STACK]   [ 2] img+0x235a249
[PANIC_STACK]   [25] img+0x30beaa8
[PANIC_STACK]   [26] img+0x237d20a
[SKIP] Null-write at RIP=0x143dd7cf9 (+0x3dd7cf9), advancing 7 bytes, gs_base=0x727ccb0c9000
[PANIC_STACK] RSP=0x7ffe81438798  RAX=0x0  RBX=0x0  RCX=0x0  RDX=0x0
[PANIC_STACK] R8=0x0  R9=0x1c99ce7d0  R10=0x0  R11=0x202
[PANIC_STACK] instr bytes: 00 00 00 00 00
[PANIC_STACK]   [ 0] img+0x3dd7570
[PANIC_STACK]   [ 2] img+0x235a249
[PANIC_STACK]   [25] img+0x30beaa8
[PANIC_STACK]   [26] img+0x237d20a
[SKIP] Null-write at RIP=0x143dd7d00 (+0x3dd7d00), advancing 7 bytes, gs_base=0x727ccb0c9000
[PANIC_STACK] RSP=0x7ffe81438798  RAX=0x0  RBX=0x0  RCX=0x0  RDX=0x0
[PANIC_STACK] R8=0x0  R9=0x1c99ce7d0  R10=0x0  R11=0x202
[PANIC_STACK] instr bytes: 00 00 00 00 00
[PANIC_STACK]   [ 0] img+0x3dd7570
[PANIC_STACK]   [ 2] img+0x235a249
[PANIC_STACK]   [25] img+0x30beaa8
[PANIC_STACK]   [26] img+0x237d20a
[SKIP] Null-write at RIP=0x143dd7d07 (+0x3dd7d07), advancing 7 bytes, gs_base=0x727ccb0c9000
[PANIC_STACK] RSP=0x7ffe81438798  RAX=0x0  RBX=0x0  RCX=0x0  RDX=0x0
[PANIC_STACK] R8=0x0  R9=0x1c99ce7d0  R10=0x0  R11=0x202
[PANIC_STACK] instr bytes: 00 00 00 00 00
[PANIC_STACK]   [ 0] img+0x3dd7570
[PANIC_STACK]   [ 2] img+0x235a249
[PANIC_STACK]   [25] img+0x30beaa8
[PANIC_STACK]   [26] img+0x237d20a
[SKIP] Null-write at RIP=0x143dd7d0e (+0x3dd7d0e), advancing 7 bytes, gs_base=0x727ccb0c9000
[PANIC_STACK] RSP=0x7ffe81438798  RAX=0x0  RBX=0x0  RCX=0x0  RDX=0x0
[PANIC_STACK] R8=0x0  R9=0x1c99ce7d0  R10=0x0  R11=0x202
[PANIC_STACK] instr bytes: 00 00 00 00 00
[PANIC_STACK]   [ 0] img+0x3dd7570
[PANIC_STACK]   [ 2] img+0x235a249
[PANIC_STACK]   [25] img+0x30beaa8
[PANIC_STACK]   [26] img+0x237d20a
[SKIP] Null-write at RIP=0x143dd7d15 (+0x3dd7d15), advancing 7 bytes, gs_base=0x727ccb0c9000
[PANIC_STACK] RSP=0x7ffe81438798  RAX=0x0  RBX=0x0  RCX=0x0  RDX=0x0
[PANIC_STACK] R8=0x0  R9=0x1c99ce7d0  R10=0x0  R11=0x202
[PANIC_STACK] instr bytes: 00 00 00 00 00
[PANIC_STACK]   [ 0] img+0x3dd7570
[PANIC_STACK]   [ 2] img+0x235a249
[PANIC_STACK]   [25] img+0x30beaa8
[PANIC_STACK]   [26] img+0x237d20a
[SKIP] Null-write at RIP=0x143dd7d1c (+0x3dd7d1c), advancing 7 bytes, gs_base=0x727ccb0c9000
[PANIC_STACK] RSP=0x7ffe81438798  RAX=0x0  RBX=0x0  RCX=0x0  RDX=0x0
[PANIC_STACK] R8=0x0  R9=0x1c99ce7d0  R10=0x0  R11=0x202
[PANIC_STACK] instr bytes: 00 00 00 00 00
[PANIC_STACK]   [ 0] img+0x3dd7570
[PANIC_STACK]   [ 2] img+0x235a249
[PANIC_STACK]   [25] img+0x30beaa8
[PANIC_STACK]   [26] img+0x237d20a
[SKIP] Null-write at RIP=0x143dd7d23 (+0x3dd7d23), advancing 7 bytes, gs_base=0x727ccb0c9000
[PANIC_STACK] RSP=0x7ffe81438798  RAX=0x0  RBX=0x0  RCX=0x0  RDX=0x0
[PANIC_STACK] R8=0x0  R9=0x1c99ce7d0  R10=0x0  R11=0x202
[PANIC_STACK] instr bytes: 00 00 00 00 00
[PANIC_STACK]   [ 0] img+0x3dd7570
[PANIC_STACK]   [ 2] img+0x235a249
[PANIC_STACK]   [25] img+0x30beaa8
[PANIC_STACK]   [26] img+0x237d20a
[SKIP] Null-write at RIP=0x143dd7d2a (+0x3dd7d2a), advancing 7 bytes, gs_base=0x727ccb0c9000
[PANIC_STACK] RSP=0x7ffe81438798  RAX=0x0  RBX=0x0  RCX=0x0  RDX=0x0
[PANIC_STACK] R8=0x0  R9=0x1c99ce7d0  R10=0x0  R11=0x202
[PANIC_STACK] instr bytes: 00 00 00 00 00
[PANIC_STACK]   [ 0] img+0x3dd7570
[PANIC_STACK]   [ 2] img+0x235a249
[PANIC_STACK]   [25] img+0x30beaa8
[PANIC_STACK]   [26] img+0x237d20a
[SKIP] Null-write at RIP=0x143dd7d31 (+0x3dd7d31), advancing 7 bytes, gs_base=0x727ccb0c9000
[PANIC_STACK] RSP=0x7ffe81438798  RAX=0x0  RBX=0x0  RCX=0x0  RDX=0x0
[PANIC_STACK] R8=0x0  R9=0x1c99ce7d0  R10=0x0  R11=0x202
[PANIC_STACK] instr bytes: 00 00 00 00 00
[PANIC_STACK]   [ 0] img+0x3dd7570
[PANIC_STACK]   [ 2] img+0x235a249
[PANIC_STACK]   [25] img+0x30beaa8
[PANIC_STACK]   [26] img+0x237d20a
[SKIP] Null-write at RIP=0x143dd7d38 (+0x3dd7d38), advancing 7 bytes, gs_base=0x727ccb0c9000
[PANIC_STACK] RSP=0x7ffe81438798  RAX=0x0  RBX=0x0  RCX=0x0  RDX=0x0
[PANIC_STACK] R8=0x0  R9=0x1c99ce7d0  R10=0x0  R11=0x202
[PANIC_STACK] instr bytes: 00 00 00 00 00
[PANIC_STACK]   [ 0] img+0x3dd7570
[PANIC_STACK]   [ 2] img+0x235a249
[PANIC_STACK]   [25] img+0x30beaa8
[PANIC_STACK]   [26] img+0x237d20a
[SKIP] Null-write at RIP=0x143dd7d3f (+0x3dd7d3f), advancing 7 bytes, gs_base=0x727ccb0c9000
[PANIC_STACK] RSP=0x7ffe81438798  RAX=0x0  RBX=0x0  RCX=0x0  RDX=0x0
[PANIC_STACK] R8=0x0  R9=0x1c99ce7d0  R10=0x0  R11=0x202
[PANIC_STACK] instr bytes: 00 00 00 00 00
[PANIC_STACK]   [ 0] img+0x3dd7570
[PANIC_STACK]   [ 2] img+0x235a249
[PANIC_STACK]   [25] img+0x30beaa8
[PANIC_STACK]   [26] img+0x237d20a
[SKIP] Null-write at RIP=0x143dd7d46 (+0x3dd7d46), advancing 7 bytes, gs_base=0x727ccb0c9000
[PANIC_STACK] RSP=0x7ffe81438798  RAX=0x0  RBX=0x0  RCX=0x0  RDX=0x0
[PANIC_STACK] R8=0x0  R9=0x1c99ce7d0  R10=0x0  R11=0x202
[PANIC_STACK] instr bytes: 00 00 00 00 00
[PANIC_STACK]   [ 0] img+0x3dd7570
[PANIC_STACK]   [ 2] img+0x235a249
[PANIC_STACK]   [25] img+0x30beaa8
[PANIC_STACK]   [26] img+0x237d20a
[SKIP] Null-write at RIP=0x143dd7d4d (+0x3dd7d4d), advancing 7 bytes, gs_base=0x727ccb0c9000
[PANIC_STACK] RSP=0x7ffe81438798  RAX=0x0  RBX=0x0  RCX=0x0  RDX=0x0
[PANIC_STACK] R8=0x0  R9=0x1c99ce7d0  R10=0x0  R11=0x202
[PANIC_STACK] instr bytes: 00 00 00 00 00
[PANIC_STACK]   [ 0] img+0x3dd7570
[PANIC_STACK]   [ 2] img+0x235a249
[PANIC_STACK]   [25] img+0x30beaa8
[PANIC_STACK]   [26] img+0x237d20a
[SKIP] Null-write at RIP=0x143dd7d54 (+0x3dd7d54), advancing 7 bytes, gs_base=0x727ccb0c9000
[PANIC_STACK] RSP=0x7ffe81438798  RAX=0x0  RBX=0x0  RCX=0x0  RDX=0x0
[PANIC_STACK] R8=0x0  R9=0x1c99ce7d0  R10=0x0  R11=0x202
[PANIC_STACK] instr bytes: 00 00 00 00 00
[PANIC_STACK]   [ 0] img+0x3dd7570
[PANIC_STACK]   [ 2] img+0x235a249
[PANIC_STACK]   [25] img+0x30beaa8
[PANIC_STACK]   [26] img+0x237d20a
[SKIP] Null-write at RIP=0x143dd7d5b (+0x3dd7d5b), advancing 7 bytes, gs_base=0x727ccb0c9000
[PANIC_STACK] RSP=0x7ffe81438798  RAX=0x0  RBX=0x0  RCX=0x0  RDX=0x0
[PANIC_STACK] R8=0x0  R9=0x1c99ce7d0  R10=0x0  R11=0x202
[PANIC_STACK] instr bytes: 00 00 00 00 00
[PANIC_STACK]   [ 0] img+0x3dd7570
[PANIC_STACK]   [ 2] img+0x235a249
[PANIC_STACK]   [25] img+0x30beaa8
[PANIC_STACK]   [26] img+0x237d20a
[SKIP] Null-write at RIP=0x143dd7d62 (+0x3dd7d62), advancing 7 bytes, gs_base=0x727ccb0c9000
[PANIC_STACK] RSP=0x7ffe81438798  RAX=0x0  RBX=0x0  RCX=0x0  RDX=0x0
[PANIC_STACK] R8=0x0  R9=0x1c99ce7d0  R10=0x0  R11=0x202
[PANIC_STACK] instr bytes: 00 00 00 00 00
[PANIC_STACK]   [ 0] img+0x3dd7570
[PANIC_STACK]   [ 2] img+0x235a249
[PANIC_STACK]   [25] img+0x30beaa8
[PANIC_STACK]   [26] img+0x237d20a
[SKIP] Null-write at RIP=0x143dd7d69 (+0x3dd7d69), advancing 7 bytes, gs_base=0x727ccb0c9000
[PANIC_STACK] RSP=0x7ffe81438798  RAX=0x0  RBX=0x0  RCX=0x0  RDX=0x0
[PANIC_STACK] R8=0x0  R9=0x1c99ce7d0  R10=0x0  R11=0x202
[PANIC_STACK] instr bytes: 00 00 00 00 00
[PANIC_STACK]   [ 0] img+0x3dd7570
[PANIC_STACK]   [ 2] img+0x235a249
[PANIC_STACK]   [25] img+0x30beaa8
[PANIC_STACK]   [26] img+0x237d20a
[SKIP] Null-write at RIP=0x143dd7d70 (+0x3dd7d70), advancing 7 bytes, gs_base=0x727ccb0c9000
[PANIC_STACK] RSP=0x7ffe81438798  RAX=0x0  RBX=0x0  RCX=0x0  RDX=0x0
[PANIC_STACK] R8=0x0  R9=0x1c99ce7d0  R10=0x0  R11=0x202
[PANIC_STACK] instr bytes: 00 00 00 00 00
[PANIC_STACK]   [ 0] img+0x3dd7570
[PANIC_STACK]   [ 2] img+0x235a249
[PANIC_STACK]   [25] img+0x30beaa8
[PANIC_STACK]   [26] img+0x237d20a
[SKIP] Null-write at RIP=0x143dd7d77 (+0x3dd7d77), advancing 7 bytes, gs_base=0x727ccb0c9000
[PANIC_STACK] RSP=0x7ffe81438798  RAX=0x0  RBX=0x0  RCX=0x0  RDX=0x0
[PANIC_STACK] R8=0x0  R9=0x1c99ce7d0  R10=0x0  R11=0x202
[PANIC_STACK] instr bytes: 00 00 00 00 00
[PANIC_STACK]   [ 0] img+0x3dd7570
[PANIC_STACK]   [ 2] img+0x235a249
[PANIC_STACK]   [25] img+0x30beaa8
[PANIC_STACK]   [26] img+0x237d20a
[SKIP] Null-write at RIP=0x143dd7d7e (+0x3dd7d7e), advancing 7 bytes, gs_base=0x727ccb0c9000
[PANIC_STACK] RSP=0x7ffe81438798  RAX=0x0  RBX=0x0  RCX=0x0  RDX=0x0
[PANIC_STACK] R8=0x0  R9=0x1c99ce7d0  R10=0x0  R11=0x202
[PANIC_STACK] instr bytes: 00 00 00 00 00
[PANIC_STACK]   [ 0] img+0x3dd7570
[PANIC_STACK]   [ 2] img+0x235a249
[PANIC_STACK]   [25] img+0x30beaa8
[PANIC_STACK]   [26] img+0x237d20a
[SKIP] Null-write at RIP=0x143dd7d85 (+0x3dd7d85), advancing 7 bytes, gs_base=0x727ccb0c9000
[PANIC_STACK] RSP=0x7ffe81438798  RAX=0x0  RBX=0x0  RCX=0x0  RDX=0x0
[PANIC_STACK] R8=0x0  R9=0x1c99ce7d0  R10=0x0  R11=0x202
[PANIC_STACK] instr bytes: 00 00 00 00 00
[PANIC_STACK]   [ 0] img+0x3dd7570
[PANIC_STACK]   [ 2] img+0x235a249
[PANIC_STACK]   [25] img+0x30beaa8
[PANIC_STACK]   [26] img+0x237d20a
[SKIP] Null-write at RIP=0x143dd7d8c (+0x3dd7d8c), advancing 7 bytes, gs_base=0x727ccb0c9000
[PANIC_STACK] RSP=0x7ffe81438798  RAX=0x0  RBX=0x0  RCX=0x0  RDX=0x0
[PANIC_STACK] R8=0x0  R9=0x1c99ce7d0  R10=0x0  R11=0x202
[PANIC_STACK] instr bytes: 00 00 00 00 00
[PANIC_STACK]   [ 0] img+0x3dd7570
[PANIC_STACK]   [ 2] img+0x235a249
[PANIC_STACK]   [25] img+0x30beaa8
[PANIC_STACK]   [26] img+0x237d20a
[SKIP] Null-write at RIP=0x143dd7d93 (+0x3dd7d93), advancing 7 bytes, gs_base=0x727ccb0c9000
[PANIC_STACK] RSP=0x7ffe81438798  RAX=0x0  RBX=0x0  RCX=0x0  RDX=0x0
[PANIC_STACK] R8=0x0  R9=0x1c99ce7d0  R10=0x0  R11=0x202
[PANIC_STACK] instr bytes: 00 00 00 00 00
[PANIC_STACK]   [ 0] img+0x3dd7570
[PANIC_STACK]   [ 2] img+0x235a249
[PANIC_STACK]   [25] img+0x30beaa8
[PANIC_STACK]   [26] img+0x237d20a
[SKIP] Null-write at RIP=0x143dd7d9a (+0x3dd7d9a), advancing 7 bytes, gs_base=0x727ccb0c9000
[PANIC_STACK] RSP=0x7ffe81438798  RAX=0x0  RBX=0x0  RCX=0x0  RDX=0x0
[PANIC_STACK] R8=0x0  R9=0x1c99ce7d0  R10=0x0  R11=0x202
[PANIC_STACK] instr bytes: 00 00 00 00 00
[PANIC_STACK]   [ 0] img+0x3dd7570
[PANIC_STACK]   [ 2] img+0x235a249
[PANIC_STACK]   [25] img+0x30beaa8
[PANIC_STACK]   [26] img+0x237d20a
[SKIP] Null-write at RIP=0x143dd7da1 (+0x3dd7da1), advancing 7 bytes, gs_base=0x727ccb0c9000
[PANIC_STACK] RSP=0x7ffe81438798  RAX=0x0  RBX=0x0  RCX=0x0  RDX=0x0
[PANIC_STACK] R8=0x0  R9=0x1c99ce7d0  R10=0x0  R11=0x202
[PANIC_STACK] instr bytes: 00 00 00 00 00
[PANIC_STACK]   [ 0] img+0x3dd7570
[PANIC_STACK]   [ 2] img+0x235a249
[PANIC_STACK]   [25] img+0x30beaa8
[PANIC_STACK]   [26] img+0x237d20a
[SKIP] Null-write at RIP=0x143dd7da8 (+0x3dd7da8), advancing 7 bytes, gs_base=0x727ccb0c9000
[PANIC_STACK] RSP=0x7ffe81438798  RAX=0x0  RBX=0x0  RCX=0x0  RDX=0x0
[PANIC_STACK] R8=0x0  R9=0x1c99ce7d0  R10=0x0  R11=0x202
[PANIC_STACK] instr bytes: 00 00 00 00 00
[PANIC_STACK]   [ 0] img+0x3dd7570
[PANIC_STACK]   [ 2] img+0x235a249
[PANIC_STACK]   [25] img+0x30beaa8
[PANIC_STACK]   [26] img+0x237d20a
[SKIP] Null-write at RIP=0x143dd7daf (+0x3dd7daf), advancing 7 bytes, gs_base=0x727ccb0c9000
[PANIC_STACK] RSP=0x7ffe81438798  RAX=0x0  RBX=0x0  RCX=0x0  RDX=0x0
[PANIC_STACK] R8=0x0  R9=0x1c99ce7d0  R10=0x0  R11=0x202
[PANIC_STACK] instr bytes: 00 00 00 00 00
[PANIC_STACK]   [ 0] img+0x3dd7570
[PANIC_STACK]   [ 2] img+0x235a249
[PANIC_STACK]   [25] img+0x30beaa8
[PANIC_STACK]   [26] img+0x237d20a
[SKIP] Null-write at RIP=0x143dd7db6 (+0x3dd7db6), advancing 7 bytes, gs_base=0x727ccb0c9000
[PANIC_STACK] RSP=0x7ffe81438798  RAX=0x0  RBX=0x0  RCX=0x0  RDX=0x0
[PANIC_STACK] R8=0x0  R9=0x1c99ce7d0  R10=0x0  R11=0x202
[PANIC_STACK] instr bytes: 00 00 00 00 00
[PANIC_STACK]   [ 0] img+0x3dd7570
[PANIC_STACK]   [ 2] img+0x235a249
[PANIC_STACK]   [25] img+0x30beaa8
[PANIC_STACK]   [26] img+0x237d20a
[SKIP] Null-write at RIP=0x143dd7dbd (+0x3dd7dbd), advancing 7 bytes, gs_base=0x727ccb0c9000
[PANIC_STACK] RSP=0x7ffe81438798  RAX=0x0  RBX=0x0  RCX=0x0  RDX=0x0
[PANIC_STACK] R8=0x0  R9=0x1c99ce7d0  R10=0x0  R11=0x202
[PANIC_STACK] instr bytes: 00 00 00 00 00
[PANIC_STACK]   [ 0] img+0x3dd7570
[PANIC_STACK]   [ 2] img+0x235a249
[PANIC_STACK]   [25] img+0x30beaa8
[PANIC_STACK]   [26] img+0x237d20a
[SKIP] Null-write at RIP=0x143dd7dc4 (+0x3dd7dc4), advancing 7 bytes, gs_base=0x727ccb0c9000
[PANIC_STACK] RSP=0x7ffe81438798  RAX=0x0  RBX=0x0  RCX=0x0  RDX=0x0
[PANIC_STACK] R8=0x0  R9=0x1c99ce7d0  R10=0x0  R11=0x202
[PANIC_STACK] instr bytes: 00 00 00 00 00
[PANIC_STACK]   [ 0] img+0x3dd7570
[PANIC_STACK]   [ 2] img+0x235a249
[PANIC_STACK]   [25] img+0x30beaa8
[PANIC_STACK]   [26] img+0x237d20a
[SKIP] Null-write at RIP=0x143dd7dcb (+0x3dd7dcb), advancing 7 bytes, gs_base=0x727ccb0c9000
[PANIC_STACK] RSP=0x7ffe81438798  RAX=0x0  RBX=0x0  RCX=0x0  RDX=0x0
[PANIC_STACK] R8=0x0  R9=0x1c99ce7d0  R10=0x0  R11=0x202
[PANIC_STACK] instr bytes: 00 00 00 00 00
[PANIC_STACK]   [ 0] img+0x3dd7570
[PANIC_STACK]   [ 2] img+0x235a249
[PANIC_STACK]   [25] img+0x30beaa8
[PANIC_STACK]   [26] img+0x237d20a
[SKIP] Null-write at RIP=0x143dd7dd2 (+0x3dd7dd2), advancing 7 bytes, gs_base=0x727ccb0c9000
[PANIC_STACK] RSP=0x7ffe81438798  RAX=0x0  RBX=0x0  RCX=0x0  RDX=0x0
[PANIC_STACK] R8=0x0  R9=0x1c99ce7d0  R10=0x0  R11=0x202
[PANIC_STACK] instr bytes: 00 00 00 00 00
[PANIC_STACK]   [ 0] img+0x3dd7570
[PANIC_STACK]   [ 2] img+0x235a249
[PANIC_STACK]   [25] img+0x30beaa8
[PANIC_STACK]   [26] img+0x237d20a
[SKIP] Null-write at RIP=0x143dd7dd9 (+0x3dd7dd9), advancing 7 bytes, gs_base=0x727ccb0c9000
[PANIC_STACK] RSP=0x7ffe81438798  RAX=0x0  RBX=0x0  RCX=0x0  RDX=0x0
[PANIC_STACK] R8=0x0  R9=0x1c99ce7d0  R10=0x0  R11=0x202
[PANIC_STACK] instr bytes: 00 00 00 00 00
[PANIC_STACK]   [ 0] img+0x3dd7570
[PANIC_STACK]   [ 2] img+0x235a249
[PANIC_STACK]   [25] img+0x30beaa8
[PANIC_STACK]   [26] img+0x237d20a
[SKIP] Null-write at RIP=0x143dd7de0 (+0x3dd7de0), advancing 7 bytes, gs_base=0x727ccb0c9000
[PANIC_STACK] RSP=0x7ffe81438798  RAX=0x0  RBX=0x0  RCX=0x0  RDX=0x0
[PANIC_STACK] R8=0x0  R9=0x1c99ce7d0  R10=0x0  R11=0x202
[PANIC_STACK] instr bytes: 00 00 00 00 00
[PANIC_STACK]   [ 0] img+0x3dd7570
[PANIC_STACK]   [ 2] img+0x235a249
[PANIC_STACK]   [25] img+0x30beaa8
[PANIC_STACK]   [26] img+0x237d20a
[SKIP] Null-write at RIP=0x143dd7de7 (+0x3dd7de7), advancing 7 bytes, gs_base=0x727ccb0c9000
[PANIC_STACK] RSP=0x7ffe81438798  RAX=0x0  RBX=0x0  RCX=0x0  RDX=0x0
[PANIC_STACK] R8=0x0  R9=0x1c99ce7d0  R10=0x0  R11=0x202
[PANIC_STACK] instr bytes: 00 00 00 00 00
[PANIC_STACK]   [ 0] img+0x3dd7570
[PANIC_STACK]   [ 2] img+0x235a249
[PANIC_STACK]   [25] img+0x30beaa8
[PANIC_STACK]   [26] img+0x237d20a
[SKIP] Null-write at RIP=0x143dd7dee (+0x3dd7dee), advancing 7 bytes, gs_base=0x727ccb0c9000
[PANIC_STACK] RSP=0x7ffe81438798  RAX=0x0  RBX=0x0  RCX=0x0  RDX=0x0
[PANIC_STACK] R8=0x0  R9=0x1c99ce7d0  R10=0x0  R11=0x202
[PANIC_STACK] instr bytes: 00 00 00 00 00
[PANIC_STACK]   [ 0] img+0x3dd7570
[PANIC_STACK]   [ 2] img+0x235a249
[PANIC_STACK]   [25] img+0x30beaa8
[PANIC_STACK]   [26] img+0x237d20a
[SKIP] Null-write at RIP=0x143dd7df5 (+0x3dd7df5), advancing 7 bytes, gs_base=0x727ccb0c9000
[PANIC_STACK] RSP=0x7ffe81438798  RAX=0x0  RBX=0x0  RCX=0x0  RDX=0x0
[PANIC_STACK] R8=0x0  R9=0x1c99ce7d0  R10=0x0  R11=0x202
[PANIC_STACK] instr bytes: 00 00 00 00 00
[PANIC_STACK]   [ 0] img+0x3dd7570
[PANIC_STACK]   [ 2] img+0x235a249
[PANIC_STACK]   [25] img+0x30beaa8
[PANIC_STACK]   [26] img+0x237d20a
[SKIP] Null-write at RIP=0x143dd7dfc (+0x3dd7dfc), advancing 7 bytes, gs_base=0x727ccb0c9000
[PANIC_STACK] RSP=0x7ffe81438798  RAX=0x0  RBX=0x0  RCX=0x0  RDX=0x0
[PANIC_STACK] R8=0x0  R9=0x1c99ce7d0  R10=0x0  R11=0x202
[PANIC_STACK] instr bytes: 00 00 00 00 00
[PANIC_STACK]   [ 0] img+0x3dd7570
[PANIC_STACK]   [ 2] img+0x235a249
[PANIC_STACK]   [25] img+0x30beaa8
[PANIC_STACK]   [26] img+0x237d20a
[SKIP] Null-write at RIP=0x143dd7e03 (+0x3dd7e03), advancing 7 bytes, gs_base=0x727ccb0c9000
[PANIC_STACK] RSP=0x7ffe81438798  RAX=0x0  RBX=0x0  RCX=0x0  RDX=0x0
[PANIC_STACK] R8=0x0  R9=0x1c99ce7d0  R10=0x0  R11=0x202
[PANIC_STACK] instr bytes: 00 00 00 00 00
[PANIC_STACK]   [ 0] img+0x3dd7570
[PANIC_STACK]   [ 2] img+0x235a249
[PANIC_STACK]   [25] img+0x30beaa8
[PANIC_STACK]   [26] img+0x237d20a
[SKIP] Null-write at RIP=0x143dd7e0a (+0x3dd7e0a), advancing 7 bytes, gs_base=0x727ccb0c9000
[PANIC_STACK] RSP=0x7ffe81438798  RAX=0x0  RBX=0x0  RCX=0x0  RDX=0x0
[PANIC_STACK] R8=0x0  R9=0x1c99ce7d0  R10=0x0  R11=0x202
[PANIC_STACK] instr bytes: 00 00 00 00 00
[PANIC_STACK]   [ 0] img+0x3dd7570
[PANIC_STACK]   [ 2] img+0x235a249
[PANIC_STACK]   [25] img+0x30beaa8
[PANIC_STACK]   [26] img+0x237d20a
[SKIP] Null-write at RIP=0x143dd7e11 (+0x3dd7e11), advancing 7 bytes, gs_base=0x727ccb0c9000
[PANIC_STACK] RSP=0x7ffe81438798  RAX=0x0  RBX=0x0  RCX=0x0  RDX=0x0
[PANIC_STACK] R8=0x0  R9=0x1c99ce7d0  R10=0x0  R11=0x202
[PANIC_STACK] instr bytes: 00 00 00 00 00
[PANIC_STACK]   [ 0] img+0x3dd7570
[PANIC_STACK]   [ 2] img+0x235a249
[PANIC_STACK]   [25] img+0x30beaa8
[PANIC_STACK]   [26] img+0x237d20a
[SKIP] Null-write at RIP=0x143dd7e18 (+0x3dd7e18), advancing 7 bytes, gs_base=0x727ccb0c9000
[PANIC_STACK] RSP=0x7ffe81438798  RAX=0x0  RBX=0x0  RCX=0x0  RDX=0x0
[PANIC_STACK] R8=0x0  R9=0x1c99ce7d0  R10=0x0  R11=0x202
[PANIC_STACK] instr bytes: 00 00 00 00 00
[PANIC_STACK]   [ 0] img+0x3dd7570
[PANIC_STACK]   [ 2] img+0x235a249
[PANIC_STACK]   [25] img+0x30beaa8
[PANIC_STACK]   [26] img+0x237d20a
[SKIP] Null-write at RIP=0x143dd7e1f (+0x3dd7e1f), advancing 7 bytes, gs_base=0x727ccb0c9000
[PANIC_STACK] RSP=0x7ffe81438798  RAX=0x0  RBX=0x0  RCX=0x0  RDX=0x0
[PANIC_STACK] R8=0x0  R9=0x1c99ce7d0  R10=0x0  R11=0x202
[PANIC_STACK] instr bytes: 00 00 00 00 00
[PANIC_STACK]   [ 0] img+0x3dd7570
[PANIC_STACK]   [ 2] img+0x235a249
[PANIC_STACK]   [25] img+0x30beaa8
[PANIC_STACK]   [26] img+0x237d20a
[SKIP] Null-write at RIP=0x143dd7e26 (+0x3dd7e26), advancing 7 bytes, gs_base=0x727ccb0c9000
[PANIC_STACK] RSP=0x7ffe81438798  RAX=0x0  RBX=0x0  RCX=0x0  RDX=0x0
[PANIC_STACK] R8=0x0  R9=0x1c99ce7d0  R10=0x0  R11=0x202
[PANIC_STACK] instr bytes: 00 00 00 00 00
[PANIC_STACK]   [ 0] img+0x3dd7570
[PANIC_STACK]   [ 2] img+0x235a249
[PANIC_STACK]   [25] img+0x30beaa8
[PANIC_STACK]   [26] img+0x237d20a
[SKIP] Null-write at RIP=0x143dd7e2d (+0x3dd7e2d), advancing 7 bytes, gs_base=0x727ccb0c9000
[PANIC_STACK] RSP=0x7ffe81438798  RAX=0x0  RBX=0x0  RCX=0x0  RDX=0x0
[PANIC_STACK] R8=0x0  R9=0x1c99ce7d0  R10=0x0  R11=0x202
[PANIC_STACK] instr bytes: 00 00 00 00 00
[PANIC_STACK]   [ 0] img+0x3dd7570
[PANIC_STACK]   [ 2] img+0x235a249
[PANIC_STACK]   [25] img+0x30beaa8
[PANIC_STACK]   [26] img+0x237d20a
[SKIP] Null-write at RIP=0x143dd7e34 (+0x3dd7e34), advancing 7 bytes, gs_base=0x727ccb0c9000
[PANIC_STACK] RSP=0x7ffe81438798  RAX=0x0  RBX=0x0  RCX=0x0  RDX=0x0
[PANIC_STACK] R8=0x0  R9=0x1c99ce7d0  R10=0x0  R11=0x202
[PANIC_STACK] instr bytes: 00 00 00 00 00
[PANIC_STACK]   [ 0] img+0x3dd7570
[PANIC_STACK]   [ 2] img+0x235a249
[PANIC_STACK]   [25] img+0x30beaa8
[PANIC_STACK]   [26] img+0x237d20a
[SKIP] Null-write at RIP=0x143dd7e3b (+0x3dd7e3b), advancing 7 bytes, gs_base=0x727ccb0c9000
[PANIC_STACK] RSP=0x7ffe81438798  RAX=0x0  RBX=0x0  RCX=0x0  RDX=0x0
[PANIC_STACK] R8=0x0  R9=0x1c99ce7d0  R10=0x0  R11=0x202
[PANIC_STACK] instr bytes: 00 00 00 00 00
[PANIC_STACK]   [ 0] img+0x3dd7570
[PANIC_STACK]   [ 2] img+0x235a249
[PANIC_STACK]   [25] img+0x30beaa8
[PANIC_STACK]   [26] img+0x237d20a
[SKIP] Null-write at RIP=0x143dd7e42 (+0x3dd7e42), advancing 7 bytes, gs_base=0x727ccb0c9000
[PANIC_STACK] RSP=0x7ffe81438798  RAX=0x0  RBX=0x0  RCX=0x0  RDX=0x0
[PANIC_STACK] R8=0x0  R9=0x1c99ce7d0  R10=0x0  R11=0x202
[PANIC_STACK] instr bytes: 00 00 00 00 00
[PANIC_STACK]   [ 0] img+0x3dd7570
[PANIC_STACK]   [ 2] img+0x235a249
[PANIC_STACK]   [25] img+0x30beaa8
[PANIC_STACK]   [26] img+0x237d20a
[SKIP] Null-write at RIP=0x143dd7e49 (+0x3dd7e49), advancing 7 bytes, gs_base=0x727ccb0c9000
[PANIC_STACK] RSP=0x7ffe81438798  RAX=0x0  RBX=0x0  RCX=0x0  RDX=0x0
[PANIC_STACK] R8=0x0  R9=0x1c99ce7d0  R10=0x0  R11=0x202
[PANIC_STACK] instr bytes: 00 00 00 00 00
[PANIC_STACK]   [ 0] img+0x3dd7570
[PANIC_STACK]   [ 2] img+0x235a249
[PANIC_STACK]   [25] img+0x30beaa8
[PANIC_STACK]   [26] img+0x237d20a
[SKIP] Null-write at RIP=0x143dd7e50 (+0x3dd7e50), advancing 7 bytes, gs_base=0x727ccb0c9000
[PANIC_STACK] RSP=0x7ffe81438798  RAX=0x0  RBX=0x0  RCX=0x0  RDX=0x0
[PANIC_STACK] R8=0x0  R9=0x1c99ce7d0  R10=0x0  R11=0x202
[PANIC_STACK] instr bytes: 00 00 00 00 00
[PANIC_STACK]   [ 0] img+0x3dd7570
[PANIC_STACK]   [ 2] img+0x235a249
[PANIC_STACK]   [25] img+0x30beaa8
[PANIC_STACK]   [26] img+0x237d20a
[SKIP] Null-write at RIP=0x143dd7e57 (+0x3dd7e57), advancing 7 bytes, gs_base=0x727ccb0c9000
[PANIC_STACK] RSP=0x7ffe81438798  RAX=0x0  RBX=0x0  RCX=0x0  RDX=0x0
[PANIC_STACK] R8=0x0  R9=0x1c99ce7d0  R10=0x0  R11=0x202
[PANIC_STACK] instr bytes: 00 00 00 00 00
[PANIC_STACK]   [ 0] img+0x3dd7570
[PANIC_STACK]   [ 2] img+0x235a249
[PANIC_STACK]   [25] img+0x30beaa8
[PANIC_STACK]   [26] img+0x237d20a
[SKIP] Null-write at RIP=0x143dd7e5e (+0x3dd7e5e), advancing 7 bytes, gs_base=0x727ccb0c9000
[PANIC_STACK] RSP=0x7ffe81438798  RAX=0x0  RBX=0x0  RCX=0x0  RDX=0x0
[PANIC_STACK] R8=0x0  R9=0x1c99ce7d0  R10=0x0  R11=0x202
[PANIC_STACK] instr bytes: 00 00 00 00 00
[PANIC_STACK]   [ 0] img+0x3dd7570
[PANIC_STACK]   [ 2] img+0x235a249
[PANIC_STACK]   [25] img+0x30beaa8
[PANIC_STACK]   [26] img+0x237d20a
[SKIP] Null-write at RIP=0x143dd7e65 (+0x3dd7e65), advancing 7 bytes, gs_base=0x727ccb0c9000
[PANIC_STACK] RSP=0x7ffe81438798  RAX=0x0  RBX=0x0  RCX=0x0  RDX=0x0
[PANIC_STACK] R8=0x0  R9=0x1c99ce7d0  R10=0x0  R11=0x202
[PANIC_STACK] instr bytes: 00 00 00 00 00
[PANIC_STACK]   [ 0] img+0x3dd7570
[PANIC_STACK]   [ 2] img+0x235a249
[PANIC_STACK]   [25] img+0x30beaa8
[PANIC_STACK]   [26] img+0x237d20a
[SKIP] Null-write at RIP=0x143dd7e6c (+0x3dd7e6c), advancing 7 bytes, gs_base=0x727ccb0c9000
[PANIC_STACK] RSP=0x7ffe81438798  RAX=0x0  RBX=0x0  RCX=0x0  RDX=0x0
[PANIC_STACK] R8=0x0  R9=0x1c99ce7d0  R10=0x0  R11=0x202
[PANIC_STACK] instr bytes: 00 00 00 00 00
[PANIC_STACK]   [ 0] img+0x3dd7570
[PANIC_STACK]   [ 2] img+0x235a249
[PANIC_STACK]   [25] img+0x30beaa8
[PANIC_STACK]   [26] img+0x237d20a
[SKIP] Null-write at RIP=0x143dd7e73 (+0x3dd7e73), advancing 7 bytes, gs_base=0x727ccb0c9000
[PANIC_STACK] RSP=0x7ffe81438798  RAX=0x0  RBX=0x0  RCX=0x0  RDX=0x0
[PANIC_STACK] R8=0x0  R9=0x1c99ce7d0  R10=0x0  R11=0x202
[PANIC_STACK] instr bytes: 00 00 00 00 00
[PANIC_STACK]   [ 0] img+0x3dd7570
[PANIC_STACK]   [ 2] img+0x235a249
[PANIC_STACK]   [25] img+0x30beaa8
[PANIC_STACK]   [26] img+0x237d20a
[SKIP] Null-write at RIP=0x143dd7e7a (+0x3dd7e7a), advancing 7 bytes, gs_base=0x727ccb0c9000
[PANIC_STACK] RSP=0x7ffe81438798  RAX=0x0  RBX=0x0  RCX=0x0  RDX=0x0
[PANIC_STACK] R8=0x0  R9=0x1c99ce7d0  R10=0x0  R11=0x202
[PANIC_STACK] instr bytes: 00 00 00 00 00
[PANIC_STACK]   [ 0] img+0x3dd7570
[PANIC_STACK]   [ 2] img+0x235a249
[PANIC_STACK]   [25] img+0x30beaa8
[PANIC_STACK]   [26] img+0x237d20a
[SKIP] Null-write at RIP=0x143dd7e81 (+0x3dd7e81), advancing 7 bytes, gs_base=0x727ccb0c9000
[PANIC_STACK] RSP=0x7ffe81438798  RAX=0x0  RBX=0x0  RCX=0x0  RDX=0x0
[PANIC_STACK] R8=0x0  R9=0x1c99ce7d0  R10=0x0  R11=0x202
[PANIC_STACK] instr bytes: 00 00 00 00 00
[PANIC_STACK]   [ 0] img+0x3dd7570
[PANIC_STACK]   [ 2] img+0x235a249
[PANIC_STACK]   [25] img+0x30beaa8
[PANIC_STACK]   [26] img+0x237d20a
[SKIP] Null-write at RIP=0x143dd7e88 (+0x3dd7e88), advancing 7 bytes, gs_base=0x727ccb0c9000
[PANIC_STACK] RSP=0x7ffe81438798  RAX=0x0  RBX=0x0  RCX=0x0  RDX=0x0
[PANIC_STACK] R8=0x0  R9=0x1c99ce7d0  R10=0x0  R11=0x202
[PANIC_STACK] instr bytes: 00 00 00 00 00
[PANIC_STACK]   [ 0] img+0x3dd7570
[PANIC_STACK]   [ 2] img+0x235a249
[PANIC_STACK]   [25] img+0x30beaa8
[PANIC_STACK]   [26] img+0x237d20a
[SKIP] Null-write at RIP=0x143dd7e8f (+0x3dd7e8f), advancing 7 bytes, gs_base=0x727ccb0c9000
[PANIC_STACK] RSP=0x7ffe81438798  RAX=0x0  RBX=0x0  RCX=0x0  RDX=0x0
[PANIC_STACK] R8=0x0  R9=0x1c99ce7d0  R10=0x0  R11=0x202
[PANIC_STACK] instr bytes: 00 00 00 00 00
[PANIC_STACK]   [ 0] img+0x3dd7570
[PANIC_STACK]   [ 2] img+0x235a249
[PANIC_STACK]   [25] img+0x30beaa8
[PANIC_STACK]   [26] img+0x237d20a
[SKIP] Null-write at RIP=0x143dd7e96 (+0x3dd7e96), advancing 7 bytes, gs_base=0x727ccb0c9000
[PANIC_STACK] RSP=0x7ffe81438798  RAX=0x0  RBX=0x0  RCX=0x0  RDX=0x0
[PANIC_STACK] R8=0x0  R9=0x1c99ce7d0  R10=0x0  R11=0x202
[PANIC_STACK] instr bytes: 00 00 00 00 00
[PANIC_STACK]   [ 0] img+0x3dd7570
[PANIC_STACK]   [ 2] img+0x235a249
[PANIC_STACK]   [25] img+0x30beaa8
[PANIC_STACK]   [26] img+0x237d20a
[SKIP] Null-write at RIP=0x143dd7e9d (+0x3dd7e9d), advancing 7 bytes, gs_base=0x727ccb0c9000
[PANIC_STACK] RSP=0x7ffe81438798  RAX=0x0  RBX=0x0  RCX=0x0  RDX=0x0
[PANIC_STACK] R8=0x0  R9=0x1c99ce7d0  R10=0x0  R11=0x202
[PANIC_STACK] instr bytes: 00 00 00 00 00
[PANIC_STACK]   [ 0] img+0x3dd7570
[PANIC_STACK]   [ 2] img+0x235a249
[PANIC_STACK]   [25] img+0x30beaa8
[PANIC_STACK]   [26] img+0x237d20a
[SKIP] Null-write at RIP=0x143dd7ea4 (+0x3dd7ea4), advancing 7 bytes, gs_base=0x727ccb0c9000
[PANIC_STACK] RSP=0x7ffe81438798  RAX=0x0  RBX=0x0  RCX=0x0  RDX=0x0
[PANIC_STACK] R8=0x0  R9=0x1c99ce7d0  R10=0x0  R11=0x202
[PANIC_STACK] instr bytes: 00 00 00 00 00
[PANIC_STACK]   [ 0] img+0x3dd7570
[PANIC_STACK]   [ 2] img+0x235a249
[PANIC_STACK]   [25] img+0x30beaa8
[PANIC_STACK]   [26] img+0x237d20a
[SKIP] Null-write at RIP=0x143dd7eab (+0x3dd7eab), advancing 7 bytes, gs_base=0x727ccb0c9000
[PANIC_STACK] RSP=0x7ffe81438798  RAX=0x0  RBX=0x0  RCX=0x0  RDX=0x0
[PANIC_STACK] R8=0x0  R9=0x1c99ce7d0  R10=0x0  R11=0x202
[PANIC_STACK] instr bytes: 00 00 00 00 00
[PANIC_STACK]   [ 0] img+0x3dd7570
[PANIC_STACK]   [ 2] img+0x235a249
[PANIC_STACK]   [25] img+0x30beaa8
[PANIC_STACK]   [26] img+0x237d20a
[SKIP] Null-write at RIP=0x143dd7eb2 (+0x3dd7eb2), advancing 7 bytes, gs_base=0x727ccb0c9000
[PANIC_STACK] RSP=0x7ffe81438798  RAX=0x0  RBX=0x0  RCX=0x0  RDX=0x0
[PANIC_STACK] R8=0x0  R9=0x1c99ce7d0  R10=0x0  R11=0x202
[PANIC_STACK] instr bytes: 00 00 00 00 00
[PANIC_STACK]   [ 0] img+0x3dd7570
[PANIC_STACK]   [ 2] img+0x235a249
[PANIC_STACK]   [25] img+0x30beaa8
[PANIC_STACK]   [26] img+0x237d20a
[SKIP] Null-write at RIP=0x143dd7eb9 (+0x3dd7eb9), advancing 7 bytes, gs_base=0x727ccb0c9000
[PANIC_STACK] RSP=0x7ffe81438798  RAX=0x0  RBX=0x0  RCX=0x0  RDX=0x0
[PANIC_STACK] R8=0x0  R9=0x1c99ce7d0  R10=0x0  R11=0x202
[PANIC_STACK] instr bytes: 00 00 00 00 00
[PANIC_STACK]   [ 0] img+0x3dd7570
[PANIC_STACK]   [ 2] img+0x235a249
[PANIC_STACK]   [25] img+0x30beaa8
[PANIC_STACK]   [26] img+0x237d20a
[SKIP] Null-write at RIP=0x143dd7ec0 (+0x3dd7ec0), advancing 7 bytes, gs_base=0x727ccb0c9000
[PANIC_STACK] RSP=0x7ffe81438798  RAX=0x0  RBX=0x0  RCX=0x0  RDX=0x0
[PANIC_STACK] R8=0x0  R9=0x1c99ce7d0  R10=0x0  R11=0x202
[PANIC_STACK] instr bytes: 00 00 00 00 00
[PANIC_STACK]   [ 0] img+0x3dd7570
[PANIC_STACK]   [ 2] img+0x235a249
[PANIC_STACK]   [25] img+0x30beaa8
[PANIC_STACK]   [26] img+0x237d20a
[SKIP] Null-write at RIP=0x143dd7ec7 (+0x3dd7ec7), advancing 7 bytes, gs_base=0x727ccb0c9000
[PANIC_STACK] RSP=0x7ffe81438798  RAX=0x0  RBX=0x0  RCX=0x0  RDX=0x0
[PANIC_STACK] R8=0x0  R9=0x1c99ce7d0  R10=0x0  R11=0x202
[PANIC_STACK] instr bytes: 00 00 00 00 00
[PANIC_STACK]   [ 0] img+0x3dd7570
[PANIC_STACK]   [ 2] img+0x235a249
[PANIC_STACK]   [25] img+0x30beaa8
[PANIC_STACK]   [26] img+0x237d20a
[SKIP] Null-write at RIP=0x143dd7ece (+0x3dd7ece), advancing 7 bytes, gs_base=0x727ccb0c9000
[PANIC_STACK] RSP=0x7ffe81438798  RAX=0x0  RBX=0x0  RCX=0x0  RDX=0x0
[PANIC_STACK] R8=0x0  R9=0x1c99ce7d0  R10=0x0  R11=0x202
[PANIC_STACK] instr bytes: 00 00 00 00 00
[PANIC_STACK]   [ 0] img+0x3dd7570
[PANIC_STACK]   [ 2] img+0x235a249
[PANIC_STACK]   [25] img+0x30beaa8
[PANIC_STACK]   [26] img+0x237d20a
[SKIP] Null-write at RIP=0x143dd7ed5 (+0x3dd7ed5), advancing 7 bytes, gs_base=0x727ccb0c9000
[PANIC_STACK] RSP=0x7ffe81438798  RAX=0x0  RBX=0x0  RCX=0x0  RDX=0x0
[PANIC_STACK] R8=0x0  R9=0x1c99ce7d0  R10=0x0  R11=0x202
[PANIC_STACK] instr bytes: 00 00 00 00 00
[PANIC_STACK]   [ 0] img+0x3dd7570
[PANIC_STACK]   [ 2] img+0x235a249
[PANIC_STACK]   [25] img+0x30beaa8
[PANIC_STACK]   [26] img+0x237d20a
[SKIP] Null-write at RIP=0x143dd7edc (+0x3dd7edc), advancing 7 bytes, gs_base=0x727ccb0c9000
[PANIC_STACK] RSP=0x7ffe81438798  RAX=0x0  RBX=0x0  RCX=0x0  RDX=0x0
[PANIC_STACK] R8=0x0  R9=0x1c99ce7d0  R10=0x0  R11=0x202
[PANIC_STACK] instr bytes: 00 00 00 00 00
[PANIC_STACK]   [ 0] img+0x3dd7570
[PANIC_STACK]   [ 2] img+0x235a249
[PANIC_STACK]   [25] img+0x30beaa8
[PANIC_STACK]   [26] img+0x237d20a
[SKIP] Null-write at RIP=0x143dd7ee3 (+0x3dd7ee3), advancing 7 bytes, gs_base=0x727ccb0c9000
[PANIC_STACK] RSP=0x7ffe81438798  RAX=0x0  RBX=0x0  RCX=0x0  RDX=0x0
[PANIC_STACK] R8=0x0  R9=0x1c99ce7d0  R10=0x0  R11=0x202
[PANIC_STACK] instr bytes: 00 00 00 00 00
[PANIC_STACK]   [ 0] img+0x3dd7570
[PANIC_STACK]   [ 2] img+0x235a249
[PANIC_STACK]   [25] img+0x30beaa8
[PANIC_STACK]   [26] img+0x237d20a
[SKIP] Null-write at RIP=0x143dd7eea (+0x3dd7eea), advancing 7 bytes, gs_base=0x727ccb0c9000
[PANIC_STACK] RSP=0x7ffe81438798  RAX=0x0  RBX=0x0  RCX=0x0  RDX=0x0
[PANIC_STACK] R8=0x0  R9=0x1c99ce7d0  R10=0x0  R11=0x202
[PANIC_STACK] instr bytes: 00 00 00 00 00
[PANIC_STACK]   [ 0] img+0x3dd7570
[PANIC_STACK]   [ 2] img+0x235a249
[PANIC_STACK]   [25] img+0x30beaa8
[PANIC_STACK]   [26] img+0x237d20a
[SKIP] Null-write at RIP=0x143dd7ef1 (+0x3dd7ef1), advancing 7 bytes, gs_base=0x727ccb0c9000
[PANIC_STACK] RSP=0x7ffe81438798  RAX=0x0  RBX=0x0  RCX=0x0  RDX=0x0
[PANIC_STACK] R8=0x0  R9=0x1c99ce7d0  R10=0x0  R11=0x202
[PANIC_STACK] instr bytes: 00 00 00 00 00
[PANIC_STACK]   [ 0] img+0x3dd7570
[PANIC_STACK]   [ 2] img+0x235a249
[PANIC_STACK]   [25] img+0x30beaa8
[PANIC_STACK]   [26] img+0x237d20a
[SKIP] Null-write at RIP=0x143dd7ef8 (+0x3dd7ef8), advancing 7 bytes, gs_base=0x727ccb0c9000
[PANIC_STACK] RSP=0x7ffe81438798  RAX=0x0  RBX=0x0  RCX=0x0  RDX=0x0
[PANIC_STACK] R8=0x0  R9=0x1c99ce7d0  R10=0x0  R11=0x202
[PANIC_STACK] instr bytes: 00 00 00 00 00
[PANIC_STACK]   [ 0] img+0x3dd7570
[PANIC_STACK]   [ 2] img+0x235a249
[PANIC_STACK]   [25] img+0x30beaa8
[PANIC_STACK]   [26] img+0x237d20a
[SKIP] Null-write at RIP=0x143dd7eff (+0x3dd7eff), advancing 7 bytes, gs_base=0x727ccb0c9000
[PANIC_STACK] RSP=0x7ffe81438798  RAX=0x0  RBX=0x0  RCX=0x0  RDX=0x0
[PANIC_STACK] R8=0x0  R9=0x1c99ce7d0  R10=0x0  R11=0x202
[PANIC_STACK] instr bytes: 00 00 00 00 00
[PANIC_STACK]   [ 0] img+0x3dd7570
[PANIC_STACK]   [ 2] img+0x235a249
[PANIC_STACK]   [25] img+0x30beaa8
[PANIC_STACK]   [26] img+0x237d20a
[SKIP] Null-write at RIP=0x143dd7f06 (+0x3dd7f06), advancing 7 bytes, gs_base=0x727ccb0c9000
[PANIC_STACK] RSP=0x7ffe81438798  RAX=0x0  RBX=0x0  RCX=0x0  RDX=0x0
[PANIC_STACK] R8=0x0  R9=0x1c99ce7d0  R10=0x0  R11=0x202
[PANIC_STACK] instr bytes: 00 00 00 00 00
[PANIC_STACK]   [ 0] img+0x3dd7570
[PANIC_STACK]   [ 2] img+0x235a249
[PANIC_STACK]   [25] img+0x30beaa8
[PANIC_STACK]   [26] img+0x237d20a
[SKIP] Null-write at RIP=0x143dd7f0d (+0x3dd7f0d), advancing 7 bytes, gs_base=0x727ccb0c9000
[PANIC_STACK] RSP=0x7ffe81438798  RAX=0x0  RBX=0x0  RCX=0x0  RDX=0x0
[PANIC_STACK] R8=0x0  R9=0x1c99ce7d0  R10=0x0  R11=0x202
[PANIC_STACK] instr bytes: 00 00 00 00 00
[PANIC_STACK]   [ 0] img+0x3dd7570
[PANIC_STACK]   [ 2] img+0x235a249
[PANIC_STACK]   [25] img+0x30beaa8
[PANIC_STACK]   [26] img+0x237d20a
[SKIP] Null-write at RIP=0x143dd7f14 (+0x3dd7f14), advancing 7 bytes, gs_base=0x727ccb0c9000
[PANIC_STACK] RSP=0x7ffe81438798  RAX=0x0  RBX=0x0  RCX=0x0  RDX=0x0
[PANIC_STACK] R8=0x0  R9=0x1c99ce7d0  R10=0x0  R11=0x202
[PANIC_STACK] instr bytes: 00 00 00 00 00
[PANIC_STACK]   [ 0] img+0x3dd7570
[PANIC_STACK]   [ 2] img+0x235a249
[PANIC_STACK]   [25] img+0x30beaa8
[PANIC_STACK]   [26] img+0x237d20a
[SKIP] Null-write at RIP=0x143dd7f1b (+0x3dd7f1b), advancing 7 bytes, gs_base=0x727ccb0c9000
[PANIC_STACK] RSP=0x7ffe81438798  RAX=0x0  RBX=0x0  RCX=0x0  RDX=0x0
[PANIC_STACK] R8=0x0  R9=0x1c99ce7d0  R10=0x0  R11=0x202
[PANIC_STACK] instr bytes: 00 00 00 00 00
[PANIC_STACK]   [ 0] img+0x3dd7570
[PANIC_STACK]   [ 2] img+0x235a249
[PANIC_STACK]   [25] img+0x30beaa8
[PANIC_STACK]   [26] img+0x237d20a
[SKIP] Null-write at RIP=0x143dd7f22 (+0x3dd7f22), advancing 7 bytes, gs_base=0x727ccb0c9000
[PANIC_STACK] RSP=0x7ffe81438798  RAX=0x0  RBX=0x0  RCX=0x0  RDX=0x0
[PANIC_STACK] R8=0x0  R9=0x1c99ce7d0  R10=0x0  R11=0x202
[PANIC_STACK] instr bytes: 00 00 00 00 00
[PANIC_STACK]   [ 0] img+0x3dd7570
[PANIC_STACK]   [ 2] img+0x235a249
[PANIC_STACK]   [25] img+0x30beaa8
[PANIC_STACK]   [26] img+0x237d20a
[SKIP] Null-write at RIP=0x143dd7f29 (+0x3dd7f29), advancing 7 bytes, gs_base=0x727ccb0c9000
[PANIC_STACK] RSP=0x7ffe81438798  RAX=0x0  RBX=0x0  RCX=0x0  RDX=0x0
[PANIC_STACK] R8=0x0  R9=0x1c99ce7d0  R10=0x0  R11=0x202
[PANIC_STACK] instr bytes: 00 00 00 00 00
[PANIC_STACK]   [ 0] img+0x3dd7570
[PANIC_STACK]   [ 2] img+0x235a249
[PANIC_STACK]   [25] img+0x30beaa8
[PANIC_STACK]   [26] img+0x237d20a
[SKIP] Null-write at RIP=0x143dd7f30 (+0x3dd7f30), advancing 7 bytes, gs_base=0x727ccb0c9000
[PANIC_STACK] RSP=0x7ffe81438798  RAX=0x0  RBX=0x0  RCX=0x0  RDX=0x0
[PANIC_STACK] R8=0x0  R9=0x1c99ce7d0  R10=0x0  R11=0x202
[PANIC_STACK] instr bytes: 00 00 00 00 00
[PANIC_STACK]   [ 0] img+0x3dd7570
[PANIC_STACK]   [ 2] img+0x235a249
[PANIC_STACK]   [25] img+0x30beaa8
[PANIC_STACK]   [26] img+0x237d20a
[SKIP] Null-write at RIP=0x143dd7f37 (+0x3dd7f37), advancing 7 bytes, gs_base=0x727ccb0c9000
[PANIC_STACK] RSP=0x7ffe81438798  RAX=0x0  RBX=0x0  RCX=0x0  RDX=0x0
[PANIC_STACK] R8=0x0  R9=0x1c99ce7d0  R10=0x0  R11=0x202
[PANIC_STACK] instr bytes: 00 00 00 00 00
[PANIC_STACK]   [ 0] img+0x3dd7570
[PANIC_STACK]   [ 2] img+0x235a249
[PANIC_STACK]   [25] img+0x30beaa8
[PANIC_STACK]   [26] img+0x237d20a
[SKIP] Null-write at RIP=0x143dd7f3e (+0x3dd7f3e), advancing 7 bytes, gs_base=0x727ccb0c9000
[PANIC_STACK] RSP=0x7ffe81438798  RAX=0x0  RBX=0x0  RCX=0x0  RDX=0x0
[PANIC_STACK] R8=0x0  R9=0x1c99ce7d0  R10=0x0  R11=0x202
[PANIC_STACK] instr bytes: 00 00 00 00 00
[PANIC_STACK]   [ 0] img+0x3dd7570
[PANIC_STACK]   [ 2] img+0x235a249
[PANIC_STACK]   [25] img+0x30beaa8
[PANIC_STACK]   [26] img+0x237d20a
[SKIP] Null-write at RIP=0x143dd7f45 (+0x3dd7f45), advancing 7 bytes, gs_base=0x727ccb0c9000
[PANIC_STACK] RSP=0x7ffe81438798  RAX=0x0  RBX=0x0  RCX=0x0  RDX=0x0
[PANIC_STACK] R8=0x0  R9=0x1c99ce7d0  R10=0x0  R11=0x202
[PANIC_STACK] instr bytes: 00 00 00 00 00
[PANIC_STACK]   [ 0] img+0x3dd7570
[PANIC_STACK]   [ 2] img+0x235a249
[PANIC_STACK]   [25] img+0x30beaa8
[PANIC_STACK]   [26] img+0x237d20a
[SKIP] Null-write at RIP=0x143dd7f4c (+0x3dd7f4c), advancing 7 bytes, gs_base=0x727ccb0c9000
[PANIC_STACK] RSP=0x7ffe81438798  RAX=0x0  RBX=0x0  RCX=0x0  RDX=0x0
[PANIC_STACK] R8=0x0  R9=0x1c99ce7d0  R10=0x0  R11=0x202
[PANIC_STACK] instr bytes: 00 00 00 00 00
[PANIC_STACK]   [ 0] img+0x3dd7570
[PANIC_STACK]   [ 2] img+0x235a249
[PANIC_STACK]   [25] img+0x30beaa8
[PANIC_STACK]   [26] img+0x237d20a
[SKIP] Null-write at RIP=0x143dd7f53 (+0x3dd7f53), advancing 7 bytes, gs_base=0x727ccb0c9000
[PANIC_STACK] RSP=0x7ffe81438798  RAX=0x0  RBX=0x0  RCX=0x0  RDX=0x0
[PANIC_STACK] R8=0x0  R9=0x1c99ce7d0  R10=0x0  R11=0x202
[PANIC_STACK] instr bytes: 00 00 00 00 00
[PANIC_STACK]   [ 0] img+0x3dd7570
[PANIC_STACK]   [ 2] img+0x235a249
[PANIC_STACK]   [25] img+0x30beaa8
[PANIC_STACK]   [26] img+0x237d20a
[SKIP] Null-write at RIP=0x143dd7f5a (+0x3dd7f5a), advancing 7 bytes, gs_base=0x727ccb0c9000
[PANIC_STACK] RSP=0x7ffe81438798  RAX=0x0  RBX=0x0  RCX=0x0  RDX=0x0
[PANIC_STACK] R8=0x0  R9=0x1c99ce7d0  R10=0x0  R11=0x202
[PANIC_STACK] instr bytes: 00 00 00 00 00
[PANIC_STACK]   [ 0] img+0x3dd7570
[PANIC_STACK]   [ 2] img+0x235a249
[PANIC_STACK]   [25] img+0x30beaa8
[PANIC_STACK]   [26] img+0x237d20a
[SKIP] Null-write at RIP=0x143dd7f61 (+0x3dd7f61), advancing 7 bytes, gs_base=0x727ccb0c9000
[PANIC_STACK] RSP=0x7ffe81438798  RAX=0x0  RBX=0x0  RCX=0x0  RDX=0x0
[PANIC_STACK] R8=0x0  R9=0x1c99ce7d0  R10=0x0  R11=0x202
[PANIC_STACK] instr bytes: 00 00 00 00 00
[PANIC_STACK]   [ 0] img+0x3dd7570
[PANIC_STACK]   [ 2] img+0x235a249
[PANIC_STACK]   [25] img+0x30beaa8
[PANIC_STACK]   [26] img+0x237d20a
[SKIP] Null-write at RIP=0x143dd7f68 (+0x3dd7f68), advancing 7 bytes, gs_base=0x727ccb0c9000
[PANIC_STACK] RSP=0x7ffe81438798  RAX=0x0  RBX=0x0  RCX=0x0  RDX=0x0
[PANIC_STACK] R8=0x0  R9=0x1c99ce7d0  R10=0x0  R11=0x202
[PANIC_STACK] instr bytes: 00 00 00 00 00
[PANIC_STACK]   [ 0] img+0x3dd7570
[PANIC_STACK]   [ 2] img+0x235a249
[PANIC_STACK]   [25] img+0x30beaa8
[PANIC_STACK]   [26] img+0x237d20a
[SKIP] Null-write at RIP=0x143dd7f6f (+0x3dd7f6f), advancing 7 bytes, gs_base=0x727ccb0c9000
[PANIC_STACK] RSP=0x7ffe81438798  RAX=0x0  RBX=0x0  RCX=0x0  RDX=0x0
[PANIC_STACK] R8=0x0  R9=0x1c99ce7d0  R10=0x0  R11=0x202
[PANIC_STACK] instr bytes: 00 00 00 00 00
[PANIC_STACK]   [ 0] img+0x3dd7570
[PANIC_STACK]   [ 2] img+0x235a249
[PANIC_STACK]   [25] img+0x30beaa8
[PANIC_STACK]   [26] img+0x237d20a
[SKIP] Null-write at RIP=0x143dd7f76 (+0x3dd7f76), advancing 7 bytes, gs_base=0x727ccb0c9000
[PANIC_STACK] RSP=0x7ffe81438798  RAX=0x0  RBX=0x0  RCX=0x0  RDX=0x0
[PANIC_STACK] R8=0x0  R9=0x1c99ce7d0  R10=0x0  R11=0x202
[PANIC_STACK] instr bytes: 00 00 00 00 00
[PANIC_STACK]   [ 0] img+0x3dd7570
[PANIC_STACK]   [ 2] img+0x235a249
[PANIC_STACK]   [25] img+0x30beaa8
[PANIC_STACK]   [26] img+0x237d20a
[SKIP] Null-write at RIP=0x143dd7f7d (+0x3dd7f7d), advancing 7 bytes, gs_base=0x727ccb0c9000
[PANIC_STACK] RSP=0x7ffe81438798  RAX=0x0  RBX=0x0  RCX=0x0  RDX=0x0
[PANIC_STACK] R8=0x0  R9=0x1c99ce7d0  R10=0x0  R11=0x202
[PANIC_STACK] instr bytes: 00 00 00 00 00
[PANIC_STACK]   [ 0] img+0x3dd7570
[PANIC_STACK]   [ 2] img+0x235a249
[PANIC_STACK]   [25] img+0x30beaa8
[PANIC_STACK]   [26] img+0x237d20a
[SKIP] Null-write at RIP=0x143dd7f84 (+0x3dd7f84), advancing 7 bytes, gs_base=0x727ccb0c9000
[PANIC_STACK] RSP=0x7ffe81438798  RAX=0x0  RBX=0x0  RCX=0x0  RDX=0x0
[PANIC_STACK] R8=0x0  R9=0x1c99ce7d0  R10=0x0  R11=0x202
[PANIC_STACK] instr bytes: 00 00 00 00 00
[PANIC_STACK]   [ 0] img+0x3dd7570
[PANIC_STACK]   [ 2] img+0x235a249
[PANIC_STACK]   [25] img+0x30beaa8
[PANIC_STACK]   [26] img+0x237d20a
[SKIP] Null-write at RIP=0x143dd7f8b (+0x3dd7f8b), advancing 7 bytes, gs_base=0x727ccb0c9000
[PANIC_STACK] RSP=0x7ffe81438798  RAX=0x0  RBX=0x0  RCX=0x0  RDX=0x0
[PANIC_STACK] R8=0x0  R9=0x1c99ce7d0  R10=0x0  R11=0x202
[PANIC_STACK] instr bytes: 00 00 00 00 00
[PANIC_STACK]   [ 0] img+0x3dd7570
[PANIC_STACK]   [ 2] img+0x235a249
[PANIC_STACK]   [25] img+0x30beaa8
[PANIC_STACK]   [26] img+0x237d20a
[SKIP] Null-write at RIP=0x143dd7f92 (+0x3dd7f92), advancing 7 bytes, gs_base=0x727ccb0c9000
[PANIC_STACK] RSP=0x7ffe81438798  RAX=0x0  RBX=0x0  RCX=0x0  RDX=0x0
[PANIC_STACK] R8=0x0  R9=0x1c99ce7d0  R10=0x0  R11=0x202
[PANIC_STACK] instr bytes: 00 00 00 00 00
[PANIC_STACK]   [ 0] img+0x3dd7570
[PANIC_STACK]   [ 2] img+0x235a249
[PANIC_STACK]   [25] img+0x30beaa8
[PANIC_STACK]   [26] img+0x237d20a
[SKIP] Null-write at RIP=0x143dd7f99 (+0x3dd7f99), advancing 7 bytes, gs_base=0x727ccb0c9000
[PANIC_STACK] RSP=0x7ffe81438798  RAX=0x0  RBX=0x0  RCX=0x0  RDX=0x0
[PANIC_STACK] R8=0x0  R9=0x1c99ce7d0  R10=0x0  R11=0x202
[PANIC_STACK] instr bytes: 00 00 00 00 00
[PANIC_STACK]   [ 0] img+0x3dd7570
[PANIC_STACK]   [ 2] img+0x235a249
[PANIC_STACK]   [25] img+0x30beaa8
[PANIC_STACK]   [26] img+0x237d20a
[SKIP] Null-write at RIP=0x143dd7fa0 (+0x3dd7fa0), advancing 7 bytes, gs_base=0x727ccb0c9000
[PANIC_STACK] RSP=0x7ffe81438798  RAX=0x0  RBX=0x0  RCX=0x0  RDX=0x0
[PANIC_STACK] R8=0x0  R9=0x1c99ce7d0  R10=0x0  R11=0x202
[PANIC_STACK] instr bytes: 00 00 00 00 00
[PANIC_STACK]   [ 0] img+0x3dd7570
[PANIC_STACK]   [ 2] img+0x235a249
[PANIC_STACK]   [25] img+0x30beaa8
[PANIC_STACK]   [26] img+0x237d20a
[SKIP] Null-write at RIP=0x143dd7fa7 (+0x3dd7fa7), advancing 7 bytes, gs_base=0x727ccb0c9000
[PANIC_STACK] RSP=0x7ffe81438798  RAX=0x0  RBX=0x0  RCX=0x0  RDX=0x0
[PANIC_STACK] R8=0x0  R9=0x1c99ce7d0  R10=0x0  R11=0x202
[PANIC_STACK] instr bytes: 00 00 00 00 00
[PANIC_STACK]   [ 0] img+0x3dd7570
[PANIC_STACK]   [ 2] img+0x235a249
[PANIC_STACK]   [25] img+0x30beaa8
[PANIC_STACK]   [26] img+0x237d20a
[SKIP] Null-write at RIP=0x143dd7fae (+0x3dd7fae), advancing 7 bytes, gs_base=0x727ccb0c9000
[PANIC_STACK] RSP=0x7ffe81438798  RAX=0x0  RBX=0x0  RCX=0x0  RDX=0x0
[PANIC_STACK] R8=0x0  R9=0x1c99ce7d0  R10=0x0  R11=0x202
[PANIC_STACK] instr bytes: 00 00 00 00 00
[PANIC_STACK]   [ 0] img+0x3dd7570
[PANIC_STACK]   [ 2] img+0x235a249
[PANIC_STACK]   [25] img+0x30beaa8
[PANIC_STACK]   [26] img+0x237d20a
[SKIP] Null-write at RIP=0x143dd7fb5 (+0x3dd7fb5), advancing 7 bytes, gs_base=0x727ccb0c9000
[PANIC_STACK] RSP=0x7ffe81438798  RAX=0x0  RBX=0x0  RCX=0x0  RDX=0x0
[PANIC_STACK] R8=0x0  R9=0x1c99ce7d0  R10=0x0  R11=0x202
[PANIC_STACK] instr bytes: 00 00 00 00 00
[PANIC_STACK]   [ 0] img+0x3dd7570
[PANIC_STACK]   [ 2] img+0x235a249
[PANIC_STACK]   [25] img+0x30beaa8
[PANIC_STACK]   [26] img+0x237d20a
[SKIP] Null-write at RIP=0x143dd7fbc (+0x3dd7fbc), advancing 7 bytes, gs_base=0x727ccb0c9000
[PANIC_STACK] RSP=0x7ffe81438798  RAX=0x0  RBX=0x0  RCX=0x0  RDX=0x0
[PANIC_STACK] R8=0x0  R9=0x1c99ce7d0  R10=0x0  R11=0x202
[PANIC_STACK] instr bytes: 00 00 00 00 00
[PANIC_STACK]   [ 0] img+0x3dd7570
[PANIC_STACK]   [ 2] img+0x235a249
[PANIC_STACK]   [25] img+0x30beaa8
[PANIC_STACK]   [26] img+0x237d20a
[SKIP] Null-write at RIP=0x143dd7fc3 (+0x3dd7fc3), advancing 7 bytes, gs_base=0x727ccb0c9000
[PANIC_STACK] RSP=0x7ffe81438798  RAX=0x0  RBX=0x0  RCX=0x0  RDX=0x0
[PANIC_STACK] R8=0x0  R9=0x1c99ce7d0  R10=0x0  R11=0x202
[PANIC_STACK] instr bytes: 00 00 00 00 00
[PANIC_STACK]   [ 0] img+0x3dd7570
[PANIC_STACK]   [ 2] img+0x235a249
[PANIC_STACK]   [25] img+0x30beaa8
[PANIC_STACK]   [26] img+0x237d20a
[SKIP] Null-write at RIP=0x143dd7fca (+0x3dd7fca), advancing 7 bytes, gs_base=0x727ccb0c9000
[PANIC_STACK] RSP=0x7ffe81438798  RAX=0x0  RBX=0x0  RCX=0x0  RDX=0x0
[PANIC_STACK] R8=0x0  R9=0x1c99ce7d0  R10=0x0  R11=0x202
[PANIC_STACK] instr bytes: 00 00 00 00 00
[PANIC_STACK]   [ 0] img+0x3dd7570
[PANIC_STACK]   [ 2] img+0x235a249
[PANIC_STACK]   [25] img+0x30beaa8
[PANIC_STACK]   [26] img+0x237d20a
[SKIP] Null-write at RIP=0x143dd7fd1 (+0x3dd7fd1), advancing 7 bytes, gs_base=0x727ccb0c9000
[PANIC_STACK] RSP=0x7ffe81438798  RAX=0x0  RBX=0x0  RCX=0x0  RDX=0x0
[PANIC_STACK] R8=0x0  R9=0x1c99ce7d0  R10=0x0  R11=0x202
[PANIC_STACK] instr bytes: 00 00 00 00 00
[PANIC_STACK]   [ 0] img+0x3dd7570
[PANIC_STACK]   [ 2] img+0x235a249
[PANIC_STACK]   [25] img+0x30beaa8
[PANIC_STACK]   [26] img+0x237d20a
[SKIP] Null-write at RIP=0x143dd7fd8 (+0x3dd7fd8), advancing 7 bytes, gs_base=0x727ccb0c9000
[PANIC_STACK] RSP=0x7ffe81438798  RAX=0x0  RBX=0x0  RCX=0x0  RDX=0x0
[PANIC_STACK] R8=0x0  R9=0x1c99ce7d0  R10=0x0  R11=0x202
[PANIC_STACK] instr bytes: 00 00 00 00 00
[PANIC_STACK]   [ 0] img+0x3dd7570
[PANIC_STACK]   [ 2] img+0x235a249
[PANIC_STACK]   [25] img+0x30beaa8
[PANIC_STACK]   [26] img+0x237d20a
[SKIP] Null-write at RIP=0x143dd7fdf (+0x3dd7fdf), advancing 7 bytes, gs_base=0x727ccb0c9000
[PANIC_STACK] RSP=0x7ffe81438798  RAX=0x0  RBX=0x0  RCX=0x0  RDX=0x0
[PANIC_STACK] R8=0x0  R9=0x1c99ce7d0  R10=0x0  R11=0x202
[PANIC_STACK] instr bytes: 00 00 00 00 00
[PANIC_STACK]   [ 0] img+0x3dd7570
[PANIC_STACK]   [ 2] img+0x235a249
[PANIC_STACK]   [25] img+0x30beaa8
[PANIC_STACK]   [26] img+0x237d20a
[SKIP] Null-write at RIP=0x143dd7fe6 (+0x3dd7fe6), advancing 7 bytes, gs_base=0x727ccb0c9000
[PANIC_STACK] RSP=0x7ffe81438798  RAX=0x0  RBX=0x0  RCX=0x0  RDX=0x0
[PANIC_STACK] R8=0x0  R9=0x1c99ce7d0  R10=0x0  R11=0x202
[PANIC_STACK] instr bytes: 00 00 00 00 00
[PANIC_STACK]   [ 0] img+0x3dd7570
[PANIC_STACK]   [ 2] img+0x235a249
[PANIC_STACK]   [25] img+0x30beaa8
[PANIC_STACK]   [26] img+0x237d20a
[SKIP] Null-write at RIP=0x143dd7fed (+0x3dd7fed), advancing 7 bytes, gs_base=0x727ccb0c9000
[PANIC_STACK] RSP=0x7ffe81438798  RAX=0x0  RBX=0x0  RCX=0x0  RDX=0x0
[PANIC_STACK] R8=0x0  R9=0x1c99ce7d0  R10=0x0  R11=0x202
[PANIC_STACK] instr bytes: 00 00 00 00 00
[PANIC_STACK]   [ 0] img+0x3dd7570
[PANIC_STACK]   [ 2] img+0x235a249
[PANIC_STACK]   [25] img+0x30beaa8
[PANIC_STACK]   [26] img+0x237d20a
[SKIP] Null-write at RIP=0x143dd7ff4 (+0x3dd7ff4), advancing 7 bytes, gs_base=0x727ccb0c9000
[PANIC_STACK] RSP=0x7ffe81438798  RAX=0x0  RBX=0x0  RCX=0x0  RDX=0x0
[PANIC_STACK] R8=0x0  R9=0x1c99ce7d0  R10=0x0  R11=0x202
[PANIC_STACK] instr bytes: 00 00 00 00 00
[PANIC_STACK]   [ 0] img+0x3dd7570
[PANIC_STACK]   [ 2] img+0x235a249
[PANIC_STACK]   [25] img+0x30beaa8
[PANIC_STACK]   [26] img+0x237d20a
[SKIP] Null-write at RIP=0x143dd7ffb (+0x3dd7ffb), advancing 7 bytes, gs_base=0x727ccb0c9000
[PANIC_STACK] RSP=0x7ffe81438798  RAX=0x0  RBX=0x0  RCX=0x0  RDX=0x0
[PANIC_STACK] R8=0x0  R9=0x1c99ce7d0  R10=0x0  R11=0x202
[PANIC_STACK] instr bytes: 00 00 00 00 00
[PANIC_STACK]   [ 0] img+0x3dd7570
[PANIC_STACK]   [ 2] img+0x235a249
[PANIC_STACK]   [25] img+0x30beaa8
[PANIC_STACK]   [26] img+0x237d20a
[SKIP] Patched bad indirect target RIP=0x143dd8002 (+0x3dd8002) with 'xor eax,eax; ret'
[SKIP] Emergency low RIP=0x0 redirect
[SKIP] Emergency low RIP=0x0 redirect
[SKIP] Emergency low RIP=0x0 redirect
[SKIP] Emergency low RIP=0x0 redirect
[SKIP] Emergency low RIP=0x0 redirect
[SKIP] Low-RIP circuit-breaker RIP=0x0 -> 0x14237d20a (skip 12)
[WARN] UnhandledExceptionFilter: code=0x40000015
[SKIP] Low-RIP circuit-breaker RIP=0x0 -> 0x14235a188 (skip 5)
[SKIP] Low-RIP circuit-breaker RIP=0x0 -> 0x14235a1a9 (skip 5)
[SKIP] Execute-fault RIP=0x7ffe814388b0 direct-stack-fallback -> 0x1411e42da (n=3)
[SKIP] Low-RIP circuit-breaker RIP=0x0 -> 0x14235a21b (skip 18)
[SKIP] Execute-fault RIP=0x104d33cb0 -> stack continue 0x141130b31 (skip 1)
[SKIP] Low-RIP circuit-breaker RIP=0x0 -> 0x14235a67a (skip 1)
[SKIP] Execute-fault RIP=0x7ffe814388b0 direct-stack-fallback -> 0x1411e42da (n=4)
[SKIP] Low-RIP circuit-breaker RIP=0x0 -> 0x1411e42da (skip 10)
[SKIP] Low-RIP circuit-breaker RIP=0x0 -> 0x14235a237 (skip 7)
[SKIP] Low-RIP circuit-breaker RIP=0x0 -> 0x14235a28c (skip 16)
[SKIP] Execute-fault RIP=0x55555554 -> stack continue 0x14237d1e3 (skip 8)
[SKIP] Mid-host bad target RIP=0x580cc99b8ec5, redirecting
[SKIP] Execute-fault RIP=0x46505845 -> stack continue 0x141130b31 (skip 14)
[SKIP] Execute-fault RIP=0x55555554 -> stack continue 0x14237d20a (skip 8)
[SKIP] Mid-host bad target RIP=0x580cc99ba883, redirecting
[SKIP] Low-RIP circuit-breaker RIP=0x0 -> 0x14235a636 (skip 14)
[SKIP] Low-RIP circuit-breaker RIP=0x0 -> 0x14235a142 (skip 11)
[SKIP] Mid-host bad target RIP=0x580cc99c26d0, redirecting
[SKIP] Low-RIP circuit-breaker RIP=0x0 -> 0x14235a67a (skip 23)
[SKIP] Low-RIP circuit-breaker RIP=0x0 -> 0x14235a21b (skip 19)
[SKIP] Null-write 1130b block at RIP=0x141130b28 (+0x1130b28), redirecting
[SKIP] Low-RIP circuit-breaker RIP=0x0 -> 0x14235a67a (skip 1)
[SKIP] Low-RIP circuit-breaker RIP=0x0 -> 0x1411e42da (skip 11)
[SKIP] Low-RIP circuit-breaker RIP=0x0 -> 0x14235a237 (skip 7)
[SKIP] Emergency low RIP=0x0 redirect
[SKIP] Emergency low RIP=0x0 redirect
[SKIP] Execute-fault RIP=0x7ffe814388d8 direct-stack-fallback -> 0x1411e42da (n=5)
[SKIP] Emergency low RIP=0x0 redirect
[SKIP] Execute-fault RIP=0x7ffe81439d01 direct-stack-fallback -> 0x1411e42da (n=6)
[SKIP] Emergency low RIP=0x0 redirect
[SKIP] Execute-fault RIP=0x35e0 (fault=0x35e0), redirecting
[SKIP] Host near-null RIP=0x580cc99c7974 (fault=0xa8), redirecting
[SKIP] Emergency low RIP=0x0 redirect
[SKIP] Emergency low RIP=0x0 redirect
[SKIP] Refusing patch at low RVA 0x0, redirecting
[SKIP] Execute-fault RIP=0x350100000000 -> stack continue 0x14235a67a (skip 77)
[SKIP] Low-RIP circuit-breaker RIP=0x0 -> 0x1411e42da (skip 11)
[SKIP] Low-RIP circuit-breaker RIP=0x0 -> 0x14235a237 (skip 7)
[SKIP] Emergency low RIP=0x0 redirect
[SKIP] Emergency low RIP=0x0 redirect
[SKIP] Execute-fault RIP=0x7ffe814388d8 direct-stack-fallback -> 0x1411e42da (n=7)
[SKIP] Emergency low RIP=0x0 redirect
[SKIP] Execute-fault RIP=0x7ffe81439d01 direct-stack-fallback -> 0x1411e42da (n=8)
[SKIP] Emergency low RIP=0x0 redirect
[SKIP] Null-write hot island RIP=0x1423b7a24 (+0x23b7a24), hit=2 -> 0x14235a237 (skip 0)
[SKIP] Null-write at RIP=0x14235a239 (+0x235a239), advancing 7 bytes, gs_base=0x727ccb0c9000
[PANIC_STACK] RSP=0x7ffe814389b8  RAX=0x0  RBX=0x0  RCX=0x143b17730  RDX=0x0
[PANIC_STACK] R8=0x143f336d8  R9=0x0  R10=0x0  R11=0x7ffe81438908
[PANIC_STACK] instr bytes: c3 90 90 00 00
[SKIP] Mid-host bad target RIP=0x580cc99b98b7, redirecting
[SKIP] Low-RIP circuit-breaker RIP=0x0 -> 0x14235a67a (skip 17)
[SKIP] Low-RIP circuit-breaker RIP=0x0 -> 0x1411e42da (skip 11)
[SKIP] Low-RIP circuit-breaker RIP=0x0 -> 0x14239780e (skip 7)
[SKIP] Mid-host bad target RIP=0x580cc99b90b4, redirecting
[SKIP] Low-RIP circuit-breaker RIP=0x0 -> 0x14235a67a (skip 5)
[SKIP] Low-RIP circuit-breaker RIP=0x0 -> 0x1411e42da (skip 11)
[SKIP] Low-RIP circuit-breaker RIP=0x0 -> 0x14239785a (skip 7)
[SKIP] Null-write CTI hotspot RIP=0x1423978b8 (+0x23978b8), hit=2 -> 0x14235a237
[SKIP] Low-RIP circuit-breaker RIP=0x0 -> 0x14235a249 (skip 5)
[SKIP] Emergency low RIP=0x0 redirect
[SKIP] Emergency low RIP=0x0 redirect
[SKIP] Emergency low RIP=0x0 redirect
[SKIP] Emergency low RIP=0x0 redirect
[SKIP] Emergency low RIP=0x0 redirect
[SKIP] Emergency low RIP=0x0 redirect
[SKIP] Emergency low RIP=0x0 redirect
[GATE] low-rip: low-rip loop at bucket 0x0 (7), alt3
[SKIP] Emergency low RIP=0x0 redirect
[GATE] low-rip: low-rip loop at bucket 0x0 (8), alt3
[SKIP] Emergency low RIP=0x0 redirect
[GATE] low-rip: low-rip loop at bucket 0x0 (9), alt3
[SKIP] Emergency low RIP=0x0 redirect
[GATE] low-rip: low-rip loop at bucket 0x0 (10), alt3
[SKIP] Emergency low RIP=0x0 redirect
[GATE] low-rip: low-rip loop at bucket 0x0 (11), alt3
[SKIP] Emergency low RIP=0x4 redirect
[GATE] low-rip: low-rip loop at bucket 0x0 (12), alt3
[SKIP] Emergency low RIP=0x0 redirect
[GATE] low-rip: low-rip loop at bucket 0x0 (13), alt3
[SKIP] Null-write at RIP=0x14235a239 (+0x235a239), advancing 7 bytes, gs_base=0x727ccb0c9000
[PANIC_STACK] RSP=0x7ffe81438a58  RAX=0x0  RBX=0x0  RCX=0x1430c6401  RDX=0x1430c6570
[PANIC_STACK] R8=0x0  R9=0x0  R10=0x0  R11=0x7ffe81438908
[PANIC_STACK] instr bytes: c3 90 90 00 00
[SKIP] Mid-host bad target RIP=0x580cc99b98b7, redirecting
[SKIP] Execute-fault RIP=0xfffffffffffffffe -> stack continue 0x14235a25c (skip 23)
[SKIP] Low-RIP circuit-breaker RIP=0x0 -> 0x14239780e (skip 6)
[SKIP] Mid-host bad target RIP=0x580cc99b90b4, redirecting
[SKIP] Refusing patch at low RVA 0x0, redirecting
[SKIP] Low-RIP circuit-breaker RIP=0x0 -> 0x14235a25c (skip 10)
[SKIP] Low-RIP circuit-breaker RIP=0x0 -> 0x14239785a (skip 6)
[SKIP] Null-write CTI hotspot RIP=0x1423978b8 (+0x23978b8), hit=3 -> 0x14235a237
[SKIP] Low-RIP circuit-breaker RIP=0x0 -> 0x14235a249 (skip 5)
[SKIP] Execute-fault RIP=0x7ffe81438ad0 direct-stack-fallback -> 0x1411e42da (n=9)
[SKIP] Execute-fault RIP=0x7ffe81438ad0 direct-stack-fallback -> 0x1411e42da (n=10)
[SKIP] Execute-fault RIP=0x7ffe81438ad0 direct-stack-fallback -> 0x1411e42da (n=11)
[SKIP] Execute-fault RIP=0x7ffe81438ad0 direct-stack-fallback -> 0x1411e42da (n=12)
[SKIP] Execute-fault RIP=0x7ffe81438ad0 direct-stack-fallback -> 0x1411e42da (n=13)
[SKIP] Execute-fault RIP=0x7ffe81438ad0 direct-stack-fallback -> 0x1411e42da (n=14)
[SKIP] Execute-fault RIP=0x7ffe81438ad0 direct-stack-fallback -> 0x1411e42da (n=15)
[SKIP] Execute-fault RIP=0x7ffe81438ad0 direct-stack-fallback -> 0x1411e42da (n=16)
[SKIP] Execute-fault RIP=0x7ffe81438ad0 direct-stack-fallback -> 0x14235a237 (n=4096)
[SKIP] Execute-fault RIP=0x7ffe81438ad0 direct-stack-fallback -> 0x14235a237 (n=8192)
[SKIP] Execute-fault RIP=0x7ffe81438ad0 direct-stack-fallback -> 0x14235a237 (n=12288)
[SKIP] Execute-fault RIP=0x7ffe81438ad0 direct-stack-fallback -> 0x14235a237 (n=16384)
[SKIP] Execute-fault RIP=0x7ffe81438ad0 direct-stack-fallback -> 0x14235a237 (n=20480)
[SKIP] Execute-fault RIP=0x7ffe81438ad0 direct-stack-fallback -> 0x14235a237 (n=24576)
[SKIP] Execute-fault RIP=0x7ffe81438ad0 direct-stack-fallback -> 0x14235a237 (n=28672)
[SKIP] Execute-fault RIP=0x7ffe81438ad0 direct-stack-fallback -> 0x14235a237 (n=32768)
[SKIP] Execute-fault RIP=0x7ffe81438ad0 direct-stack-fallback -> 0x14235a237 (n=36864)
[SKIP] Execute-fault RIP=0x7ffe81438ad0 direct-stack-fallback -> 0x14235a237 (n=40960)
[SKIP] Execute-fault RIP=0x7ffe81438ad0 direct-stack-fallback -> 0x14235a237 (n=45056)
[SKIP] Execute-fault RIP=0x7ffe81438ad0 direct-stack-fallback -> 0x14235a237 (n=49152)
[SKIP] Execute-fault RIP=0x7ffe81438ad0 direct-stack-fallback -> 0x14235a237 (n=53248)
[SKIP] Execute-fault RIP=0x7ffe81438ad0 direct-stack-fallback -> 0x14235a237 (n=57344)
[SKIP] Execute-fault RIP=0x7ffe81438ad0 direct-stack-fallback -> 0x14235a237 (n=61440)
[SKIP] Execute-fault RIP=0x7ffe81438ad0 direct-stack-fallback -> 0x14235a237 (n=65536)
[SKIP] Execute-fault RIP=0x7ffe81438ad0 direct-stack-fallback -> 0x14235a237 (n=69632)
[SKIP] Execute-fault RIP=0x7ffe81438ad0 direct-stack-fallback -> 0x14235a237 (n=73728)
[SKIP] Execute-fault RIP=0x7ffe81438ad0 direct-stack-fallback -> 0x14235a237 (n=77824)
[SKIP] Execute-fault RIP=0x7ffe81438ad0 direct-stack-fallback -> 0x14235a237 (n=81920)
[SKIP] Execute-fault RIP=0x7ffe81438ad0 direct-stack-fallback -> 0x14235a237 (n=86016)
[SKIP] Execute-fault RIP=0x7ffe81438ad0 direct-stack-fallback -> 0x14235a237 (n=90112)
[SKIP] Execute-fault RIP=0x7ffe81438ad0 direct-stack-fallback -> 0x14235a237 (n=94208)
[SKIP] Execute-fault RIP=0x7ffe81438ad0 direct-stack-fallback -> 0x14235a237 (n=98304)
[SKIP] Execute-fault RIP=0x7ffe81438ad0 direct-stack-fallback -> 0x14235a237 (n=102400)
[SKIP] Execute-fault RIP=0x7ffe81438ad0 direct-stack-fallback -> 0x14235a237 (n=106496)
[SKIP] Execute-fault RIP=0x7ffe81438ad0 direct-stack-fallback -> 0x14235a237 (n=110592)
[SKIP] Execute-fault RIP=0x7ffe81438ad0 direct-stack-fallback -> 0x14235a237 (n=114688)
[SKIP] Execute-fault RIP=0x7ffe81438ad0 direct-stack-fallback -> 0x14235a237 (n=118784)
[SKIP] Execute-fault RIP=0x7ffe81438ad0 direct-stack-fallback -> 0x14235a237 (n=122880)
[SKIP] Execute-fault RIP=0x7ffe81438ad0 direct-stack-fallback -> 0x14235a237 (n=126976)
[SKIP] Execute-fault RIP=0x7ffe81438ad0 direct-stack-fallback -> 0x14235a237 (n=131072)
[SKIP] Execute-fault RIP=0x7ffe81438ad0 direct-stack-fallback -> 0x14235a237 (n=135168)
[SKIP] Execute-fault RIP=0x7ffe81438ad0 direct-stack-fallback -> 0x14235a237 (n=139264)
[SKIP] Execute-fault RIP=0x7ffe81438ad0 direct-stack-fallback -> 0x14235a237 (n=143360)
[SKIP] Execute-fault RIP=0x7ffe81438ad0 direct-stack-fallback -> 0x14235a237 (n=147456)
[SKIP] Execute-fault RIP=0x7ffe81438ad0 direct-stack-fallback -> 0x14235a237 (n=151552)
[SKIP] Execute-fault RIP=0x7ffe81438ad0 direct-stack-fallback -> 0x14235a237 (n=155648)
[SKIP] Execute-fault RIP=0x7ffe81438ad0 direct-stack-fallback -> 0x14235a237 (n=159744)
[SKIP] Execute-fault RIP=0x7ffe81438ad0 direct-stack-fallback -> 0x14235a237 (n=163840)
[SKIP] Execute-fault RIP=0x7ffe81438ad0 direct-stack-fallback -> 0x14235a237 (n=167936)
[SKIP] Execute-fault RIP=0x7ffe81438ad0 direct-stack-fallback -> 0x14235a237 (n=172032)
[SKIP] Execute-fault RIP=0x7ffe81438ad0 direct-stack-fallback -> 0x14235a237 (n=176128)
[SKIP] Execute-fault RIP=0x7ffe81438ad0 direct-stack-fallback -> 0x14235a237 (n=180224)
[SKIP] Execute-fault RIP=0x7ffe81438ad0 direct-stack-fallback -> 0x14235a237 (n=184320)
[SKIP] Execute-fault RIP=0x7ffe81438ad0 direct-stack-fallback -> 0x14235a237 (n=188416)
[SKIP] Execute-fault RIP=0x7ffe81438ad0 direct-stack-fallback -> 0x14235a237 (n=192512)
[SKIP] Execute-fault RIP=0x7ffe81438ad0 direct-stack-fallback -> 0x14235a237 (n=196608)
[SKIP] Execute-fault RIP=0x7ffe81438ad0 direct-stack-fallback -> 0x14235a237 (n=200704)
[SKIP] Execute-fault RIP=0x7ffe81438ad0 direct-stack-fallback -> 0x14235a237 (n=204800)
[SKIP] Execute-fault RIP=0x7ffe81438ad0 direct-stack-fallback -> 0x14235a237 (n=208896)
[SKIP] Execute-fault RIP=0x7ffe81438ad0 direct-stack-fallback -> 0x14235a237 (n=212992)
[SKIP] Execute-fault RIP=0x7ffe81438ad0 direct-stack-fallback -> 0x14235a237 (n=217088)
[SKIP] Execute-fault RIP=0x7ffe81438ad0 direct-stack-fallback -> 0x14235a237 (n=221184)
[SKIP] Execute-fault RIP=0x7ffe81438ad0 direct-stack-fallback -> 0x14235a237 (n=225280)
[SKIP] Execute-fault RIP=0x7ffe81438ad0 direct-stack-fallback -> 0x14235a237 (n=229376)
[SKIP] Execute-fault RIP=0x7ffe81438ad0 direct-stack-fallback -> 0x14235a237 (n=233472)
[SKIP] Execute-fault RIP=0x7ffe81438ad0 direct-stack-fallback -> 0x14235a237 (n=237568)
[SKIP] Execute-fault RIP=0x7ffe81438ad0 direct-stack-fallback -> 0x14235a237 (n=241664)
[SKIP] Execute-fault RIP=0x7ffe81438ad0 direct-stack-fallback -> 0x14235a237 (n=245760)
[SKIP] Execute-fault RIP=0x7ffe81438ad0 direct-stack-fallback -> 0x14235a237 (n=249856)
[SKIP] Execute-fault RIP=0x7ffe81438ad0 direct-stack-fallback -> 0x14235a237 (n=253952)
[SKIP] Execute-fault RIP=0x7ffe81438ad0 direct-stack-fallback -> 0x14235a237 (n=258048)
[SKIP] Execute-fault RIP=0x7ffe81438ad0 direct-stack-fallback -> 0x14235a237 (n=262144)
[SKIP] Execute-fault RIP=0x7ffe81438ad0 direct-stack-fallback -> 0x14235a237 (n=266240)
[SKIP] Execute-fault RIP=0x7ffe81438ad0 direct-stack-fallback -> 0x14235a237 (n=270336)
[SKIP] Execute-fault RIP=0x7ffe81438ad0 direct-stack-fallback -> 0x14235a237 (n=274432)
[SKIP] Execute-fault RIP=0x7ffe81438ad0 direct-stack-fallback -> 0x14235a237 (n=278528)
[SKIP] Execute-fault RIP=0x7ffe81438ad0 direct-stack-fallback -> 0x14235a237 (n=282624)
[SKIP] Execute-fault RIP=0x7ffe81438ad0 direct-stack-fallback -> 0x14235a237 (n=286720)
[SKIP] Execute-fault RIP=0x7ffe81438ad0 direct-stack-fallback -> 0x14235a237 (n=290816)
[SKIP] Execute-fault RIP=0x7ffe81438ad0 direct-stack-fallback -> 0x14235a237 (n=294912)
[SKIP] Execute-fault RIP=0x7ffe81438ad0 direct-stack-fallback -> 0x14235a237 (n=299008)
[SKIP] Execute-fault RIP=0x7ffe81438ad0 direct-stack-fallback -> 0x14235a237 (n=303104)
[SKIP] Execute-fault RIP=0x7ffe81438ad0 direct-stack-fallback -> 0x14235a237 (n=307200)
[SKIP] Execute-fault RIP=0x7ffe81438ad0 direct-stack-fallback -> 0x14235a237 (n=311296)
[SKIP] Execute-fault RIP=0x7ffe81438ad0 direct-stack-fallback -> 0x14235a237 (n=315392)
[SKIP] Execute-fault RIP=0x7ffe81438ad0 direct-stack-fallback -> 0x14235a237 (n=319488)
[SKIP] Execute-fault RIP=0x7ffe81438ad0 direct-stack-fallback -> 0x14235a237 (n=323584)
[SKIP] Execute-fault RIP=0x7ffe81438ad0 direct-stack-fallback -> 0x14235a237 (n=327680)
[SKIP] Execute-fault RIP=0x7ffe81438ad0 direct-stack-fallback -> 0x14235a237 (n=331776)
[SKIP] Execute-fault RIP=0x7ffe81438ad0 direct-stack-fallback -> 0x14235a237 (n=335872)
[SKIP] Execute-fault RIP=0x7ffe81438ad0 direct-stack-fallback -> 0x14235a237 (n=339968)
[SKIP] Execute-fault RIP=0x7ffe81438ad0 direct-stack-fallback -> 0x14235a237 (n=344064)
[SKIP] Execute-fault RIP=0x7ffe81438ad0 direct-stack-fallback -> 0x14235a237 (n=348160)
[SKIP] Execute-fault RIP=0x7ffe81438ad0 direct-stack-fallback -> 0x14235a237 (n=352256)
[SKIP] Execute-fault RIP=0x7ffe81438ad0 direct-stack-fallback -> 0x14235a237 (n=356352)
[SKIP] Execute-fault RIP=0x7ffe81438ad0 direct-stack-fallback -> 0x14235a237 (n=360448)
[SKIP] Execute-fault RIP=0x7ffe81438ad0 direct-stack-fallback -> 0x14235a237 (n=364544)
[SKIP] Execute-fault RIP=0x7ffe81438ad0 direct-stack-fallback -> 0x14235a237 (n=368640)
[SKIP] Execute-fault RIP=0x7ffe81438ad0 direct-stack-fallback -> 0x14235a237 (n=372736)
[SKIP] Execute-fault RIP=0x7ffe81438ad0 direct-stack-fallback -> 0x14235a237 (n=376832)
[SKIP] Execute-fault RIP=0x7ffe81438ad0 direct-stack-fallback -> 0x14235a237 (n=380928)
[SKIP] Execute-fault RIP=0x7ffe81438ad0 direct-stack-fallback -> 0x14235a237 (n=385024)
[SKIP] Execute-fault RIP=0x7ffe81438ad0 direct-stack-fallback -> 0x14235a237 (n=389120)
[SKIP] Execute-fault RIP=0x7ffe81438ad0 direct-stack-fallback -> 0x14235a237 (n=393216)
[SKIP] Execute-fault RIP=0x7ffe81438ad0 direct-stack-fallback -> 0x14235a237 (n=397312)
[SKIP] Execute-fault RIP=0x7ffe81438ad0 direct-stack-fallback -> 0x14235a237 (n=401408)
[SKIP] Execute-fault RIP=0x7ffe81438ad0 direct-stack-fallback -> 0x14235a237 (n=405504)
[SKIP] Execute-fault RIP=0x7ffe81438ad0 direct-stack-fallback -> 0x14235a237 (n=409600)
[SKIP] Execute-fault RIP=0x7ffe81438ad0 direct-stack-fallback -> 0x14235a237 (n=413696)
[SKIP] Execute-fault RIP=0x7ffe81438ad0 direct-stack-fallback -> 0x14235a237 (n=417792)
[SKIP] Execute-fault RIP=0x7ffe81438ad0 direct-stack-fallback -> 0x14235a237 (n=421888)
[SKIP] Execute-fault RIP=0x7ffe81438ad0 direct-stack-fallback -> 0x14235a237 (n=425984)
[SKIP] Execute-fault RIP=0x7ffe81438ad0 direct-stack-fallback -> 0x14235a237 (n=430080)
[SKIP] Execute-fault RIP=0x7ffe81438ad0 direct-stack-fallback -> 0x14235a237 (n=434176)
[SKIP] Execute-fault RIP=0x7ffe81438ad0 direct-stack-fallback -> 0x14235a237 (n=438272)
[SKIP] Execute-fault RIP=0x7ffe81438ad0 direct-stack-fallback -> 0x14235a237 (n=442368)
[SKIP] Execute-fault RIP=0x7ffe81438ad0 direct-stack-fallback -> 0x14235a237 (n=446464)
[SKIP] Execute-fault RIP=0x7ffe81438ad0 direct-stack-fallback -> 0x14235a237 (n=450560)
[SKIP] Execute-fault RIP=0x7ffe81438ad0 direct-stack-fallback -> 0x14235a237 (n=454656)
[SKIP] Execute-fault RIP=0x7ffe81438ad0 direct-stack-fallback -> 0x14235a237 (n=458752)
[SKIP] Execute-fault RIP=0x7ffe81438ad0 direct-stack-fallback -> 0x14235a237 (n=462848)
[SKIP] Execute-fault RIP=0x7ffe81438ad0 direct-stack-fallback -> 0x14235a237 (n=466944)
[SKIP] Execute-fault RIP=0x7ffe81438ad0 direct-stack-fallback -> 0x14235a237 (n=471040)
[SKIP] Execute-fault RIP=0x7ffe81438ad0 direct-stack-fallback -> 0x14235a237 (n=475136)
[SKIP] Execute-fault RIP=0x7ffe81438ad0 direct-stack-fallback -> 0x14235a237 (n=479232)
[SKIP] Execute-fault RIP=0x7ffe81438ad0 direct-stack-fallback -> 0x14235a237 (n=483328)
[SKIP] Execute-fault RIP=0x7ffe81438ad0 direct-stack-fallback -> 0x14235a237 (n=487424)
[SKIP] Execute-fault RIP=0x7ffe81438ad0 direct-stack-fallback -> 0x14235a237 (n=491520)
[SKIP] Execute-fault RIP=0x7ffe81438ad0 direct-stack-fallback -> 0x14235a237 (n=495616)
[SKIP] Execute-fault RIP=0x7ffe81438ad0 direct-stack-fallback -> 0x14235a237 (n=499712)
[SKIP] Execute-fault RIP=0x7ffe81438ad0 direct-stack-fallback -> 0x14235a237 (n=503808)
[SKIP] Execute-fault RIP=0x7ffe81438ad0 direct-stack-fallback -> 0x14235a237 (n=507904)
[SKIP] Execute-fault RIP=0x7ffe81438ad0 direct-stack-fallback -> 0x14235a237 (n=512000)
[SKIP] Execute-fault RIP=0x7ffe81438ad0 direct-stack-fallback -> 0x14235a237 (n=516096)
[SKIP] Execute-fault RIP=0x7ffe81438ad0 direct-stack-fallback -> 0x14235a237 (n=520192)
[SKIP] Execute-fault RIP=0x7ffe81438ad0 direct-stack-fallback -> 0x14235a237 (n=524288)
[SKIP] Execute-fault RIP=0x7ffe81438ad0 direct-stack-fallback -> 0x14235a237 (n=528384)
[SKIP] Execute-fault RIP=0x7ffe81438ad0 direct-stack-fallback -> 0x14235a237 (n=532480)
[SKIP] Execute-fault RIP=0x7ffe81438ad0 direct-stack-fallback -> 0x14235a237 (n=536576)
[SKIP] Execute-fault RIP=0x7ffe81438ad0 direct-stack-fallback -> 0x14235a237 (n=540672)
[SKIP] Execute-fault RIP=0x7ffe81438ad0 direct-stack-fallback -> 0x14235a237 (n=544768)
[SKIP] Execute-fault RIP=0x7ffe81438ad0 direct-stack-fallback -> 0x14235a237 (n=548864)
[SKIP] Execute-fault RIP=0x7ffe81438ad0 direct-stack-fallback -> 0x14235a237 (n=552960)
[SKIP] Execute-fault RIP=0x7ffe81438ad0 direct-stack-fallback -> 0x14235a237 (n=557056)
[SKIP] Execute-fault RIP=0x7ffe81438ad0 direct-stack-fallback -> 0x14235a237 (n=561152)
[SKIP] Execute-fault RIP=0x7ffe81438ad0 direct-stack-fallback -> 0x14235a237 (n=565248)
[SKIP] Execute-fault RIP=0x7ffe81438ad0 direct-stack-fallback -> 0x14235a237 (n=569344)
[SKIP] Execute-fault RIP=0x7ffe81438ad0 direct-stack-fallback -> 0x14235a237 (n=573440)
[SKIP] Execute-fault RIP=0x7ffe81438ad0 direct-stack-fallback -> 0x14235a237 (n=577536)
[SKIP] Execute-fault RIP=0x7ffe81438ad0 direct-stack-fallback -> 0x14235a237 (n=581632)
[SKIP] Execute-fault RIP=0x7ffe81438ad0 direct-stack-fallback -> 0x14235a237 (n=585728)
[SKIP] Execute-fault RIP=0x7ffe81438ad0 direct-stack-fallback -> 0x14235a237 (n=589824)
[SKIP] Execute-fault RIP=0x7ffe81438ad0 direct-stack-fallback -> 0x14235a237 (n=593920)
[SKIP] Execute-fault RIP=0x7ffe81438ad0 direct-stack-fallback -> 0x14235a237 (n=598016)
[SKIP] Execute-fault RIP=0x7ffe81438ad0 direct-stack-fallback -> 0x14235a237 (n=602112)
[SKIP] Execute-fault RIP=0x7ffe81438ad0 direct-stack-fallback -> 0x14235a237 (n=606208)
[SKIP] Execute-fault RIP=0x7ffe81438ad0 direct-stack-fallback -> 0x14235a237 (n=610304)
[SKIP] Execute-fault RIP=0x7ffe81438ad0 direct-stack-fallback -> 0x14235a237 (n=614400)
[SKIP] Execute-fault RIP=0x7ffe81438ad0 direct-stack-fallback -> 0x14235a237 (n=618496)
[SKIP] Execute-fault RIP=0x7ffe81438ad0 direct-stack-fallback -> 0x14235a237 (n=622592)
[SKIP] Execute-fault RIP=0x7ffe81438ad0 direct-stack-fallback -> 0x14235a237 (n=626688)
[SKIP] Execute-fault RIP=0x7ffe81438ad0 direct-stack-fallback -> 0x14235a237 (n=630784)
[SKIP] Execute-fault RIP=0x7ffe81438ad0 direct-stack-fallback -> 0x14235a237 (n=634880)
[SKIP] Execute-fault RIP=0x7ffe81438ad0 direct-stack-fallback -> 0x14235a237 (n=638976)
[SKIP] Execute-fault RIP=0x7ffe81438ad0 direct-stack-fallback -> 0x14235a237 (n=643072)
[SKIP] Execute-fault RIP=0x7ffe81438ad0 direct-stack-fallback -> 0x14235a237 (n=647168)
[SKIP] Execute-fault RIP=0x7ffe81438ad0 direct-stack-fallback -> 0x14235a237 (n=651264)
[SKIP] Execute-fault RIP=0x7ffe81438ad0 direct-stack-fallback -> 0x14235a237 (n=655360)
[SKIP] Execute-fault RIP=0x7ffe81438ad0 direct-stack-fallback -> 0x14235a237 (n=659456)
[SKIP] Execute-fault RIP=0x7ffe81438ad0 direct-stack-fallback -> 0x14235a237 (n=663552)
[SKIP] Execute-fault RIP=0x7ffe81438ad0 direct-stack-fallback -> 0x14235a237 (n=667648)
[SKIP] Execute-fault RIP=0x7ffe81438ad0 direct-stack-fallback -> 0x14235a237 (n=671744)
[SKIP] Execute-fault RIP=0x7ffe81438ad0 direct-stack-fallback -> 0x14235a237 (n=675840)
[SKIP] Execute-fault RIP=0x7ffe81438ad0 direct-stack-fallback -> 0x14235a237 (n=679936)
[SKIP] Execute-fault RIP=0x7ffe81438ad0 direct-stack-fallback -> 0x14235a237 (n=684032)
[SKIP] Execute-fault RIP=0x7ffe81438ad0 direct-stack-fallback -> 0x14235a237 (n=688128)
[SKIP] Execute-fault RIP=0x7ffe81438ad0 direct-stack-fallback -> 0x14235a237 (n=692224)
[SKIP] Execute-fault RIP=0x7ffe81438ad0 direct-stack-fallback -> 0x14235a237 (n=696320)
[SKIP] Execute-fault RIP=0x7ffe81438ad0 direct-stack-fallback -> 0x14235a237 (n=700416)
[SKIP] Execute-fault RIP=0x7ffe81438ad0 direct-stack-fallback -> 0x14235a237 (n=704512)
[SKIP] Execute-fault RIP=0x7ffe81438ad0 direct-stack-fallback -> 0x14235a237 (n=708608)
[SKIP] Execute-fault RIP=0x7ffe81438ad0 direct-stack-fallback -> 0x14235a237 (n=712704)
[SKIP] Execute-fault RIP=0x7ffe81438ad0 direct-stack-fallback -> 0x14235a237 (n=716800)
[SKIP] Execute-fault RIP=0x7ffe81438ad0 direct-stack-fallback -> 0x14235a237 (n=720896)
[SKIP] Execute-fault RIP=0x7ffe81438ad0 direct-stack-fallback -> 0x14235a237 (n=724992)
[SKIP] Execute-fault RIP=0x7ffe81438ad0 direct-stack-fallback -> 0x14235a237 (n=729088)
[SKIP] Execute-fault RIP=0x7ffe81438ad0 direct-stack-fallback -> 0x14235a237 (n=733184)
[SKIP] Execute-fault RIP=0x7ffe81438ad0 direct-stack-fallback -> 0x14235a237 (n=737280)
[SKIP] Execute-fault RIP=0x7ffe81438ad0 direct-stack-fallback -> 0x14235a237 (n=741376)
[SKIP] Execute-fault RIP=0x7ffe81438ad0 direct-stack-fallback -> 0x14235a237 (n=745472)
[SKIP] Execute-fault RIP=0x7ffe81438ad0 direct-stack-fallback -> 0x14235a237 (n=749568)
[SKIP] Execute-fault RIP=0x7ffe81438ad0 direct-stack-fallback -> 0x14235a237 (n=753664)
[SKIP] Execute-fault RIP=0x7ffe81438ad0 direct-stack-fallback -> 0x14235a237 (n=757760)
[SKIP] Execute-fault RIP=0x7ffe81438ad0 direct-stack-fallback -> 0x14235a237 (n=761856)
[SKIP] Execute-fault RIP=0x7ffe81438ad0 direct-stack-fallback -> 0x14235a237 (n=765952)
[SKIP] Execute-fault RIP=0x7ffe81438ad0 direct-stack-fallback -> 0x14235a237 (n=770048)
[SKIP] Execute-fault RIP=0x7ffe81438ad0 direct-stack-fallback -> 0x14235a237 (n=774144)
[SKIP] Execute-fault RIP=0x7ffe81438ad0 direct-stack-fallback -> 0x14235a237 (n=778240)
[SKIP] Execute-fault RIP=0x7ffe81438ad0 direct-stack-fallback -> 0x14235a237 (n=782336)
[SKIP] Execute-fault RIP=0x7ffe81438ad0 direct-stack-fallback -> 0x14235a237 (n=786432)
[SKIP] Execute-fault RIP=0x7ffe81438ad0 direct-stack-fallback -> 0x14235a237 (n=790528)
[SKIP] Execute-fault RIP=0x7ffe81438ad0 direct-stack-fallback -> 0x14235a237 (n=794624)
[SKIP] Execute-fault RIP=0x7ffe81438ad0 direct-stack-fallback -> 0x14235a237 (n=798720)
[SKIP] Execute-fault RIP=0x7ffe81438ad0 direct-stack-fallback -> 0x14235a237 (n=802816)
[SKIP] Execute-fault RIP=0x7ffe81438ad0 direct-stack-fallback -> 0x14235a237 (n=806912)
[SKIP] Execute-fault RIP=0x7ffe81438ad0 direct-stack-fallback -> 0x14235a237 (n=811008)
[SKIP] Execute-fault RIP=0x7ffe81438ad0 direct-stack-fallback -> 0x14235a237 (n=815104)
[SKIP] Execute-fault RIP=0x7ffe81438ad0 direct-stack-fallback -> 0x14235a237 (n=819200)
[SKIP] Execute-fault RIP=0x7ffe81438ad0 direct-stack-fallback -> 0x14235a237 (n=823296)
[SKIP] Execute-fault RIP=0x7ffe81438ad0 direct-stack-fallback -> 0x14235a237 (n=827392)
[SKIP] Execute-fault RIP=0x7ffe81438ad0 direct-stack-fallback -> 0x14235a237 (n=831488)
[SKIP] Execute-fault RIP=0x7ffe81438ad0 direct-stack-fallback -> 0x14235a237 (n=835584)
[SKIP] Execute-fault RIP=0x7ffe81438ad0 direct-stack-fallback -> 0x14235a237 (n=839680)
[SKIP] Execute-fault RIP=0x7ffe81438ad0 direct-stack-fallback -> 0x14235a237 (n=843776)
[SKIP] Execute-fault RIP=0x7ffe81438ad0 direct-stack-fallback -> 0x14235a237 (n=847872)
[SKIP] Execute-fault RIP=0x7ffe81438ad0 direct-stack-fallback -> 0x14235a237 (n=851968)
[SKIP] Execute-fault RIP=0x7ffe81438ad0 direct-stack-fallback -> 0x14235a237 (n=856064)
[SKIP] Execute-fault RIP=0x7ffe81438ad0 direct-stack-fallback -> 0x14235a237 (n=860160)
[SKIP] Execute-fault RIP=0x7ffe81438ad0 direct-stack-fallback -> 0x14235a237 (n=864256)
[SKIP] Execute-fault RIP=0x7ffe81438ad0 direct-stack-fallback -> 0x14235a237 (n=868352)
[SKIP] Execute-fault RIP=0x7ffe81438ad0 direct-stack-fallback -> 0x14235a237 (n=872448)
[SKIP] Execute-fault RIP=0x7ffe81438ad0 direct-stack-fallback -> 0x14235a237 (n=876544)
[SKIP] Execute-fault RIP=0x7ffe81438ad0 direct-stack-fallback -> 0x14235a237 (n=880640)
[SKIP] Execute-fault RIP=0x7ffe81438ad0 direct-stack-fallback -> 0x14235a237 (n=884736)
[SKIP] Execute-fault RIP=0x7ffe81438ad0 direct-stack-fallback -> 0x14235a237 (n=888832)
[SKIP] Execute-fault RIP=0x7ffe81438ad0 direct-stack-fallback -> 0x14235a237 (n=892928)
[SKIP] Execute-fault RIP=0x7ffe81438ad0 direct-stack-fallback -> 0x14235a237 (n=897024)
[SKIP] Execute-fault RIP=0x7ffe81438ad0 direct-stack-fallback -> 0x14235a237 (n=901120)
[SKIP] Execute-fault RIP=0x7ffe81438ad0 direct-stack-fallback -> 0x14235a237 (n=905216)
[SKIP] Execute-fault RIP=0x7ffe81438ad0 direct-stack-fallback -> 0x14235a237 (n=909312)
[SKIP] Execute-fault RIP=0x7ffe81438ad0 direct-stack-fallback -> 0x14235a237 (n=913408)
[SKIP] Execute-fault RIP=0x7ffe81438ad0 direct-stack-fallback -> 0x14235a237 (n=917504)
[SKIP] Execute-fault RIP=0x7ffe81438ad0 direct-stack-fallback -> 0x14235a237 (n=921600)
[SKIP] Execute-fault RIP=0x7ffe81438ad0 direct-stack-fallback -> 0x14235a237 (n=925696)
[SKIP] Execute-fault RIP=0x7ffe81438ad0 direct-stack-fallback -> 0x14235a237 (n=929792)
[SKIP] Execute-fault RIP=0x7ffe81438ad0 direct-stack-fallback -> 0x14235a237 (n=933888)
[SKIP] Execute-fault RIP=0x7ffe81438ad0 direct-stack-fallback -> 0x14235a237 (n=937984)
[SKIP] Execute-fault RIP=0x7ffe81438ad0 direct-stack-fallback -> 0x14235a237 (n=942080)
[SKIP] Execute-fault RIP=0x7ffe81438ad0 direct-stack-fallback -> 0x14235a237 (n=946176)
[SKIP] Execute-fault RIP=0x7ffe81438ad0 direct-stack-fallback -> 0x14235a237 (n=950272)
[SKIP] Execute-fault RIP=0x7ffe81438ad0 direct-stack-fallback -> 0x14235a237 (n=954368)
[SKIP] Execute-fault RIP=0x7ffe81438ad0 direct-stack-fallback -> 0x14235a237 (n=958464)
[SKIP] Execute-fault RIP=0x7ffe81438ad0 direct-stack-fallback -> 0x14235a237 (n=962560)
[SKIP] Execute-fault RIP=0x7ffe81438ad0 direct-stack-fallback -> 0x14235a237 (n=966656)
[SKIP] Execute-fault RIP=0x7ffe81438ad0 direct-stack-fallback -> 0x14235a237 (n=970752)
[SKIP] Execute-fault RIP=0x7ffe81438ad0 direct-stack-fallback -> 0x14235a237 (n=974848)
[SKIP] Execute-fault RIP=0x7ffe81438ad0 direct-stack-fallback -> 0x14235a237 (n=978944)
[SKIP] Execute-fault RIP=0x7ffe81438ad0 direct-stack-fallback -> 0x14235a237 (n=983040)
[SKIP] Execute-fault RIP=0x7ffe81438ad0 direct-stack-fallback -> 0x14235a237 (n=987136)
[SKIP] Execute-fault RIP=0x7ffe81438ad0 direct-stack-fallback -> 0x14235a237 (n=991232)
[SKIP] Execute-fault RIP=0x7ffe81438ad0 direct-stack-fallback -> 0x14235a237 (n=995328)
[SKIP] Execute-fault RIP=0x7ffe81438ad0 direct-stack-fallback -> 0x14235a237 (n=999424)
[SKIP] Execute-fault RIP=0x7ffe81438ad0 direct-stack-fallback -> 0x14235a237 (n=1003520)
[SKIP] Execute-fault RIP=0x7ffe81438ad0 direct-stack-fallback -> 0x14235a237 (n=1007616)
[SKIP] Execute-fault RIP=0x7ffe81438ad0 direct-stack-fallback -> 0x14235a237 (n=1011712)
[SKIP] Execute-fault RIP=0x7ffe81438ad0 direct-stack-fallback -> 0x14235a237 (n=1015808)
[SKIP] Execute-fault RIP=0x7ffe81438ad0 direct-stack-fallback -> 0x14235a237 (n=1019904)
[SKIP] Execute-fault RIP=0x7ffe81438ad0 direct-stack-fallback -> 0x14235a237 (n=1024000)
[SKIP] Execute-fault RIP=0x7ffe81438ad0 direct-stack-fallback -> 0x14235a237 (n=1028096)
[SKIP] Execute-fault RIP=0x7ffe81438ad0 direct-stack-fallback -> 0x14235a237 (n=1032192)
[SKIP] Execute-fault RIP=0x7ffe81438ad0 direct-stack-fallback -> 0x14235a237 (n=1036288)
[SKIP] Execute-fault RIP=0x7ffe81438ad0 direct-stack-fallback -> 0x14235a237 (n=1040384)
[SKIP] Execute-fault RIP=0x7ffe81438ad0 direct-stack-fallback -> 0x14235a237 (n=1044480)
[SKIP] Execute-fault RIP=0x7ffe81438ad0 direct-stack-fallback -> 0x14235a237 (n=1048576)
[SKIP] Execute-fault RIP=0x7ffe81438ad0 direct-stack-fallback -> 0x14235a237 (n=1052672)
[SKIP] Execute-fault RIP=0x7ffe81438ad0 direct-stack-fallback -> 0x14235a237 (n=1056768)
[SKIP] Execute-fault RIP=0x7ffe81438ad0 direct-stack-fallback -> 0x14235a237 (n=1060864)
[SKIP] Execute-fault RIP=0x7ffe81438ad0 direct-stack-fallback -> 0x14235a237 (n=1064960)
[SKIP] Execute-fault RIP=0x7ffe81438ad0 direct-stack-fallback -> 0x14235a237 (n=1069056)
[SKIP] Execute-fault RIP=0x7ffe81438ad0 direct-stack-fallback -> 0x14235a237 (n=1073152)
[SKIP] Execute-fault RIP=0x7ffe81438ad0 direct-stack-fallback -> 0x14235a237 (n=1077248)
[SKIP] Execute-fault RIP=0x7ffe81438ad0 direct-stack-fallback -> 0x14235a237 (n=1081344)
[SKIP] Execute-fault RIP=0x7ffe81438ad0 direct-stack-fallback -> 0x14235a237 (n=1085440)
[SKIP] Execute-fault RIP=0x7ffe81438ad0 direct-stack-fallback -> 0x14235a237 (n=1089536)
[SKIP] Execute-fault RIP=0x7ffe81438ad0 direct-stack-fallback -> 0x14235a237 (n=1093632)
[SKIP] Execute-fault RIP=0x7ffe81438ad0 direct-stack-fallback -> 0x14235a237 (n=1097728)
[SKIP] Execute-fault RIP=0x7ffe81438ad0 direct-stack-fallback -> 0x14235a237 (n=1101824)
[SKIP] Execute-fault RIP=0x7ffe81438ad0 direct-stack-fallback -> 0x14235a237 (n=1105920)
[SKIP] Execute-fault RIP=0x7ffe81438ad0 direct-stack-fallback -> 0x14235a237 (n=1110016)
[SKIP] Execute-fault RIP=0x7ffe81438ad0 direct-stack-fallback -> 0x14235a237 (n=1114112)
[SKIP] Execute-fault RIP=0x7ffe81438ad0 direct-stack-fallback -> 0x14235a237 (n=1118208)
[SKIP] Execute-fault RIP=0x7ffe81438ad0 direct-stack-fallback -> 0x14235a237 (n=1122304)
[SKIP] Execute-fault RIP=0x7ffe81438ad0 direct-stack-fallback -> 0x14235a237 (n=1126400)
[SKIP] Execute-fault RIP=0x7ffe81438ad0 direct-stack-fallback -> 0x14235a237 (n=1130496)
[SKIP] Execute-fault RIP=0x7ffe81438ad0 direct-stack-fallback -> 0x14235a237 (n=1134592)
[SKIP] Execute-fault RIP=0x7ffe81438ad0 direct-stack-fallback -> 0x14235a237 (n=1138688)
[SKIP] Execute-fault RIP=0x7ffe81438ad0 direct-stack-fallback -> 0x14235a237 (n=1142784)
[SKIP] Execute-fault RIP=0x7ffe81438ad0 direct-stack-fallback -> 0x14235a237 (n=1146880)
[SKIP] Execute-fault RIP=0x7ffe81438ad0 direct-stack-fallback -> 0x14235a237 (n=1150976)
[SKIP] Execute-fault RIP=0x7ffe81438ad0 direct-stack-fallback -> 0x14235a237 (n=1155072)
[SKIP] Execute-fault RIP=0x7ffe81438ad0 direct-stack-fallback -> 0x14235a237 (n=1159168)
[SKIP] Execute-fault RIP=0x7ffe81438ad0 direct-stack-fallback -> 0x14235a237 (n=1163264)
[SKIP] Execute-fault RIP=0x7ffe81438ad0 direct-stack-fallback -> 0x14235a237 (n=1167360)
[SKIP] Execute-fault RIP=0x7ffe81438ad0 direct-stack-fallback -> 0x14235a237 (n=1171456)
[SKIP] Execute-fault RIP=0x7ffe81438ad0 direct-stack-fallback -> 0x14235a237 (n=1175552)
[SKIP] Execute-fault RIP=0x7ffe81438ad0 direct-stack-fallback -> 0x14235a237 (n=1179648)
[SKIP] Execute-fault RIP=0x7ffe81438ad0 direct-stack-fallback -> 0x14235a237 (n=1183744)
[SKIP] Execute-fault RIP=0x7ffe81438ad0 direct-stack-fallback -> 0x14235a237 (n=1187840)
[SKIP] Execute-fault RIP=0x7ffe81438ad0 direct-stack-fallback -> 0x14235a237 (n=1191936)
[SKIP] Execute-fault RIP=0x7ffe81438ad0 direct-stack-fallback -> 0x14235a237 (n=1196032)
[SKIP] Execute-fault RIP=0x7ffe81438ad0 direct-stack-fallback -> 0x14235a237 (n=1200128)
[SKIP] Execute-fault RIP=0x7ffe81438ad0 direct-stack-fallback -> 0x14235a237 (n=1204224)
[SKIP] Execute-fault RIP=0x7ffe81438ad0 direct-stack-fallback -> 0x14235a237 (n=1208320)
[SKIP] Execute-fault RIP=0x7ffe81438ad0 direct-stack-fallback -> 0x14235a237 (n=1212416)
[SKIP] Execute-fault RIP=0x7ffe81438ad0 direct-stack-fallback -> 0x14235a237 (n=1216512)
[SKIP] Execute-fault RIP=0x7ffe81438ad0 direct-stack-fallback -> 0x14235a237 (n=1220608)
[SKIP] Execute-fault RIP=0x7ffe81438ad0 direct-stack-fallback -> 0x14235a237 (n=1224704)
[SKIP] Execute-fault RIP=0x7ffe81438ad0 direct-stack-fallback -> 0x14235a237 (n=1228800)
[SKIP] Execute-fault RIP=0x7ffe81438ad0 direct-stack-fallback -> 0x14235a237 (n=1232896)
[SKIP] Execute-fault RIP=0x7ffe81438ad0 direct-stack-fallback -> 0x14235a237 (n=1236992)
[SKIP] Execute-fault RIP=0x7ffe81438ad0 direct-stack-fallback -> 0x14235a237 (n=1241088)
[SKIP] Execute-fault RIP=0x7ffe81438ad0 direct-stack-fallback -> 0x14235a237 (n=1245184)
[SKIP] Execute-fault RIP=0x7ffe81438ad0 direct-stack-fallback -> 0x14235a237 (n=1249280)
[SKIP] Execute-fault RIP=0x7ffe81438ad0 direct-stack-fallback -> 0x14235a237 (n=1253376)
[SKIP] Execute-fault RIP=0x7ffe81438ad0 direct-stack-fallback -> 0x14235a237 (n=1257472)
[SKIP] Execute-fault RIP=0x7ffe81438ad0 direct-stack-fallback -> 0x14235a237 (n=1261568)
[SKIP] Execute-fault RIP=0x7ffe81438ad0 direct-stack-fallback -> 0x14235a237 (n=1265664)
[SKIP] Execute-fault RIP=0x7ffe81438ad0 direct-stack-fallback -> 0x14235a237 (n=1269760)
[SKIP] Execute-fault RIP=0x7ffe81438ad0 direct-stack-fallback -> 0x14235a237 (n=1273856)
[SKIP] Execute-fault RIP=0x7ffe81438ad0 direct-stack-fallback -> 0x14235a237 (n=1277952)
[SKIP] Execute-fault RIP=0x7ffe81438ad0 direct-stack-fallback -> 0x14235a237 (n=1282048)
[SKIP] Execute-fault RIP=0x7ffe81438ad0 direct-stack-fallback -> 0x14235a237 (n=1286144)
[SKIP] Execute-fault RIP=0x7ffe81438ad0 direct-stack-fallback -> 0x14235a237 (n=1290240)
[SKIP] Execute-fault RIP=0x7ffe81438ad0 direct-stack-fallback -> 0x14235a237 (n=1294336)
[SKIP] Execute-fault RIP=0x7ffe81438ad0 direct-stack-fallback -> 0x14235a237 (n=1298432)
[SKIP] Execute-fault RIP=0x7ffe81438ad0 direct-stack-fallback -> 0x14235a237 (n=1302528)
[SKIP] Execute-fault RIP=0x7ffe81438ad0 direct-stack-fallback -> 0x14235a237 (n=1306624)
[SKIP] Execute-fault RIP=0x7ffe81438ad0 direct-stack-fallback -> 0x14235a237 (n=1310720)
[SKIP] Execute-fault RIP=0x7ffe81438ad0 direct-stack-fallback -> 0x14235a237 (n=1314816)
[SKIP] Execute-fault RIP=0x7ffe81438ad0 direct-stack-fallback -> 0x14235a237 (n=1318912)
[SKIP] Execute-fault RIP=0x7ffe81438ad0 direct-stack-fallback -> 0x14235a237 (n=1323008)
[SKIP] Execute-fault RIP=0x7ffe81438ad0 direct-stack-fallback -> 0x14235a237 (n=1327104)
[SKIP] Execute-fault RIP=0x7ffe81438ad0 direct-stack-fallback -> 0x14235a237 (n=1331200)
[SKIP] Execute-fault RIP=0x7ffe81438ad0 direct-stack-fallback -> 0x14235a237 (n=1335296)
[SKIP] Execute-fault RIP=0x7ffe81438ad0 direct-stack-fallback -> 0x14235a237 (n=1339392)
[SKIP] Execute-fault RIP=0x7ffe81438ad0 direct-stack-fallback -> 0x14235a237 (n=1343488)
[SKIP] Execute-fault RIP=0x7ffe81438ad0 direct-stack-fallback -> 0x14235a237 (n=1347584)
[SKIP] Execute-fault RIP=0x7ffe81438ad0 direct-stack-fallback -> 0x14235a237 (n=1351680)
[SKIP] Execute-fault RIP=0x7ffe81438ad0 direct-stack-fallback -> 0x14235a237 (n=1355776)
[SKIP] Execute-fault RIP=0x7ffe81438ad0 direct-stack-fallback -> 0x14235a237 (n=1359872)
[SKIP] Execute-fault RIP=0x7ffe81438ad0 direct-stack-fallback -> 0x14235a237 (n=1363968)
[SKIP] Execute-fault RIP=0x7ffe81438ad0 direct-stack-fallback -> 0x14235a237 (n=1368064)
[SKIP] Execute-fault RIP=0x7ffe81438ad0 direct-stack-fallback -> 0x14235a237 (n=1372160)
[SKIP] Execute-fault RIP=0x7ffe81438ad0 direct-stack-fallback -> 0x14235a237 (n=1376256)
[SKIP] Execute-fault RIP=0x7ffe81438ad0 direct-stack-fallback -> 0x14235a237 (n=1380352)
[SKIP] Execute-fault RIP=0x7ffe81438ad0 direct-stack-fallback -> 0x14235a237 (n=1384448)
[SKIP] Execute-fault RIP=0x7ffe81438ad0 direct-stack-fallback -> 0x14235a237 (n=1388544)
[SKIP] Execute-fault RIP=0x7ffe81438ad0 direct-stack-fallback -> 0x14235a237 (n=1392640)
[SKIP] Execute-fault RIP=0x7ffe81438ad0 direct-stack-fallback -> 0x14235a237 (n=1396736)
[SKIP] Execute-fault RIP=0x7ffe81438ad0 direct-stack-fallback -> 0x14235a237 (n=1400832)
[SKIP] Execute-fault RIP=0x7ffe81438ad0 direct-stack-fallback -> 0x14235a237 (n=1404928)
[SKIP] Execute-fault RIP=0x7ffe81438ad0 direct-stack-fallback -> 0x14235a237 (n=1409024)
[SKIP] Execute-fault RIP=0x7ffe81438ad0 direct-stack-fallback -> 0x14235a237 (n=1413120)
[SKIP] Execute-fault RIP=0x7ffe81438ad0 direct-stack-fallback -> 0x14235a237 (n=1417216)
[SKIP] Execute-fault RIP=0x7ffe81438ad0 direct-stack-fallback -> 0x14235a237 (n=1421312)
[SKIP] Execute-fault RIP=0x7ffe81438ad0 direct-stack-fallback -> 0x14235a237 (n=1425408)
[SKIP] Execute-fault RIP=0x7ffe81438ad0 direct-stack-fallback -> 0x14235a237 (n=1429504)
[SKIP] Execute-fault RIP=0x7ffe81438ad0 direct-stack-fallback -> 0x14235a237 (n=1433600)
[SKIP] Execute-fault RIP=0x7ffe81438ad0 direct-stack-fallback -> 0x14235a237 (n=1437696)
[SKIP] Execute-fault RIP=0x7ffe81438ad0 direct-stack-fallback -> 0x14235a237 (n=1441792)
[SKIP] Execute-fault RIP=0x7ffe81438ad0 direct-stack-fallback -> 0x14235a237 (n=1445888)
[SKIP] Execute-fault RIP=0x7ffe81438ad0 direct-stack-fallback -> 0x14235a237 (n=1449984)
[SKIP] Execute-fault RIP=0x7ffe81438ad0 direct-stack-fallback -> 0x14235a237 (n=1454080)
[SKIP] Execute-fault RIP=0x7ffe81438ad0 direct-stack-fallback -> 0x14235a237 (n=1458176)
[SKIP] Execute-fault RIP=0x7ffe81438ad0 direct-stack-fallback -> 0x14235a237 (n=1462272)
[SKIP] Execute-fault RIP=0x7ffe81438ad0 direct-stack-fallback -> 0x14235a237 (n=1466368)
[SKIP] Execute-fault RIP=0x7ffe81438ad0 direct-stack-fallback -> 0x14235a237 (n=1470464)
[SKIP] Execute-fault RIP=0x7ffe81438ad0 direct-stack-fallback -> 0x14235a237 (n=1474560)
[SKIP] Execute-fault RIP=0x7ffe81438ad0 direct-stack-fallback -> 0x14235a237 (n=1478656)
[SKIP] Execute-fault RIP=0x7ffe81438ad0 direct-stack-fallback -> 0x14235a237 (n=1482752)
[SKIP] Execute-fault RIP=0x7ffe81438ad0 direct-stack-fallback -> 0x14235a237 (n=1486848)
[SKIP] Execute-fault RIP=0x7ffe81438ad0 direct-stack-fallback -> 0x14235a237 (n=1490944)
[SKIP] Execute-fault RIP=0x7ffe81438ad0 direct-stack-fallback -> 0x14235a237 (n=1495040)
[SKIP] Execute-fault RIP=0x7ffe81438ad0 direct-stack-fallback -> 0x14235a237 (n=1499136)
[SKIP] Execute-fault RIP=0x7ffe81438ad0 direct-stack-fallback -> 0x14235a237 (n=1503232)
[SKIP] Execute-fault RIP=0x7ffe81438ad0 direct-stack-fallback -> 0x14235a237 (n=1507328)
[SKIP] Execute-fault RIP=0x7ffe81438ad0 direct-stack-fallback -> 0x14235a237 (n=1511424)
[SKIP] Execute-fault RIP=0x7ffe81438ad0 direct-stack-fallback -> 0x14235a237 (n=1515520)
[SKIP] Execute-fault RIP=0x7ffe81438ad0 direct-stack-fallback -> 0x14235a237 (n=1519616)
[SKIP] Execute-fault RIP=0x7ffe81438ad0 direct-stack-fallback -> 0x14235a237 (n=1523712)
[SKIP] Execute-fault RIP=0x7ffe81438ad0 direct-stack-fallback -> 0x14235a237 (n=1527808)
[SKIP] Execute-fault RIP=0x7ffe81438ad0 direct-stack-fallback -> 0x14235a237 (n=1531904)
[SKIP] Execute-fault RIP=0x7ffe81438ad0 direct-stack-fallback -> 0x14235a237 (n=1536000)
[SKIP] Execute-fault RIP=0x7ffe81438ad0 direct-stack-fallback -> 0x14235a237 (n=1540096)
[SKIP] Execute-fault RIP=0x7ffe81438ad0 direct-stack-fallback -> 0x14235a237 (n=1544192)
[SKIP] Execute-fault RIP=0x7ffe81438ad0 direct-stack-fallback -> 0x14235a237 (n=1548288)
[SKIP] Execute-fault RIP=0x7ffe81438ad0 direct-stack-fallback -> 0x14235a237 (n=1552384)
[SKIP] Execute-fault RIP=0x7ffe81438ad0 direct-stack-fallback -> 0x14235a237 (n=1556480)
[SKIP] Execute-fault RIP=0x7ffe81438ad0 direct-stack-fallback -> 0x14235a237 (n=1560576)
[SKIP] Execute-fault RIP=0x7ffe81438ad0 direct-stack-fallback -> 0x14235a237 (n=1564672)
[SKIP] Execute-fault RIP=0x7ffe81438ad0 direct-stack-fallback -> 0x14235a237 (n=1568768)
[SKIP] Execute-fault RIP=0x7ffe81438ad0 direct-stack-fallback -> 0x14235a237 (n=1572864)
[SKIP] Execute-fault RIP=0x7ffe81438ad0 direct-stack-fallback -> 0x14235a237 (n=1576960)
[SKIP] Execute-fault RIP=0x7ffe81438ad0 direct-stack-fallback -> 0x14235a237 (n=1581056)
[SKIP] Execute-fault RIP=0x7ffe81438ad0 direct-stack-fallback -> 0x14235a237 (n=1585152)
[SKIP] Execute-fault RIP=0x7ffe81438ad0 direct-stack-fallback -> 0x14235a237 (n=1589248)
[SKIP] Execute-fault RIP=0x7ffe81438ad0 direct-stack-fallback -> 0x14235a237 (n=1593344)
[SKIP] Execute-fault RIP=0x7ffe81438ad0 direct-stack-fallback -> 0x14235a237 (n=1597440)
[SKIP] Execute-fault RIP=0x7ffe81438ad0 direct-stack-fallback -> 0x14235a237 (n=1601536)
[SKIP] Execute-fault RIP=0x7ffe81438ad0 direct-stack-fallback -> 0x14235a237 (n=1605632)
[SKIP] Execute-fault RIP=0x7ffe81438ad0 direct-stack-fallback -> 0x14235a237 (n=1609728)
[SKIP] Execute-fault RIP=0x7ffe81438ad0 direct-stack-fallback -> 0x14235a237 (n=1613824)
[SKIP] Execute-fault RIP=0x7ffe81438ad0 direct-stack-fallback -> 0x14235a237 (n=1617920)
[SKIP] Execute-fault RIP=0x7ffe81438ad0 direct-stack-fallback -> 0x14235a237 (n=1622016)
[SKIP] Execute-fault RIP=0x7ffe81438ad0 direct-stack-fallback -> 0x14235a237 (n=1626112)
[SKIP] Execute-fault RIP=0x7ffe81438ad0 direct-stack-fallback -> 0x14235a237 (n=1630208)
[SKIP] Execute-fault RIP=0x7ffe81438ad0 direct-stack-fallback -> 0x14235a237 (n=1634304)
[SKIP] Execute-fault RIP=0x7ffe81438ad0 direct-stack-fallback -> 0x14235a237 (n=1638400)
[SKIP] Execute-fault RIP=0x7ffe81438ad0 direct-stack-fallback -> 0x14235a237 (n=1642496)
[SKIP] Execute-fault RIP=0x7ffe81438ad0 direct-stack-fallback -> 0x14235a237 (n=1646592)
[SKIP] Execute-fault RIP=0x7ffe81438ad0 direct-stack-fallback -> 0x14235a237 (n=1650688)
[SKIP] Execute-fault RIP=0x7ffe81438ad0 direct-stack-fallback -> 0x14235a237 (n=1654784)
[SKIP] Execute-fault RIP=0x7ffe81438ad0 direct-stack-fallback -> 0x14235a237 (n=1658880)
[SKIP] Execute-fault RIP=0x7ffe81438ad0 direct-stack-fallback -> 0x14235a237 (n=1662976)
[SKIP] Execute-fault RIP=0x7ffe81438ad0 direct-stack-fallback -> 0x14235a237 (n=1667072)
[SKIP] Execute-fault RIP=0x7ffe81438ad0 direct-stack-fallback -> 0x14235a237 (n=1671168)
[SKIP] Execute-fault RIP=0x7ffe81438ad0 direct-stack-fallback -> 0x14235a237 (n=1675264)
[SKIP] Execute-fault RIP=0x7ffe81438ad0 direct-stack-fallback -> 0x14235a237 (n=1679360)
[SKIP] Execute-fault RIP=0x7ffe81438ad0 direct-stack-fallback -> 0x14235a237 (n=1683456)
[SKIP] Execute-fault RIP=0x7ffe81438ad0 direct-stack-fallback -> 0x14235a237 (n=1687552)
[SKIP] Execute-fault RIP=0x7ffe81438ad0 direct-stack-fallback -> 0x14235a237 (n=1691648)
[SKIP] Execute-fault RIP=0x7ffe81438ad0 direct-stack-fallback -> 0x14235a237 (n=1695744)
[SKIP] Execute-fault RIP=0x7ffe81438ad0 direct-stack-fallback -> 0x14235a237 (n=1699840)
[SKIP] Execute-fault RIP=0x7ffe81438ad0 direct-stack-fallback -> 0x14235a237 (n=1703936)
[SKIP] Execute-fault RIP=0x7ffe81438ad0 direct-stack-fallback -> 0x14235a237 (n=1708032)
[SKIP] Execute-fault RIP=0x7ffe81438ad0 direct-stack-fallback -> 0x14235a237 (n=1712128)
[SKIP] Execute-fault RIP=0x7ffe81438ad0 direct-stack-fallback -> 0x14235a237 (n=1716224)
[SKIP] Execute-fault RIP=0x7ffe81438ad0 direct-stack-fallback -> 0x14235a237 (n=1720320)
[SKIP] Execute-fault RIP=0x7ffe81438ad0 direct-stack-fallback -> 0x14235a237 (n=1724416)
[SKIP] Execute-fault RIP=0x7ffe81438ad0 direct-stack-fallback -> 0x14235a237 (n=1728512)
[SKIP] Execute-fault RIP=0x7ffe81438ad0 direct-stack-fallback -> 0x14235a237 (n=1732608)
[SKIP] Execute-fault RIP=0x7ffe81438ad0 direct-stack-fallback -> 0x14235a237 (n=1736704)
[SKIP] Execute-fault RIP=0x7ffe81438ad0 direct-stack-fallback -> 0x14235a237 (n=1740800)
[SKIP] Execute-fault RIP=0x7ffe81438ad0 direct-stack-fallback -> 0x14235a237 (n=1744896)
[SKIP] Execute-fault RIP=0x7ffe81438ad0 direct-stack-fallback -> 0x14235a237 (n=1748992)
[SKIP] Execute-fault RIP=0x7ffe81438ad0 direct-stack-fallback -> 0x14235a237 (n=1753088)
[SKIP] Execute-fault RIP=0x7ffe81438ad0 direct-stack-fallback -> 0x14235a237 (n=1757184)
[SKIP] Execute-fault RIP=0x7ffe81438ad0 direct-stack-fallback -> 0x14235a237 (n=1761280)
[SKIP] Execute-fault RIP=0x7ffe81438ad0 direct-stack-fallback -> 0x14235a237 (n=1765376)
[SKIP] Execute-fault RIP=0x7ffe81438ad0 direct-stack-fallback -> 0x14235a237 (n=1769472)
[SKIP] Execute-fault RIP=0x7ffe81438ad0 direct-stack-fallback -> 0x14235a237 (n=1773568)
[SKIP] Execute-fault RIP=0x7ffe81438ad0 direct-stack-fallback -> 0x14235a237 (n=1777664)
[SKIP] Execute-fault RIP=0x7ffe81438ad0 direct-stack-fallback -> 0x14235a237 (n=1781760)
[SKIP] Execute-fault RIP=0x7ffe81438ad0 direct-stack-fallback -> 0x14235a237 (n=1785856)
[SKIP] Execute-fault RIP=0x7ffe81438ad0 direct-stack-fallback -> 0x14235a237 (n=1789952)
[SKIP] Execute-fault RIP=0x7ffe81438ad0 direct-stack-fallback -> 0x14235a237 (n=1794048)
[SKIP] Execute-fault RIP=0x7ffe81438ad0 direct-stack-fallback -> 0x14235a237 (n=1798144)
[SKIP] Execute-fault RIP=0x7ffe81438ad0 direct-stack-fallback -> 0x14235a237 (n=1802240)
[SKIP] Execute-fault RIP=0x7ffe81438ad0 direct-stack-fallback -> 0x14235a237 (n=1806336)
[SKIP] Execute-fault RIP=0x7ffe81438ad0 direct-stack-fallback -> 0x14235a237 (n=1810432)
[SKIP] Execute-fault RIP=0x7ffe81438ad0 direct-stack-fallback -> 0x14235a237 (n=1814528)
[SKIP] Execute-fault RIP=0x7ffe81438ad0 direct-stack-fallback -> 0x14235a237 (n=1818624)
[SKIP] Execute-fault RIP=0x7ffe81438ad0 direct-stack-fallback -> 0x14235a237 (n=1822720)
[SKIP] Execute-fault RIP=0x7ffe81438ad0 direct-stack-fallback -> 0x14235a237 (n=1826816)
[SKIP] Execute-fault RIP=0x7ffe81438ad0 direct-stack-fallback -> 0x14235a237 (n=1830912)
[SKIP] Execute-fault RIP=0x7ffe81438ad0 direct-stack-fallback -> 0x14235a237 (n=1835008)
[SKIP] Execute-fault RIP=0x7ffe81438ad0 direct-stack-fallback -> 0x14235a237 (n=1839104)
[SKIP] Execute-fault RIP=0x7ffe81438ad0 direct-stack-fallback -> 0x14235a237 (n=1843200)
[SKIP] Execute-fault RIP=0x7ffe81438ad0 direct-stack-fallback -> 0x14235a237 (n=1847296)
[SKIP] Execute-fault RIP=0x7ffe81438ad0 direct-stack-fallback -> 0x14235a237 (n=1851392)
[SKIP] Execute-fault RIP=0x7ffe81438ad0 direct-stack-fallback -> 0x14235a237 (n=1855488)
[SKIP] Execute-fault RIP=0x7ffe81438ad0 direct-stack-fallback -> 0x14235a237 (n=1859584)
[SKIP] Execute-fault RIP=0x7ffe81438ad0 direct-stack-fallback -> 0x14235a237 (n=1863680)
[SKIP] Execute-fault RIP=0x7ffe81438ad0 direct-stack-fallback -> 0x14235a237 (n=1867776)
[SKIP] Execute-fault RIP=0x7ffe81438ad0 direct-stack-fallback -> 0x14235a237 (n=1871872)
[SKIP] Execute-fault RIP=0x7ffe81438ad0 direct-stack-fallback -> 0x14235a237 (n=1875968)
[SKIP] Execute-fault RIP=0x7ffe81438ad0 direct-stack-fallback -> 0x14235a237 (n=1880064)
[SKIP] Execute-fault RIP=0x7ffe81438ad0 direct-stack-fallback -> 0x14235a237 (n=1884160)
[SKIP] Execute-fault RIP=0x7ffe81438ad0 direct-stack-fallback -> 0x14235a237 (n=1888256)
[SKIP] Execute-fault RIP=0x7ffe81438ad0 direct-stack-fallback -> 0x14235a237 (n=1892352)
[SKIP] Execute-fault RIP=0x7ffe81438ad0 direct-stack-fallback -> 0x14235a237 (n=1896448)
[SKIP] Execute-fault RIP=0x7ffe81438ad0 direct-stack-fallback -> 0x14235a237 (n=1900544)
[SKIP] Execute-fault RIP=0x7ffe81438ad0 direct-stack-fallback -> 0x14235a237 (n=1904640)
[SKIP] Execute-fault RIP=0x7ffe81438ad0 direct-stack-fallback -> 0x14235a237 (n=1908736)
[SKIP] Execute-fault RIP=0x7ffe81438ad0 direct-stack-fallback -> 0x14235a237 (n=1912832)
[SKIP] Execute-fault RIP=0x7ffe81438ad0 direct-stack-fallback -> 0x14235a237 (n=1916928)
[SKIP] Execute-fault RIP=0x7ffe81438ad0 direct-stack-fallback -> 0x14235a237 (n=1921024)
[SKIP] Execute-fault RIP=0x7ffe81438ad0 direct-stack-fallback -> 0x14235a237 (n=1925120)
[SKIP] Execute-fault RIP=0x7ffe81438ad0 direct-stack-fallback -> 0x14235a237 (n=1929216)
[SKIP] Execute-fault RIP=0x7ffe81438ad0 direct-stack-fallback -> 0x14235a237 (n=1933312)
[SKIP] Execute-fault RIP=0x7ffe81438ad0 direct-stack-fallback -> 0x14235a237 (n=1937408)
[SKIP] Execute-fault RIP=0x7ffe81438ad0 direct-stack-fallback -> 0x14235a237 (n=1941504)
[SKIP] Execute-fault RIP=0x7ffe81438ad0 direct-stack-fallback -> 0x14235a237 (n=1945600)
[SKIP] Execute-fault RIP=0x7ffe81438ad0 direct-stack-fallback -> 0x14235a237 (n=1949696)
[SKIP] Execute-fault RIP=0x7ffe81438ad0 direct-stack-fallback -> 0x14235a237 (n=1953792)
[SKIP] Execute-fault RIP=0x7ffe81438ad0 direct-stack-fallback -> 0x14235a237 (n=1957888)
[SKIP] Execute-fault RIP=0x7ffe81438ad0 direct-stack-fallback -> 0x14235a237 (n=1961984)
[SKIP] Execute-fault RIP=0x7ffe81438ad0 direct-stack-fallback -> 0x14235a237 (n=1966080)
[SKIP] Execute-fault RIP=0x7ffe81438ad0 direct-stack-fallback -> 0x14235a237 (n=1970176)
[SKIP] Execute-fault RIP=0x7ffe81438ad0 direct-stack-fallback -> 0x14235a237 (n=1974272)
[SKIP] Execute-fault RIP=0x7ffe81438ad0 direct-stack-fallback -> 0x14235a237 (n=1978368)
[SKIP] Execute-fault RIP=0x7ffe81438ad0 direct-stack-fallback -> 0x14235a237 (n=1982464)
[SKIP] Execute-fault RIP=0x7ffe81438ad0 direct-stack-fallback -> 0x14235a237 (n=1986560)
[SKIP] Execute-fault RIP=0x7ffe81438ad0 direct-stack-fallback -> 0x14235a237 (n=1990656)
[SKIP] Execute-fault RIP=0x7ffe81438ad0 direct-stack-fallback -> 0x14235a237 (n=1994752)
[SKIP] Execute-fault RIP=0x7ffe81438ad0 direct-stack-fallback -> 0x14235a237 (n=1998848)
[SKIP] Execute-fault RIP=0x7ffe81438ad0 direct-stack-fallback -> 0x14235a237 (n=2002944)
[SKIP] Execute-fault RIP=0x7ffe81438ad0 direct-stack-fallback -> 0x14235a237 (n=2007040)
[SKIP] Execute-fault RIP=0x7ffe81438ad0 direct-stack-fallback -> 0x14235a237 (n=2011136)
[SKIP] Execute-fault RIP=0x7ffe81438ad0 direct-stack-fallback -> 0x14235a237 (n=2015232)
[SKIP] Execute-fault RIP=0x7ffe81438ad0 direct-stack-fallback -> 0x14235a237 (n=2019328)
[SKIP] Execute-fault RIP=0x7ffe81438ad0 direct-stack-fallback -> 0x14235a237 (n=2023424)
[SKIP] Execute-fault RIP=0x7ffe81438ad0 direct-stack-fallback -> 0x14235a237 (n=2027520)
[SKIP] Execute-fault RIP=0x7ffe81438ad0 direct-stack-fallback -> 0x14235a237 (n=2031616)
[SKIP] Execute-fault RIP=0x7ffe81438ad0 direct-stack-fallback -> 0x14235a237 (n=2035712)
[SKIP] Execute-fault RIP=0x7ffe81438ad0 direct-stack-fallback -> 0x14235a237 (n=2039808)
[SKIP] Execute-fault RIP=0x7ffe81438ad0 direct-stack-fallback -> 0x14235a237 (n=2043904)
[SKIP] Execute-fault RIP=0x7ffe81438ad0 direct-stack-fallback -> 0x14235a237 (n=2048000)
[SKIP] Execute-fault RIP=0x7ffe81438ad0 direct-stack-fallback -> 0x14235a237 (n=2052096)
[SKIP] Execute-fault RIP=0x7ffe81438ad0 direct-stack-fallback -> 0x14235a237 (n=2056192)
[SKIP] Execute-fault RIP=0x7ffe81438ad0 direct-stack-fallback -> 0x14235a237 (n=2060288)
[SKIP] Execute-fault RIP=0x7ffe81438ad0 direct-stack-fallback -> 0x14235a237 (n=2064384)
[SKIP] Execute-fault RIP=0x7ffe81438ad0 direct-stack-fallback -> 0x14235a237 (n=2068480)
[SKIP] Execute-fault RIP=0x7ffe81438ad0 direct-stack-fallback -> 0x14235a237 (n=2072576)
[SKIP] Execute-fault RIP=0x7ffe81438ad0 direct-stack-fallback -> 0x14235a237 (n=2076672)
[SKIP] Execute-fault RIP=0x7ffe81438ad0 direct-stack-fallback -> 0x14235a237 (n=2080768)
[SKIP] Execute-fault RIP=0x7ffe81438ad0 direct-stack-fallback -> 0x14235a237 (n=2084864)
[SKIP] Execute-fault RIP=0x7ffe81438ad0 direct-stack-fallback -> 0x14235a237 (n=2088960)
[SKIP] Execute-fault RIP=0x7ffe81438ad0 direct-stack-fallback -> 0x14235a237 (n=2093056)
[SKIP] Execute-fault RIP=0x7ffe81438ad0 direct-stack-fallback -> 0x14235a237 (n=2097152)
[SKIP] Execute-fault RIP=0x7ffe81438ad0 direct-stack-fallback -> 0x14235a237 (n=2101248)
[SKIP] Execute-fault RIP=0x7ffe81438ad0 direct-stack-fallback -> 0x14235a237 (n=2105344)
[SKIP] Execute-fault RIP=0x7ffe81438ad0 direct-stack-fallback -> 0x14235a237 (n=2109440)
[SKIP] Execute-fault RIP=0x7ffe81438ad0 direct-stack-fallback -> 0x14235a237 (n=2113536)
[SKIP] Execute-fault RIP=0x7ffe81438ad0 direct-stack-fallback -> 0x14235a237 (n=2117632)
[SKIP] Execute-fault RIP=0x7ffe81438ad0 direct-stack-fallback -> 0x14235a237 (n=2121728)
[SKIP] Execute-fault RIP=0x7ffe81438ad0 direct-stack-fallback -> 0x14235a237 (n=2125824)
[SKIP] Execute-fault RIP=0x7ffe81438ad0 direct-stack-fallback -> 0x14235a237 (n=2129920)
[SKIP] Execute-fault RIP=0x7ffe81438ad0 direct-stack-fallback -> 0x14235a237 (n=2134016)
[SKIP] Execute-fault RIP=0x7ffe81438ad0 direct-stack-fallback -> 0x14235a237 (n=2138112)
[SKIP] Execute-fault RIP=0x7ffe81438ad0 direct-stack-fallback -> 0x14235a237 (n=2142208)
[SKIP] Execute-fault RIP=0x7ffe81438ad0 direct-stack-fallback -> 0x14235a237 (n=2146304)
[SKIP] Execute-fault RIP=0x7ffe81438ad0 direct-stack-fallback -> 0x14235a237 (n=2150400)
[SKIP] Execute-fault RIP=0x7ffe81438ad0 direct-stack-fallback -> 0x14235a237 (n=2154496)
[SKIP] Execute-fault RIP=0x7ffe81438ad0 direct-stack-fallback -> 0x14235a237 (n=2158592)
[SKIP] Execute-fault RIP=0x7ffe81438ad0 direct-stack-fallback -> 0x14235a237 (n=2162688)
[SKIP] Execute-fault RIP=0x7ffe81438ad0 direct-stack-fallback -> 0x14235a237 (n=2166784)
[SKIP] Execute-fault RIP=0x7ffe81438ad0 direct-stack-fallback -> 0x14235a237 (n=2170880)
[SKIP] Execute-fault RIP=0x7ffe81438ad0 direct-stack-fallback -> 0x14235a237 (n=2174976)
[SKIP] Execute-fault RIP=0x7ffe81438ad0 direct-stack-fallback -> 0x14235a237 (n=2179072)
[SKIP] Execute-fault RIP=0x7ffe81438ad0 direct-stack-fallback -> 0x14235a237 (n=2183168)
[SKIP] Execute-fault RIP=0x7ffe81438ad0 direct-stack-fallback -> 0x14235a237 (n=2187264)
[SKIP] Execute-fault RIP=0x7ffe81438ad0 direct-stack-fallback -> 0x14235a237 (n=2191360)
[SKIP] Execute-fault RIP=0x7ffe81438ad0 direct-stack-fallback -> 0x14235a237 (n=2195456)
[SKIP] Execute-fault RIP=0x7ffe81438ad0 direct-stack-fallback -> 0x14235a237 (n=2199552)
[SKIP] Execute-fault RIP=0x7ffe81438ad0 direct-stack-fallback -> 0x14235a237 (n=2203648)
[SKIP] Execute-fault RIP=0x7ffe81438ad0 direct-stack-fallback -> 0x14235a237 (n=2207744)
[SKIP] Execute-fault RIP=0x7ffe81438ad0 direct-stack-fallback -> 0x14235a237 (n=2211840)
[SKIP] Execute-fault RIP=0x7ffe81438ad0 direct-stack-fallback -> 0x14235a237 (n=2215936)
[SKIP] Execute-fault RIP=0x7ffe81438ad0 direct-stack-fallback -> 0x14235a237 (n=2220032)
[SKIP] Execute-fault RIP=0x7ffe81438ad0 direct-stack-fallback -> 0x14235a237 (n=2224128)
[SKIP] Execute-fault RIP=0x7ffe81438ad0 direct-stack-fallback -> 0x14235a237 (n=2228224)
[SKIP] Execute-fault RIP=0x7ffe81438ad0 direct-stack-fallback -> 0x14235a237 (n=2232320)
[SKIP] Execute-fault RIP=0x7ffe81438ad0 direct-stack-fallback -> 0x14235a237 (n=2236416)
[SKIP] Execute-fault RIP=0x7ffe81438ad0 direct-stack-fallback -> 0x14235a237 (n=2240512)
[SKIP] Execute-fault RIP=0x7ffe81438ad0 direct-stack-fallback -> 0x14235a237 (n=2244608)
[SKIP] Execute-fault RIP=0x7ffe81438ad0 direct-stack-fallback -> 0x14235a237 (n=2248704)
[SKIP] Execute-fault RIP=0x7ffe81438ad0 direct-stack-fallback -> 0x14235a237 (n=2252800)
[SKIP] Execute-fault RIP=0x7ffe81438ad0 direct-stack-fallback -> 0x14235a237 (n=2256896)
[SKIP] Execute-fault RIP=0x7ffe81438ad0 direct-stack-fallback -> 0x14235a237 (n=2260992)
[SKIP] Execute-fault RIP=0x7ffe81438ad0 direct-stack-fallback -> 0x14235a237 (n=2265088)
[SKIP] Execute-fault RIP=0x7ffe81438ad0 direct-stack-fallback -> 0x14235a237 (n=2269184)
[SKIP] Execute-fault RIP=0x7ffe81438ad0 direct-stack-fallback -> 0x14235a237 (n=2273280)
[SKIP] Execute-fault RIP=0x7ffe81438ad0 direct-stack-fallback -> 0x14235a237 (n=2277376)
[SKIP] Execute-fault RIP=0x7ffe81438ad0 direct-stack-fallback -> 0x14235a237 (n=2281472)
[SKIP] Execute-fault RIP=0x7ffe81438ad0 direct-stack-fallback -> 0x14235a237 (n=2285568)
[SKIP] Execute-fault RIP=0x7ffe81438ad0 direct-stack-fallback -> 0x14235a237 (n=2289664)
[SKIP] Execute-fault RIP=0x7ffe81438ad0 direct-stack-fallback -> 0x14235a237 (n=2293760)
[SKIP] Execute-fault RIP=0x7ffe81438ad0 direct-stack-fallback -> 0x14235a237 (n=2297856)
[SKIP] Execute-fault RIP=0x7ffe81438ad0 direct-stack-fallback -> 0x14235a237 (n=2301952)
[SKIP] Execute-fault RIP=0x7ffe81438ad0 direct-stack-fallback -> 0x14235a237 (n=2306048)
[SKIP] Execute-fault RIP=0x7ffe81438ad0 direct-stack-fallback -> 0x14235a237 (n=2310144)
[SKIP] Execute-fault RIP=0x7ffe81438ad0 direct-stack-fallback -> 0x14235a237 (n=2314240)
[SKIP] Execute-fault RIP=0x7ffe81438ad0 direct-stack-fallback -> 0x14235a237 (n=2318336)
[SKIP] Execute-fault RIP=0x7ffe81438ad0 direct-stack-fallback -> 0x14235a237 (n=2322432)
[SKIP] Execute-fault RIP=0x7ffe81438ad0 direct-stack-fallback -> 0x14235a237 (n=2326528)
[SKIP] Execute-fault RIP=0x7ffe81438ad0 direct-stack-fallback -> 0x14235a237 (n=2330624)
[SKIP] Execute-fault RIP=0x7ffe81438ad0 direct-stack-fallback -> 0x14235a237 (n=2334720)
[SKIP] Execute-fault RIP=0x7ffe81438ad0 direct-stack-fallback -> 0x14235a237 (n=2338816)
[SKIP] Execute-fault RIP=0x7ffe81438ad0 direct-stack-fallback -> 0x14235a237 (n=2342912)
[SKIP] Execute-fault RIP=0x7ffe81438ad0 direct-stack-fallback -> 0x14235a237 (n=2347008)
[SKIP] Execute-fault RIP=0x7ffe81438ad0 direct-stack-fallback -> 0x14235a237 (n=2351104)
[SKIP] Execute-fault RIP=0x7ffe81438ad0 direct-stack-fallback -> 0x14235a237 (n=2355200)
[SKIP] Execute-fault RIP=0x7ffe81438ad0 direct-stack-fallback -> 0x14235a237 (n=2359296)
[SKIP] Execute-fault RIP=0x7ffe81438ad0 direct-stack-fallback -> 0x14235a237 (n=2363392)
[SKIP] Execute-fault RIP=0x7ffe81438ad0 direct-stack-fallback -> 0x14235a237 (n=2367488)
[SKIP] Execute-fault RIP=0x7ffe81438ad0 direct-stack-fallback -> 0x14235a237 (n=2371584)
[SKIP] Execute-fault RIP=0x7ffe81438ad0 direct-stack-fallback -> 0x14235a237 (n=2375680)
[SKIP] Execute-fault RIP=0x7ffe81438ad0 direct-stack-fallback -> 0x14235a237 (n=2379776)
[SKIP] Execute-fault RIP=0x7ffe81438ad0 direct-stack-fallback -> 0x14235a237 (n=2383872)
[SKIP] Execute-fault RIP=0x7ffe81438ad0 direct-stack-fallback -> 0x14235a237 (n=2387968)
[SKIP] Execute-fault RIP=0x7ffe81438ad0 direct-stack-fallback -> 0x14235a237 (n=2392064)
[SKIP] Execute-fault RIP=0x7ffe81438ad0 direct-stack-fallback -> 0x14235a237 (n=2396160)
[SKIP] Execute-fault RIP=0x7ffe81438ad0 direct-stack-fallback -> 0x14235a237 (n=2400256)
[SKIP] Execute-fault RIP=0x7ffe81438ad0 direct-stack-fallback -> 0x14235a237 (n=2404352)
[SKIP] Execute-fault RIP=0x7ffe81438ad0 direct-stack-fallback -> 0x14235a237 (n=2408448)
[SKIP] Execute-fault RIP=0x7ffe81438ad0 direct-stack-fallback -> 0x14235a237 (n=2412544)
[SKIP] Execute-fault RIP=0x7ffe81438ad0 direct-stack-fallback -> 0x14235a237 (n=2416640)
[SKIP] Execute-fault RIP=0x7ffe81438ad0 direct-stack-fallback -> 0x14235a237 (n=2420736)
[SKIP] Execute-fault RIP=0x7ffe81438ad0 direct-stack-fallback -> 0x14235a237 (n=2424832)
[SKIP] Execute-fault RIP=0x7ffe81438ad0 direct-stack-fallback -> 0x14235a237 (n=2428928)
[SKIP] Execute-fault RIP=0x7ffe81438ad0 direct-stack-fallback -> 0x14235a237 (n=2433024)
[SKIP] Execute-fault RIP=0x7ffe81438ad0 direct-stack-fallback -> 0x14235a237 (n=2437120)
[SKIP] Execute-fault RIP=0x7ffe81438ad0 direct-stack-fallback -> 0x14235a237 (n=2441216)
[SKIP] Execute-fault RIP=0x7ffe81438ad0 direct-stack-fallback -> 0x14235a237 (n=2445312)
[SKIP] Execute-fault RIP=0x7ffe81438ad0 direct-stack-fallback -> 0x14235a237 (n=2449408)
[SKIP] Execute-fault RIP=0x7ffe81438ad0 direct-stack-fallback -> 0x14235a237 (n=2453504)
[SKIP] Execute-fault RIP=0x7ffe81438ad0 direct-stack-fallback -> 0x14235a237 (n=2457600)
[SKIP] Execute-fault RIP=0x7ffe81438ad0 direct-stack-fallback -> 0x14235a237 (n=2461696)
[SKIP] Execute-fault RIP=0x7ffe81438ad0 direct-stack-fallback -> 0x14235a237 (n=2465792)
[SKIP] Execute-fault RIP=0x7ffe81438ad0 direct-stack-fallback -> 0x14235a237 (n=2469888)
[SKIP] Execute-fault RIP=0x7ffe81438ad0 direct-stack-fallback -> 0x14235a237 (n=2473984)
[SKIP] Execute-fault RIP=0x7ffe81438ad0 direct-stack-fallback -> 0x14235a237 (n=2478080)
[SKIP] Execute-fault RIP=0x7ffe81438ad0 direct-stack-fallback -> 0x14235a237 (n=2482176)
[SKIP] Execute-fault RIP=0x7ffe81438ad0 direct-stack-fallback -> 0x14235a237 (n=2486272)
[SKIP] Execute-fault RIP=0x7ffe81438ad0 direct-stack-fallback -> 0x14235a237 (n=2490368)
[SKIP] Execute-fault RIP=0x7ffe81438ad0 direct-stack-fallback -> 0x14235a237 (n=2494464)
[SKIP] Execute-fault RIP=0x7ffe81438ad0 direct-stack-fallback -> 0x14235a237 (n=2498560)
[SKIP] Execute-fault RIP=0x7ffe81438ad0 direct-stack-fallback -> 0x14235a237 (n=2502656)
[SKIP] Execute-fault RIP=0x7ffe81438ad0 direct-stack-fallback -> 0x14235a237 (n=2506752)
[SKIP] Execute-fault RIP=0x7ffe81438ad0 direct-stack-fallback -> 0x14235a237 (n=2510848)
[SKIP] Execute-fault RIP=0x7ffe81438ad0 direct-stack-fallback -> 0x14235a237 (n=2514944)
[SKIP] Execute-fault RIP=0x7ffe81438ad0 direct-stack-fallback -> 0x14235a237 (n=2519040)
[SKIP] Execute-fault RIP=0x7ffe81438ad0 direct-stack-fallback -> 0x14235a237 (n=2523136)
[SKIP] Execute-fault RIP=0x7ffe81438ad0 direct-stack-fallback -> 0x14235a237 (n=2527232)
[SKIP] Execute-fault RIP=0x7ffe81438ad0 direct-stack-fallback -> 0x14235a237 (n=2531328)
[SKIP] Execute-fault RIP=0x7ffe81438ad0 direct-stack-fallback -> 0x14235a237 (n=2535424)
[SKIP] Execute-fault RIP=0x7ffe81438ad0 direct-stack-fallback -> 0x14235a237 (n=2539520)
[SKIP] Execute-fault RIP=0x7ffe81438ad0 direct-stack-fallback -> 0x14235a237 (n=2543616)
[SKIP] Execute-fault RIP=0x7ffe81438ad0 direct-stack-fallback -> 0x14235a237 (n=2547712)
[SKIP] Execute-fault RIP=0x7ffe81438ad0 direct-stack-fallback -> 0x14235a237 (n=2551808)
[SKIP] Execute-fault RIP=0x7ffe81438ad0 direct-stack-fallback -> 0x14235a237 (n=2555904)
[SKIP] Execute-fault RIP=0x7ffe81438ad0 direct-stack-fallback -> 0x14235a237 (n=2560000)
[SKIP] Execute-fault RIP=0x7ffe81438ad0 direct-stack-fallback -> 0x14235a237 (n=2564096)
[SKIP] Execute-fault RIP=0x7ffe81438ad0 direct-stack-fallback -> 0x14235a237 (n=2568192)
[SKIP] Execute-fault RIP=0x7ffe81438ad0 direct-stack-fallback -> 0x14235a237 (n=2572288)
[SKIP] Execute-fault RIP=0x7ffe81438ad0 direct-stack-fallback -> 0x14235a237 (n=2576384)
[SKIP] Execute-fault RIP=0x7ffe81438ad0 direct-stack-fallback -> 0x14235a237 (n=2580480)
[SKIP] Execute-fault RIP=0x7ffe81438ad0 direct-stack-fallback -> 0x14235a237 (n=2584576)
[SKIP] Execute-fault RIP=0x7ffe81438ad0 direct-stack-fallback -> 0x14235a237 (n=2588672)
[SKIP] Execute-fault RIP=0x7ffe81438ad0 direct-stack-fallback -> 0x14235a237 (n=2592768)
[SKIP] Execute-fault RIP=0x7ffe81438ad0 direct-stack-fallback -> 0x14235a237 (n=2596864)
[SKIP] Execute-fault RIP=0x7ffe81438ad0 direct-stack-fallback -> 0x14235a237 (n=2600960)
[SKIP] Execute-fault RIP=0x7ffe81438ad0 direct-stack-fallback -> 0x14235a237 (n=2605056)
[SKIP] Execute-fault RIP=0x7ffe81438ad0 direct-stack-fallback -> 0x14235a237 (n=2609152)
[SKIP] Execute-fault RIP=0x7ffe81438ad0 direct-stack-fallback -> 0x14235a237 (n=2613248)
[SKIP] Execute-fault RIP=0x7ffe81438ad0 direct-stack-fallback -> 0x14235a237 (n=2617344)
[SKIP] Execute-fault RIP=0x7ffe81438ad0 direct-stack-fallback -> 0x14235a237 (n=2621440)
[SKIP] Execute-fault RIP=0x7ffe81438ad0 direct-stack-fallback -> 0x14235a237 (n=2625536)
[SKIP] Execute-fault RIP=0x7ffe81438ad0 direct-stack-fallback -> 0x14235a237 (n=2629632)
[SKIP] Execute-fault RIP=0x7ffe81438ad0 direct-stack-fallback -> 0x14235a237 (n=2633728)
[SKIP] Execute-fault RIP=0x7ffe81438ad0 direct-stack-fallback -> 0x14235a237 (n=2637824)
[SKIP] Execute-fault RIP=0x7ffe81438ad0 direct-stack-fallback -> 0x14235a237 (n=2641920)
[SKIP] Execute-fault RIP=0x7ffe81438ad0 direct-stack-fallback -> 0x14235a237 (n=2646016)
[SKIP] Execute-fault RIP=0x7ffe81438ad0 direct-stack-fallback -> 0x14235a237 (n=2650112)
[SKIP] Execute-fault RIP=0x7ffe81438ad0 direct-stack-fallback -> 0x14235a237 (n=2654208)
[SKIP] Execute-fault RIP=0x7ffe81438ad0 direct-stack-fallback -> 0x14235a237 (n=2658304)
[SKIP] Execute-fault RIP=0x7ffe81438ad0 direct-stack-fallback -> 0x14235a237 (n=2662400)
[SKIP] Execute-fault RIP=0x7ffe81438ad0 direct-stack-fallback -> 0x14235a237 (n=2666496)
[SKIP] Execute-fault RIP=0x7ffe81438ad0 direct-stack-fallback -> 0x14235a237 (n=2670592)
[SKIP] Execute-fault RIP=0x7ffe81438ad0 direct-stack-fallback -> 0x14235a237 (n=2674688)
[SKIP] Execute-fault RIP=0x7ffe81438ad0 direct-stack-fallback -> 0x14235a237 (n=2678784)
[SKIP] Execute-fault RIP=0x7ffe81438ad0 direct-stack-fallback -> 0x14235a237 (n=2682880)
[SKIP] Execute-fault RIP=0x7ffe81438ad0 direct-stack-fallback -> 0x14235a237 (n=2686976)
[SKIP] Execute-fault RIP=0x7ffe81438ad0 direct-stack-fallback -> 0x14235a237 (n=2691072)
[SKIP] Execute-fault RIP=0x7ffe81438ad0 direct-stack-fallback -> 0x14235a237 (n=2695168)
[SKIP] Execute-fault RIP=0x7ffe81438ad0 direct-stack-fallback -> 0x14235a237 (n=2699264)
[SKIP] Execute-fault RIP=0x7ffe81438ad0 direct-stack-fallback -> 0x14235a237 (n=2703360)
[SKIP] Execute-fault RIP=0x7ffe81438ad0 direct-stack-fallback -> 0x14235a237 (n=2707456)
[SKIP] Execute-fault RIP=0x7ffe81438ad0 direct-stack-fallback -> 0x14235a237 (n=2711552)
[SKIP] Execute-fault RIP=0x7ffe81438ad0 direct-stack-fallback -> 0x14235a237 (n=2715648)
[SKIP] Execute-fault RIP=0x7ffe81438ad0 direct-stack-fallback -> 0x14235a237 (n=2719744)
[SKIP] Execute-fault RIP=0x7ffe81438ad0 direct-stack-fallback -> 0x14235a237 (n=2723840)
[SKIP] Execute-fault RIP=0x7ffe81438ad0 direct-stack-fallback -> 0x14235a237 (n=2727936)
[SKIP] Execute-fault RIP=0x7ffe81438ad0 direct-stack-fallback -> 0x14235a237 (n=2732032)
[SKIP] Execute-fault RIP=0x7ffe81438ad0 direct-stack-fallback -> 0x14235a237 (n=2736128)
[SKIP] Execute-fault RIP=0x7ffe81438ad0 direct-stack-fallback -> 0x14235a237 (n=2740224)
[SKIP] Execute-fault RIP=0x7ffe81438ad0 direct-stack-fallback -> 0x14235a237 (n=2744320)
[SKIP] Execute-fault RIP=0x7ffe81438ad0 direct-stack-fallback -> 0x14235a237 (n=2748416)
[SKIP] Execute-fault RIP=0x7ffe81438ad0 direct-stack-fallback -> 0x14235a237 (n=2752512)
[SKIP] Execute-fault RIP=0x7ffe81438ad0 direct-stack-fallback -> 0x14235a237 (n=2756608)
[SKIP] Execute-fault RIP=0x7ffe81438ad0 direct-stack-fallback -> 0x14235a237 (n=2760704)
[SKIP] Execute-fault RIP=0x7ffe81438ad0 direct-stack-fallback -> 0x14235a237 (n=2764800)
[SKIP] Execute-fault RIP=0x7ffe81438ad0 direct-stack-fallback -> 0x14235a237 (n=2768896)
[SKIP] Execute-fault RIP=0x7ffe81438ad0 direct-stack-fallback -> 0x14235a237 (n=2772992)
[SKIP] Execute-fault RIP=0x7ffe81438ad0 direct-stack-fallback -> 0x14235a237 (n=2777088)
[SKIP] Execute-fault RIP=0x7ffe81438ad0 direct-stack-fallback -> 0x14235a237 (n=2781184)
[SKIP] Execute-fault RIP=0x7ffe81438ad0 direct-stack-fallback -> 0x14235a237 (n=2785280)
[SKIP] Execute-fault RIP=0x7ffe81438ad0 direct-stack-fallback -> 0x14235a237 (n=2789376)
[SKIP] Execute-fault RIP=0x7ffe81438ad0 direct-stack-fallback -> 0x14235a237 (n=2793472)
[SKIP] Execute-fault RIP=0x7ffe81438ad0 direct-stack-fallback -> 0x14235a237 (n=2797568)
[SKIP] Execute-fault RIP=0x7ffe81438ad0 direct-stack-fallback -> 0x14235a237 (n=2801664)
[SKIP] Execute-fault RIP=0x7ffe81438ad0 direct-stack-fallback -> 0x14235a237 (n=2805760)
[SKIP] Execute-fault RIP=0x7ffe81438ad0 direct-stack-fallback -> 0x14235a237 (n=2809856)
[SKIP] Execute-fault RIP=0x7ffe81438ad0 direct-stack-fallback -> 0x14235a237 (n=2813952)
[SKIP] Execute-fault RIP=0x7ffe81438ad0 direct-stack-fallback -> 0x14235a237 (n=2818048)
[SKIP] Execute-fault RIP=0x7ffe81438ad0 direct-stack-fallback -> 0x14235a237 (n=2822144)
[SKIP] Execute-fault RIP=0x7ffe81438ad0 direct-stack-fallback -> 0x14235a237 (n=2826240)
[SKIP] Execute-fault RIP=0x7ffe81438ad0 direct-stack-fallback -> 0x14235a237 (n=2830336)
[SKIP] Execute-fault RIP=0x7ffe81438ad0 direct-stack-fallback -> 0x14235a237 (n=2834432)
[SKIP] Execute-fault RIP=0x7ffe81438ad0 direct-stack-fallback -> 0x14235a237 (n=2838528)
[SKIP] Execute-fault RIP=0x7ffe81438ad0 direct-stack-fallback -> 0x14235a237 (n=2842624)
[SKIP] Execute-fault RIP=0x7ffe81438ad0 direct-stack-fallback -> 0x14235a237 (n=2846720)
[SKIP] Execute-fault RIP=0x7ffe81438ad0 direct-stack-fallback -> 0x14235a237 (n=2850816)
[SKIP] Execute-fault RIP=0x7ffe81438ad0 direct-stack-fallback -> 0x14235a237 (n=2854912)
[SKIP] Execute-fault RIP=0x7ffe81438ad0 direct-stack-fallback -> 0x14235a237 (n=2859008)
[SKIP] Execute-fault RIP=0x7ffe81438ad0 direct-stack-fallback -> 0x14235a237 (n=2863104)
[SKIP] Execute-fault RIP=0x7ffe81438ad0 direct-stack-fallback -> 0x14235a237 (n=2867200)
[SKIP] Execute-fault RIP=0x7ffe81438ad0 direct-stack-fallback -> 0x14235a237 (n=2871296)
[SKIP] Execute-fault RIP=0x7ffe81438ad0 direct-stack-fallback -> 0x14235a237 (n=2875392)
[SKIP] Execute-fault RIP=0x7ffe81438ad0 direct-stack-fallback -> 0x14235a237 (n=2879488)
[SKIP] Execute-fault RIP=0x7ffe81438ad0 direct-stack-fallback -> 0x14235a237 (n=2883584)
[SKIP] Execute-fault RIP=0x7ffe81438ad0 direct-stack-fallback -> 0x14235a237 (n=2887680)
[SKIP] Execute-fault RIP=0x7ffe81438ad0 direct-stack-fallback -> 0x14235a237 (n=2891776)
[SKIP] Execute-fault RIP=0x7ffe81438ad0 direct-stack-fallback -> 0x14235a237 (n=2895872)
[SKIP] Execute-fault RIP=0x7ffe81438ad0 direct-stack-fallback -> 0x14235a237 (n=2899968)
[SKIP] Execute-fault RIP=0x7ffe81438ad0 direct-stack-fallback -> 0x14235a237 (n=2904064)
[SKIP] Execute-fault RIP=0x7ffe81438ad0 direct-stack-fallback -> 0x14235a237 (n=2908160)
[SKIP] Execute-fault RIP=0x7ffe81438ad0 direct-stack-fallback -> 0x14235a237 (n=2912256)
[SKIP] Execute-fault RIP=0x7ffe81438ad0 direct-stack-fallback -> 0x14235a237 (n=2916352)
[SKIP] Execute-fault RIP=0x7ffe81438ad0 direct-stack-fallback -> 0x14235a237 (n=2920448)
[SKIP] Execute-fault RIP=0x7ffe81438ad0 direct-stack-fallback -> 0x14235a237 (n=2924544)
[SKIP] Execute-fault RIP=0x7ffe81438ad0 direct-stack-fallback -> 0x14235a237 (n=2928640)
[SKIP] Execute-fault RIP=0x7ffe81438ad0 direct-stack-fallback -> 0x14235a237 (n=2932736)
[SKIP] Execute-fault RIP=0x7ffe81438ad0 direct-stack-fallback -> 0x14235a237 (n=2936832)
[SKIP] Execute-fault RIP=0x7ffe81438ad0 direct-stack-fallback -> 0x14235a237 (n=2940928)
[SKIP] Execute-fault RIP=0x7ffe81438ad0 direct-stack-fallback -> 0x14235a237 (n=2945024)
[SKIP] Execute-fault RIP=0x7ffe81438ad0 direct-stack-fallback -> 0x14235a237 (n=2949120)
[SKIP] Execute-fault RIP=0x7ffe81438ad0 direct-stack-fallback -> 0x14235a237 (n=2953216)
[SKIP] Execute-fault RIP=0x7ffe81438ad0 direct-stack-fallback -> 0x14235a237 (n=2957312)
[SKIP] Execute-fault RIP=0x7ffe81438ad0 direct-stack-fallback -> 0x14235a237 (n=2961408)
[SKIP] Execute-fault RIP=0x7ffe81438ad0 direct-stack-fallback -> 0x14235a237 (n=2965504)
[SKIP] Execute-fault RIP=0x7ffe81438ad0 direct-stack-fallback -> 0x14235a237 (n=2969600)
[SKIP] Execute-fault RIP=0x7ffe81438ad0 direct-stack-fallback -> 0x14235a237 (n=2973696)
[SKIP] Execute-fault RIP=0x7ffe81438ad0 direct-stack-fallback -> 0x14235a237 (n=2977792)
[SKIP] Execute-fault RIP=0x7ffe81438ad0 direct-stack-fallback -> 0x14235a237 (n=2981888)
[SKIP] Execute-fault RIP=0x7ffe81438ad0 direct-stack-fallback -> 0x14235a237 (n=2985984)
[SKIP] Execute-fault RIP=0x7ffe81438ad0 direct-stack-fallback -> 0x14235a237 (n=2990080)
[SKIP] Execute-fault RIP=0x7ffe81438ad0 direct-stack-fallback -> 0x14235a237 (n=2994176)
[SKIP] Execute-fault RIP=0x7ffe81438ad0 direct-stack-fallback -> 0x14235a237 (n=2998272)
[SKIP] Execute-fault RIP=0x7ffe81438ad0 direct-stack-fallback -> 0x14235a237 (n=3002368)
[SKIP] Execute-fault RIP=0x7ffe81438ad0 direct-stack-fallback -> 0x14235a237 (n=3006464)
[SKIP] Execute-fault RIP=0x7ffe81438ad0 direct-stack-fallback -> 0x14235a237 (n=3010560)
[SKIP] Execute-fault RIP=0x7ffe81438ad0 direct-stack-fallback -> 0x14235a237 (n=3014656)
[SKIP] Execute-fault RIP=0x7ffe81438ad0 direct-stack-fallback -> 0x14235a237 (n=3018752)
[SKIP] Execute-fault RIP=0x7ffe81438ad0 direct-stack-fallback -> 0x14235a237 (n=3022848)
[SKIP] Execute-fault RIP=0x7ffe81438ad0 direct-stack-fallback -> 0x14235a237 (n=3026944)
[SKIP] Execute-fault RIP=0x7ffe81438ad0 direct-stack-fallback -> 0x14235a237 (n=3031040)
[SKIP] Execute-fault RIP=0x7ffe81438ad0 direct-stack-fallback -> 0x14235a237 (n=3035136)
[SKIP] Execute-fault RIP=0x7ffe81438ad0 direct-stack-fallback -> 0x14235a237 (n=3039232)
[SKIP] Execute-fault RIP=0x7ffe81438ad0 direct-stack-fallback -> 0x14235a237 (n=3043328)
[SKIP] Execute-fault RIP=0x7ffe81438ad0 direct-stack-fallback -> 0x14235a237 (n=3047424)
[SKIP] Execute-fault RIP=0x7ffe81438ad0 direct-stack-fallback -> 0x14235a237 (n=3051520)
[SKIP] Execute-fault RIP=0x7ffe81438ad0 direct-stack-fallback -> 0x14235a237 (n=3055616)
[SKIP] Execute-fault RIP=0x7ffe81438ad0 direct-stack-fallback -> 0x14235a237 (n=3059712)
[SKIP] Execute-fault RIP=0x7ffe81438ad0 direct-stack-fallback -> 0x14235a237 (n=3063808)
[SKIP] Execute-fault RIP=0x7ffe81438ad0 direct-stack-fallback -> 0x14235a237 (n=3067904)
[SKIP] Execute-fault RIP=0x7ffe81438ad0 direct-stack-fallback -> 0x14235a237 (n=3072000)
[SKIP] Execute-fault RIP=0x7ffe81438ad0 direct-stack-fallback -> 0x14235a237 (n=3076096)
[SKIP] Execute-fault RIP=0x7ffe81438ad0 direct-stack-fallback -> 0x14235a237 (n=3080192)
[SKIP] Execute-fault RIP=0x7ffe81438ad0 direct-stack-fallback -> 0x14235a237 (n=3084288)
[SKIP] Execute-fault RIP=0x7ffe81438ad0 direct-stack-fallback -> 0x14235a237 (n=3088384)
[SKIP] Execute-fault RIP=0x7ffe81438ad0 direct-stack-fallback -> 0x14235a237 (n=3092480)
[SKIP] Execute-fault RIP=0x7ffe81438ad0 direct-stack-fallback -> 0x14235a237 (n=3096576)
[SKIP] Execute-fault RIP=0x7ffe81438ad0 direct-stack-fallback -> 0x14235a237 (n=3100672)
[SKIP] Execute-fault RIP=0x7ffe81438ad0 direct-stack-fallback -> 0x14235a237 (n=3104768)
[SKIP] Execute-fault RIP=0x7ffe81438ad0 direct-stack-fallback -> 0x14235a237 (n=3108864)
[SKIP] Execute-fault RIP=0x7ffe81438ad0 direct-stack-fallback -> 0x14235a237 (n=3112960)
[SKIP] Execute-fault RIP=0x7ffe81438ad0 direct-stack-fallback -> 0x14235a237 (n=3117056)
[SKIP] Execute-fault RIP=0x7ffe81438ad0 direct-stack-fallback -> 0x14235a237 (n=3121152)
[SKIP] Execute-fault RIP=0x7ffe81438ad0 direct-stack-fallback -> 0x14235a237 (n=3125248)
[SKIP] Execute-fault RIP=0x7ffe81438ad0 direct-stack-fallback -> 0x14235a237 (n=3129344)
[SKIP] Execute-fault RIP=0x7ffe81438ad0 direct-stack-fallback -> 0x14235a237 (n=3133440)
[SKIP] Execute-fault RIP=0x7ffe81438ad0 direct-stack-fallback -> 0x14235a237 (n=3137536)
[SKIP] Execute-fault RIP=0x7ffe81438ad0 direct-stack-fallback -> 0x14235a237 (n=3141632)
[SKIP] Execute-fault RIP=0x7ffe81438ad0 direct-stack-fallback -> 0x14235a237 (n=3145728)
[SKIP] Execute-fault RIP=0x7ffe81438ad0 direct-stack-fallback -> 0x14235a237 (n=3149824)
[SKIP] Execute-fault RIP=0x7ffe81438ad0 direct-stack-fallback -> 0x14235a237 (n=3153920)
[SKIP] Execute-fault RIP=0x7ffe81438ad0 direct-stack-fallback -> 0x14235a237 (n=3158016)
[SKIP] Execute-fault RIP=0x7ffe81438ad0 direct-stack-fallback -> 0x14235a237 (n=3162112)
[SKIP] Execute-fault RIP=0x7ffe81438ad0 direct-stack-fallback -> 0x14235a237 (n=3166208)
[SKIP] Execute-fault RIP=0x7ffe81438ad0 direct-stack-fallback -> 0x14235a237 (n=3170304)
[SKIP] Execute-fault RIP=0x7ffe81438ad0 direct-stack-fallback -> 0x14235a237 (n=3174400)
[SKIP] Execute-fault RIP=0x7ffe81438ad0 direct-stack-fallback -> 0x14235a237 (n=3178496)
[SKIP] Execute-fault RIP=0x7ffe81438ad0 direct-stack-fallback -> 0x14235a237 (n=3182592)
[SKIP] Execute-fault RIP=0x7ffe81438ad0 direct-stack-fallback -> 0x14235a237 (n=3186688)
[SKIP] Execute-fault RIP=0x7ffe81438ad0 direct-stack-fallback -> 0x14235a237 (n=3190784)
[SKIP] Execute-fault RIP=0x7ffe81438ad0 direct-stack-fallback -> 0x14235a237 (n=3194880)
[SKIP] Execute-fault RIP=0x7ffe81438ad0 direct-stack-fallback -> 0x14235a237 (n=3198976)
[SKIP] Execute-fault RIP=0x7ffe81438ad0 direct-stack-fallback -> 0x14235a237 (n=3203072)
[SKIP] Execute-fault RIP=0x7ffe81438ad0 direct-stack-fallback -> 0x14235a237 (n=3207168)
[SKIP] Execute-fault RIP=0x7ffe81438ad0 direct-stack-fallback -> 0x14235a237 (n=3211264)
[SKIP] Execute-fault RIP=0x7ffe81438ad0 direct-stack-fallback -> 0x14235a237 (n=3215360)
[SKIP] Execute-fault RIP=0x7ffe81438ad0 direct-stack-fallback -> 0x14235a237 (n=3219456)
[SKIP] Execute-fault RIP=0x7ffe81438ad0 direct-stack-fallback -> 0x14235a237 (n=3223552)
[SKIP] Execute-fault RIP=0x7ffe81438ad0 direct-stack-fallback -> 0x14235a237 (n=3227648)
[SKIP] Execute-fault RIP=0x7ffe81438ad0 direct-stack-fallback -> 0x14235a237 (n=3231744)
[SKIP] Execute-fault RIP=0x7ffe81438ad0 direct-stack-fallback -> 0x14235a237 (n=3235840)
[SKIP] Execute-fault RIP=0x7ffe81438ad0 direct-stack-fallback -> 0x14235a237 (n=3239936)
[SKIP] Execute-fault RIP=0x7ffe81438ad0 direct-stack-fallback -> 0x14235a237 (n=3244032)
[SKIP] Execute-fault RIP=0x7ffe81438ad0 direct-stack-fallback -> 0x14235a237 (n=3248128)
[SKIP] Execute-fault RIP=0x7ffe81438ad0 direct-stack-fallback -> 0x14235a237 (n=3252224)
[SKIP] Execute-fault RIP=0x7ffe81438ad0 direct-stack-fallback -> 0x14235a237 (n=3256320)
[SKIP] Execute-fault RIP=0x7ffe81438ad0 direct-stack-fallback -> 0x14235a237 (n=3260416)
[SKIP] Execute-fault RIP=0x7ffe81438ad0 direct-stack-fallback -> 0x14235a237 (n=3264512)
[SKIP] Execute-fault RIP=0x7ffe81438ad0 direct-stack-fallback -> 0x14235a237 (n=3268608)
[SKIP] Execute-fault RIP=0x7ffe81438ad0 direct-stack-fallback -> 0x14235a237 (n=3272704)
[SKIP] Execute-fault RIP=0x7ffe81438ad0 direct-stack-fallback -> 0x14235a237 (n=3276800)
[SKIP] Execute-fault RIP=0x7ffe81438ad0 direct-stack-fallback -> 0x14235a237 (n=3280896)
[SKIP] Execute-fault RIP=0x7ffe81438ad0 direct-stack-fallback -> 0x14235a237 (n=3284992)
[SKIP] Execute-fault RIP=0x7ffe81438ad0 direct-stack-fallback -> 0x14235a237 (n=3289088)
[SKIP] Execute-fault RIP=0x7ffe81438ad0 direct-stack-fallback -> 0x14235a237 (n=3293184)
[SKIP] Execute-fault RIP=0x7ffe81438ad0 direct-stack-fallback -> 0x14235a237 (n=3297280)
[SKIP] Execute-fault RIP=0x7ffe81438ad0 direct-stack-fallback -> 0x14235a237 (n=3301376)
[SKIP] Execute-fault RIP=0x7ffe81438ad0 direct-stack-fallback -> 0x14235a237 (n=3305472)
[SKIP] Execute-fault RIP=0x7ffe81438ad0 direct-stack-fallback -> 0x14235a237 (n=3309568)
[SKIP] Execute-fault RIP=0x7ffe81438ad0 direct-stack-fallback -> 0x14235a237 (n=3313664)
[SKIP] Execute-fault RIP=0x7ffe81438ad0 direct-stack-fallback -> 0x14235a237 (n=3317760)
[SKIP] Execute-fault RIP=0x7ffe81438ad0 direct-stack-fallback -> 0x14235a237 (n=3321856)
[SKIP] Execute-fault RIP=0x7ffe81438ad0 direct-stack-fallback -> 0x14235a237 (n=3325952)
[SKIP] Execute-fault RIP=0x7ffe81438ad0 direct-stack-fallback -> 0x14235a237 (n=3330048)
[SKIP] Execute-fault RIP=0x7ffe81438ad0 direct-stack-fallback -> 0x14235a237 (n=3334144)
[SKIP] Execute-fault RIP=0x7ffe81438ad0 direct-stack-fallback -> 0x14235a237 (n=3338240)
[SKIP] Execute-fault RIP=0x7ffe81438ad0 direct-stack-fallback -> 0x14235a237 (n=3342336)
[SKIP] Execute-fault RIP=0x7ffe81438ad0 direct-stack-fallback -> 0x14235a237 (n=3346432)
[SKIP] Execute-fault RIP=0x7ffe81438ad0 direct-stack-fallback -> 0x14235a237 (n=3350528)
[SKIP] Execute-fault RIP=0x7ffe81438ad0 direct-stack-fallback -> 0x14235a237 (n=3354624)
[SKIP] Execute-fault RIP=0x7ffe81438ad0 direct-stack-fallback -> 0x14235a237 (n=3358720)
[SKIP] Execute-fault RIP=0x7ffe81438ad0 direct-stack-fallback -> 0x14235a237 (n=3362816)
[SKIP] Execute-fault RIP=0x7ffe81438ad0 direct-stack-fallback -> 0x14235a237 (n=3366912)
[SKIP] Execute-fault RIP=0x7ffe81438ad0 direct-stack-fallback -> 0x14235a237 (n=3371008)
[SKIP] Execute-fault RIP=0x7ffe81438ad0 direct-stack-fallback -> 0x14235a237 (n=3375104)
[SKIP] Execute-fault RIP=0x7ffe81438ad0 direct-stack-fallback -> 0x14235a237 (n=3379200)
[SKIP] Execute-fault RIP=0x7ffe81438ad0 direct-stack-fallback -> 0x14235a237 (n=3383296)
[SKIP] Execute-fault RIP=0x7ffe81438ad0 direct-stack-fallback -> 0x14235a237 (n=3387392)
[SKIP] Execute-fault RIP=0x7ffe81438ad0 direct-stack-fallback -> 0x14235a237 (n=3391488)
[SKIP] Execute-fault RIP=0x7ffe81438ad0 direct-stack-fallback -> 0x14235a237 (n=3395584)
[SKIP] Execute-fault RIP=0x7ffe81438ad0 direct-stack-fallback -> 0x14235a237 (n=3399680)
[SKIP] Execute-fault RIP=0x7ffe81438ad0 direct-stack-fallback -> 0x14235a237 (n=3403776)
[SKIP] Execute-fault RIP=0x7ffe81438ad0 direct-stack-fallback -> 0x14235a237 (n=3407872)
[SKIP] Execute-fault RIP=0x7ffe81438ad0 direct-stack-fallback -> 0x14235a237 (n=3411968)
[SKIP] Execute-fault RIP=0x7ffe81438ad0 direct-stack-fallback -> 0x14235a237 (n=3416064)
[SKIP] Execute-fault RIP=0x7ffe81438ad0 direct-stack-fallback -> 0x14235a237 (n=3420160)
[SKIP] Execute-fault RIP=0x7ffe81438ad0 direct-stack-fallback -> 0x14235a237 (n=3424256)
[SKIP] Execute-fault RIP=0x7ffe81438ad0 direct-stack-fallback -> 0x14235a237 (n=3428352)
[SKIP] Execute-fault RIP=0x7ffe81438ad0 direct-stack-fallback -> 0x14235a237 (n=3432448)
[SKIP] Execute-fault RIP=0x7ffe81438ad0 direct-stack-fallback -> 0x14235a237 (n=3436544)
[SKIP] Execute-fault RIP=0x7ffe81438ad0 direct-stack-fallback -> 0x14235a237 (n=3440640)
[SKIP] Execute-fault RIP=0x7ffe81438ad0 direct-stack-fallback -> 0x14235a237 (n=3444736)
[SKIP] Execute-fault RIP=0x7ffe81438ad0 direct-stack-fallback -> 0x14235a237 (n=3448832)
[SKIP] Execute-fault RIP=0x7ffe81438ad0 direct-stack-fallback -> 0x14235a237 (n=3452928)
[SKIP] Execute-fault RIP=0x7ffe81438ad0 direct-stack-fallback -> 0x14235a237 (n=3457024)
[SKIP] Execute-fault RIP=0x7ffe81438ad0 direct-stack-fallback -> 0x14235a237 (n=3461120)
[SKIP] Execute-fault RIP=0x7ffe81438ad0 direct-stack-fallback -> 0x14235a237 (n=3465216)
[SKIP] Execute-fault RIP=0x7ffe81438ad0 direct-stack-fallback -> 0x14235a237 (n=3469312)
[SKIP] Execute-fault RIP=0x7ffe81438ad0 direct-stack-fallback -> 0x14235a237 (n=3473408)
[SKIP] Execute-fault RIP=0x7ffe81438ad0 direct-stack-fallback -> 0x14235a237 (n=3477504)
[SKIP] Execute-fault RIP=0x7ffe81438ad0 direct-stack-fallback -> 0x14235a237 (n=3481600)
[SKIP] Execute-fault RIP=0x7ffe81438ad0 direct-stack-fallback -> 0x14235a237 (n=3485696)
[SKIP] Execute-fault RIP=0x7ffe81438ad0 direct-stack-fallback -> 0x14235a237 (n=3489792)
[SKIP] Execute-fault RIP=0x7ffe81438ad0 direct-stack-fallback -> 0x14235a237 (n=3493888)
[SKIP] Execute-fault RIP=0x7ffe81438ad0 direct-stack-fallback -> 0x14235a237 (n=3497984)
[SKIP] Execute-fault RIP=0x7ffe81438ad0 direct-stack-fallback -> 0x14235a237 (n=3502080)
[SKIP] Execute-fault RIP=0x7ffe81438ad0 direct-stack-fallback -> 0x14235a237 (n=3506176)
[SKIP] Execute-fault RIP=0x7ffe81438ad0 direct-stack-fallback -> 0x14235a237 (n=3510272)
[SKIP] Execute-fault RIP=0x7ffe81438ad0 direct-stack-fallback -> 0x14235a237 (n=3514368)
[SKIP] Execute-fault RIP=0x7ffe81438ad0 direct-stack-fallback -> 0x14235a237 (n=3518464)
[SKIP] Execute-fault RIP=0x7ffe81438ad0 direct-stack-fallback -> 0x14235a237 (n=3522560)
[SKIP] Execute-fault RIP=0x7ffe81438ad0 direct-stack-fallback -> 0x14235a237 (n=3526656)
[SKIP] Execute-fault RIP=0x7ffe81438ad0 direct-stack-fallback -> 0x14235a237 (n=3530752)
[SKIP] Execute-fault RIP=0x7ffe81438ad0 direct-stack-fallback -> 0x14235a237 (n=3534848)
[SKIP] Execute-fault RIP=0x7ffe81438ad0 direct-stack-fallback -> 0x14235a237 (n=3538944)
[SKIP] Execute-fault RIP=0x7ffe81438ad0 direct-stack-fallback -> 0x14235a237 (n=3543040)
[SKIP] Execute-fault RIP=0x7ffe81438ad0 direct-stack-fallback -> 0x14235a237 (n=3547136)
[SKIP] Execute-fault RIP=0x7ffe81438ad0 direct-stack-fallback -> 0x14235a237 (n=3551232)
[SKIP] Execute-fault RIP=0x7ffe81438ad0 direct-stack-fallback -> 0x14235a237 (n=3555328)
[SKIP] Execute-fault RIP=0x7ffe81438ad0 direct-stack-fallback -> 0x14235a237 (n=3559424)
[SKIP] Execute-fault RIP=0x7ffe81438ad0 direct-stack-fallback -> 0x14235a237 (n=3563520)
[SKIP] Execute-fault RIP=0x7ffe81438ad0 direct-stack-fallback -> 0x14235a237 (n=3567616)
[SKIP] Execute-fault RIP=0x7ffe81438ad0 direct-stack-fallback -> 0x14235a237 (n=3571712)
[SKIP] Execute-fault RIP=0x7ffe81438ad0 direct-stack-fallback -> 0x14235a237 (n=3575808)
[SKIP] Execute-fault RIP=0x7ffe81438ad0 direct-stack-fallback -> 0x14235a237 (n=3579904)
[SKIP] Execute-fault RIP=0x7ffe81438ad0 direct-stack-fallback -> 0x14235a237 (n=3584000)
[SKIP] Execute-fault RIP=0x7ffe81438ad0 direct-stack-fallback -> 0x14235a237 (n=3588096)
[SKIP] Execute-fault RIP=0x7ffe81438ad0 direct-stack-fallback -> 0x14235a237 (n=3592192)
[SKIP] Execute-fault RIP=0x7ffe81438ad0 direct-stack-fallback -> 0x14235a237 (n=3596288)
[SKIP] Execute-fault RIP=0x7ffe81438ad0 direct-stack-fallback -> 0x14235a237 (n=3600384)
[SKIP] Execute-fault RIP=0x7ffe81438ad0 direct-stack-fallback -> 0x14235a237 (n=3604480)
[SKIP] Execute-fault RIP=0x7ffe81438ad0 direct-stack-fallback -> 0x14235a237 (n=3608576)
[SKIP] Execute-fault RIP=0x7ffe81438ad0 direct-stack-fallback -> 0x14235a237 (n=3612672)
[SKIP] Execute-fault RIP=0x7ffe81438ad0 direct-stack-fallback -> 0x14235a237 (n=3616768)
[SKIP] Execute-fault RIP=0x7ffe81438ad0 direct-stack-fallback -> 0x14235a237 (n=3620864)
[SKIP] Execute-fault RIP=0x7ffe81438ad0 direct-stack-fallback -> 0x14235a237 (n=3624960)
[SKIP] Execute-fault RIP=0x7ffe81438ad0 direct-stack-fallback -> 0x14235a237 (n=3629056)
[SKIP] Execute-fault RIP=0x7ffe81438ad0 direct-stack-fallback -> 0x14235a237 (n=3633152)
[SKIP] Execute-fault RIP=0x7ffe81438ad0 direct-stack-fallback -> 0x14235a237 (n=3637248)
[SKIP] Execute-fault RIP=0x7ffe81438ad0 direct-stack-fallback -> 0x14235a237 (n=3641344)
[SKIP] Execute-fault RIP=0x7ffe81438ad0 direct-stack-fallback -> 0x14235a237 (n=3645440)
[SKIP] Execute-fault RIP=0x7ffe81438ad0 direct-stack-fallback -> 0x14235a237 (n=3649536)
[SKIP] Execute-fault RIP=0x7ffe81438ad0 direct-stack-fallback -> 0x14235a237 (n=3653632)
[SKIP] Execute-fault RIP=0x7ffe81438ad0 direct-stack-fallback -> 0x14235a237 (n=3657728)
[SKIP] Execute-fault RIP=0x7ffe81438ad0 direct-stack-fallback -> 0x14235a237 (n=3661824)
[SKIP] Execute-fault RIP=0x7ffe81438ad0 direct-stack-fallback -> 0x14235a237 (n=3665920)
[SKIP] Execute-fault RIP=0x7ffe81438ad0 direct-stack-fallback -> 0x14235a237 (n=3670016)
[SKIP] Execute-fault RIP=0x7ffe81438ad0 direct-stack-fallback -> 0x14235a237 (n=3674112)
[SKIP] Execute-fault RIP=0x7ffe81438ad0 direct-stack-fallback -> 0x14235a237 (n=3678208)
[SKIP] Execute-fault RIP=0x7ffe81438ad0 direct-stack-fallback -> 0x14235a237 (n=3682304)
[SKIP] Execute-fault RIP=0x7ffe81438ad0 direct-stack-fallback -> 0x14235a237 (n=3686400)
[SKIP] Execute-fault RIP=0x7ffe81438ad0 direct-stack-fallback -> 0x14235a237 (n=3690496)
[SKIP] Execute-fault RIP=0x7ffe81438ad0 direct-stack-fallback -> 0x14235a237 (n=3694592)
[SKIP] Execute-fault RIP=0x7ffe81438ad0 direct-stack-fallback -> 0x14235a237 (n=3698688)
[SKIP] Execute-fault RIP=0x7ffe81438ad0 direct-stack-fallback -> 0x14235a237 (n=3702784)
[SKIP] Execute-fault RIP=0x7ffe81438ad0 direct-stack-fallback -> 0x14235a237 (n=3706880)
[SKIP] Execute-fault RIP=0x7ffe81438ad0 direct-stack-fallback -> 0x14235a237 (n=3710976)
[SKIP] Execute-fault RIP=0x7ffe81438ad0 direct-stack-fallback -> 0x14235a237 (n=3715072)
[SKIP] Execute-fault RIP=0x7ffe81438ad0 direct-stack-fallback -> 0x14235a237 (n=3719168)
[SKIP] Execute-fault RIP=0x7ffe81438ad0 direct-stack-fallback -> 0x14235a237 (n=3723264)
[SKIP] Execute-fault RIP=0x7ffe81438ad0 direct-stack-fallback -> 0x14235a237 (n=3727360)
[SKIP] Execute-fault RIP=0x7ffe81438ad0 direct-stack-fallback -> 0x14235a237 (n=3731456)
[SKIP] Execute-fault RIP=0x7ffe81438ad0 direct-stack-fallback -> 0x14235a237 (n=3735552)
[SKIP] Execute-fault RIP=0x7ffe81438ad0 direct-stack-fallback -> 0x14235a237 (n=3739648)
[SKIP] Execute-fault RIP=0x7ffe81438ad0 direct-stack-fallback -> 0x14235a237 (n=3743744)
[SKIP] Execute-fault RIP=0x7ffe81438ad0 direct-stack-fallback -> 0x14235a237 (n=3747840)
[SKIP] Execute-fault RIP=0x7ffe81438ad0 direct-stack-fallback -> 0x14235a237 (n=3751936)
[SKIP] Execute-fault RIP=0x7ffe81438ad0 direct-stack-fallback -> 0x14235a237 (n=3756032)
[SKIP] Execute-fault RIP=0x7ffe81438ad0 direct-stack-fallback -> 0x14235a237 (n=3760128)
[SKIP] Execute-fault RIP=0x7ffe81438ad0 direct-stack-fallback -> 0x14235a237 (n=3764224)
[SKIP] Execute-fault RIP=0x7ffe81438ad0 direct-stack-fallback -> 0x14235a237 (n=3768320)
[SKIP] Execute-fault RIP=0x7ffe81438ad0 direct-stack-fallback -> 0x14235a237 (n=3772416)
[SKIP] Execute-fault RIP=0x7ffe81438ad0 direct-stack-fallback -> 0x14235a237 (n=3776512)
[SKIP] Execute-fault RIP=0x7ffe81438ad0 direct-stack-fallback -> 0x14235a237 (n=3780608)
[SKIP] Execute-fault RIP=0x7ffe81438ad0 direct-stack-fallback -> 0x14235a237 (n=3784704)
[SKIP] Execute-fault RIP=0x7ffe81438ad0 direct-stack-fallback -> 0x14235a237 (n=3788800)
[SKIP] Execute-fault RIP=0x7ffe81438ad0 direct-stack-fallback -> 0x14235a237 (n=3792896)
[SKIP] Execute-fault RIP=0x7ffe81438ad0 direct-stack-fallback -> 0x14235a237 (n=3796992)
[SKIP] Execute-fault RIP=0x7ffe81438ad0 direct-stack-fallback -> 0x14235a237 (n=3801088)
[SKIP] Execute-fault RIP=0x7ffe81438ad0 direct-stack-fallback -> 0x14235a237 (n=3805184)
[SKIP] Execute-fault RIP=0x7ffe81438ad0 direct-stack-fallback -> 0x14235a237 (n=3809280)
[SKIP] Execute-fault RIP=0x7ffe81438ad0 direct-stack-fallback -> 0x14235a237 (n=3813376)
[SKIP] Execute-fault RIP=0x7ffe81438ad0 direct-stack-fallback -> 0x14235a237 (n=3817472)
[SKIP] Execute-fault RIP=0x7ffe81438ad0 direct-stack-fallback -> 0x14235a237 (n=3821568)
[SKIP] Execute-fault RIP=0x7ffe81438ad0 direct-stack-fallback -> 0x14235a237 (n=3825664)
[SKIP] Execute-fault RIP=0x7ffe81438ad0 direct-stack-fallback -> 0x14235a237 (n=3829760)
[SKIP] Execute-fault RIP=0x7ffe81438ad0 direct-stack-fallback -> 0x14235a237 (n=3833856)
[SKIP] Execute-fault RIP=0x7ffe81438ad0 direct-stack-fallback -> 0x14235a237 (n=3837952)
[SKIP] Execute-fault RIP=0x7ffe81438ad0 direct-stack-fallback -> 0x14235a237 (n=3842048)
[SKIP] Execute-fault RIP=0x7ffe81438ad0 direct-stack-fallback -> 0x14235a237 (n=3846144)
[SKIP] Execute-fault RIP=0x7ffe81438ad0 direct-stack-fallback -> 0x14235a237 (n=3850240)
[SKIP] Execute-fault RIP=0x7ffe81438ad0 direct-stack-fallback -> 0x14235a237 (n=3854336)
[SKIP] Execute-fault RIP=0x7ffe81438ad0 direct-stack-fallback -> 0x14235a237 (n=3858432)
[SKIP] Execute-fault RIP=0x7ffe81438ad0 direct-stack-fallback -> 0x14235a237 (n=3862528)
[SKIP] Execute-fault RIP=0x7ffe81438ad0 direct-stack-fallback -> 0x14235a237 (n=3866624)
[SKIP] Execute-fault RIP=0x7ffe81438ad0 direct-stack-fallback -> 0x14235a237 (n=3870720)
[SKIP] Execute-fault RIP=0x7ffe81438ad0 direct-stack-fallback -> 0x14235a237 (n=3874816)
[SKIP] Execute-fault RIP=0x7ffe81438ad0 direct-stack-fallback -> 0x14235a237 (n=3878912)
[SKIP] Execute-fault RIP=0x7ffe81438ad0 direct-stack-fallback -> 0x14235a237 (n=3883008)
[SKIP] Execute-fault RIP=0x7ffe81438ad0 direct-stack-fallback -> 0x14235a237 (n=3887104)
[SKIP] Execute-fault RIP=0x7ffe81438ad0 direct-stack-fallback -> 0x14235a237 (n=3891200)
[SKIP] Execute-fault RIP=0x7ffe81438ad0 direct-stack-fallback -> 0x14235a237 (n=3895296)
[SKIP] Execute-fault RIP=0x7ffe81438ad0 direct-stack-fallback -> 0x14235a237 (n=3899392)
[SKIP] Execute-fault RIP=0x7ffe81438ad0 direct-stack-fallback -> 0x14235a237 (n=3903488)
[SKIP] Execute-fault RIP=0x7ffe81438ad0 direct-stack-fallback -> 0x14235a237 (n=3907584)
[SKIP] Execute-fault RIP=0x7ffe81438ad0 direct-stack-fallback -> 0x14235a237 (n=3911680)
[SKIP] Execute-fault RIP=0x7ffe81438ad0 direct-stack-fallback -> 0x14235a237 (n=3915776)
[SKIP] Execute-fault RIP=0x7ffe81438ad0 direct-stack-fallback -> 0x14235a237 (n=3919872)
[SKIP] Execute-fault RIP=0x7ffe81438ad0 direct-stack-fallback -> 0x14235a237 (n=3923968)
[SKIP] Execute-fault RIP=0x7ffe81438ad0 direct-stack-fallback -> 0x14235a237 (n=3928064)
[SKIP] Execute-fault RIP=0x7ffe81438ad0 direct-stack-fallback -> 0x14235a237 (n=3932160)
[SKIP] Execute-fault RIP=0x7ffe81438ad0 direct-stack-fallback -> 0x14235a237 (n=3936256)
[SKIP] Execute-fault RIP=0x7ffe81438ad0 direct-stack-fallback -> 0x14235a237 (n=3940352)
[SKIP] Execute-fault RIP=0x7ffe81438ad0 direct-stack-fallback -> 0x14235a237 (n=3944448)
[SKIP] Execute-fault RIP=0x7ffe81438ad0 direct-stack-fallback -> 0x14235a237 (n=3948544)
[SKIP] Execute-fault RIP=0x7ffe81438ad0 direct-stack-fallback -> 0x14235a237 (n=3952640)
[SKIP] Execute-fault RIP=0x7ffe81438ad0 direct-stack-fallback -> 0x14235a237 (n=3956736)
[SKIP] Execute-fault RIP=0x7ffe81438ad0 direct-stack-fallback -> 0x14235a237 (n=3960832)
[SKIP] Execute-fault RIP=0x7ffe81438ad0 direct-stack-fallback -> 0x14235a237 (n=3964928)
[SKIP] Execute-fault RIP=0x7ffe81438ad0 direct-stack-fallback -> 0x14235a237 (n=3969024)
[SKIP] Execute-fault RIP=0x7ffe81438ad0 direct-stack-fallback -> 0x14235a237 (n=3973120)
[SKIP] Execute-fault RIP=0x7ffe81438ad0 direct-stack-fallback -> 0x14235a237 (n=3977216)
[SKIP] Execute-fault RIP=0x7ffe81438ad0 direct-stack-fallback -> 0x14235a237 (n=3981312)
[SKIP] Execute-fault RIP=0x7ffe81438ad0 direct-stack-fallback -> 0x14235a237 (n=3985408)
[SKIP] Execute-fault RIP=0x7ffe81438ad0 direct-stack-fallback -> 0x14235a237 (n=3989504)
[SKIP] Execute-fault RIP=0x7ffe81438ad0 direct-stack-fallback -> 0x14235a237 (n=3993600)
[SKIP] Execute-fault RIP=0x7ffe81438ad0 direct-stack-fallback -> 0x14235a237 (n=3997696)
[SKIP] Execute-fault RIP=0x7ffe81438ad0 direct-stack-fallback -> 0x14235a237 (n=4001792)
[SKIP] Execute-fault RIP=0x7ffe81438ad0 direct-stack-fallback -> 0x14235a237 (n=4005888)
[SKIP] Execute-fault RIP=0x7ffe81438ad0 direct-stack-fallback -> 0x14235a237 (n=4009984)
[SKIP] Execute-fault RIP=0x7ffe81438ad0 direct-stack-fallback -> 0x14235a237 (n=4014080)
[SKIP] Execute-fault RIP=0x7ffe81438ad0 direct-stack-fallback -> 0x14235a237 (n=4018176)
[SKIP] Execute-fault RIP=0x7ffe81438ad0 direct-stack-fallback -> 0x14235a237 (n=4022272)
[SKIP] Execute-fault RIP=0x7ffe81438ad0 direct-stack-fallback -> 0x14235a237 (n=4026368)
[SKIP] Execute-fault RIP=0x7ffe81438ad0 direct-stack-fallback -> 0x14235a237 (n=4030464)
[SKIP] Execute-fault RIP=0x7ffe81438ad0 direct-stack-fallback -> 0x14235a237 (n=4034560)
[SKIP] Execute-fault RIP=0x7ffe81438ad0 direct-stack-fallback -> 0x14235a237 (n=4038656)
[SKIP] Execute-fault RIP=0x7ffe81438ad0 direct-stack-fallback -> 0x14235a237 (n=4042752)
[SKIP] Execute-fault RIP=0x7ffe81438ad0 direct-stack-fallback -> 0x14235a237 (n=4046848)
[SKIP] Execute-fault RIP=0x7ffe81438ad0 direct-stack-fallback -> 0x14235a237 (n=4050944)
[SKIP] Execute-fault RIP=0x7ffe81438ad0 direct-stack-fallback -> 0x14235a237 (n=4055040)
[SKIP] Execute-fault RIP=0x7ffe81438ad0 direct-stack-fallback -> 0x14235a237 (n=4059136)
[SKIP] Execute-fault RIP=0x7ffe81438ad0 direct-stack-fallback -> 0x14235a237 (n=4063232)
[SKIP] Execute-fault RIP=0x7ffe81438ad0 direct-stack-fallback -> 0x14235a237 (n=4067328)
[SKIP] Execute-fault RIP=0x7ffe81438ad0 direct-stack-fallback -> 0x14235a237 (n=4071424)
[SKIP] Execute-fault RIP=0x7ffe81438ad0 direct-stack-fallback -> 0x14235a237 (n=4075520)
[SKIP] Execute-fault RIP=0x7ffe81438ad0 direct-stack-fallback -> 0x14235a237 (n=4079616)
[SKIP] Execute-fault RIP=0x7ffe81438ad0 direct-stack-fallback -> 0x14235a237 (n=4083712)
[SKIP] Execute-fault RIP=0x7ffe81438ad0 direct-stack-fallback -> 0x14235a237 (n=4087808)
[SKIP] Execute-fault RIP=0x7ffe81438ad0 direct-stack-fallback -> 0x14235a237 (n=4091904)
[SKIP] Execute-fault RIP=0x7ffe81438ad0 direct-stack-fallback -> 0x14235a237 (n=4096000)
[SKIP] Execute-fault RIP=0x7ffe81438ad0 direct-stack-fallback -> 0x14235a237 (n=4100096)
[SKIP] Execute-fault RIP=0x7ffe81438ad0 direct-stack-fallback -> 0x14235a237 (n=4104192)
[SKIP] Execute-fault RIP=0x7ffe81438ad0 direct-stack-fallback -> 0x14235a237 (n=4108288)
[SKIP] Execute-fault RIP=0x7ffe81438ad0 direct-stack-fallback -> 0x14235a237 (n=4112384)
[SKIP] Execute-fault RIP=0x7ffe81438ad0 direct-stack-fallback -> 0x14235a237 (n=4116480)
[SKIP] Execute-fault RIP=0x7ffe81438ad0 direct-stack-fallback -> 0x14235a237 (n=4120576)
[SKIP] Execute-fault RIP=0x7ffe81438ad0 direct-stack-fallback -> 0x14235a237 (n=4124672)
[SKIP] Execute-fault RIP=0x7ffe81438ad0 direct-stack-fallback -> 0x14235a237 (n=4128768)
[SKIP] Execute-fault RIP=0x7ffe81438ad0 direct-stack-fallback -> 0x14235a237 (n=4132864)
[SKIP] Execute-fault RIP=0x7ffe81438ad0 direct-stack-fallback -> 0x14235a237 (n=4136960)
[SKIP] Execute-fault RIP=0x7ffe81438ad0 direct-stack-fallback -> 0x14235a237 (n=4141056)
[SKIP] Execute-fault RIP=0x7ffe81438ad0 direct-stack-fallback -> 0x14235a237 (n=4145152)
[SKIP] Execute-fault RIP=0x7ffe81438ad0 direct-stack-fallback -> 0x14235a237 (n=4149248)
[SKIP] Execute-fault RIP=0x7ffe81438ad0 direct-stack-fallback -> 0x14235a237 (n=4153344)
[SKIP] Execute-fault RIP=0x7ffe81438ad0 direct-stack-fallback -> 0x14235a237 (n=4157440)
[SKIP] Execute-fault RIP=0x7ffe81438ad0 direct-stack-fallback -> 0x14235a237 (n=4161536)
[SKIP] Execute-fault RIP=0x7ffe81438ad0 direct-stack-fallback -> 0x14235a237 (n=4165632)
[SKIP] Execute-fault RIP=0x7ffe81438ad0 direct-stack-fallback -> 0x14235a237 (n=4169728)
[SKIP] Execute-fault RIP=0x7ffe81438ad0 direct-stack-fallback -> 0x14235a237 (n=4173824)
[SKIP] Execute-fault RIP=0x7ffe81438ad0 direct-stack-fallback -> 0x14235a237 (n=4177920)
[SKIP] Execute-fault RIP=0x7ffe81438ad0 direct-stack-fallback -> 0x14235a237 (n=4182016)
[SKIP] Execute-fault RIP=0x7ffe81438ad0 direct-stack-fallback -> 0x14235a237 (n=4186112)
[SKIP] Execute-fault RIP=0x7ffe81438ad0 direct-stack-fallback -> 0x14235a237 (n=4190208)
[SKIP] Execute-fault RIP=0x7ffe81438ad0 direct-stack-fallback -> 0x14235a237 (n=4194304)
[SKIP] Execute-fault RIP=0x7ffe81438ad0 direct-stack-fallback -> 0x14235a237 (n=4198400)
[SKIP] Execute-fault RIP=0x7ffe81438ad0 direct-stack-fallback -> 0x14235a237 (n=4202496)
[SKIP] Execute-fault RIP=0x7ffe81438ad0 direct-stack-fallback -> 0x14235a237 (n=4206592)
[SKIP] Execute-fault RIP=0x7ffe81438ad0 direct-stack-fallback -> 0x14235a237 (n=4210688)
[SKIP] Execute-fault RIP=0x7ffe81438ad0 direct-stack-fallback -> 0x14235a237 (n=4214784)
[SKIP] Execute-fault RIP=0x7ffe81438ad0 direct-stack-fallback -> 0x14235a237 (n=4218880)
[SKIP] Execute-fault RIP=0x7ffe81438ad0 direct-stack-fallback -> 0x14235a237 (n=4222976)
[SKIP] Execute-fault RIP=0x7ffe81438ad0 direct-stack-fallback -> 0x14235a237 (n=4227072)
[SKIP] Execute-fault RIP=0x7ffe81438ad0 direct-stack-fallback -> 0x14235a237 (n=4231168)
[SKIP] Execute-fault RIP=0x7ffe81438ad0 direct-stack-fallback -> 0x14235a237 (n=4235264)
[SKIP] Execute-fault RIP=0x7ffe81438ad0 direct-stack-fallback -> 0x14235a237 (n=4239360)
[SKIP] Execute-fault RIP=0x7ffe81438ad0 direct-stack-fallback -> 0x14235a237 (n=4243456)
[SKIP] Execute-fault RIP=0x7ffe81438ad0 direct-stack-fallback -> 0x14235a237 (n=4247552)
[SKIP] Execute-fault RIP=0x7ffe81438ad0 direct-stack-fallback -> 0x14235a237 (n=4251648)
[SKIP] Execute-fault RIP=0x7ffe81438ad0 direct-stack-fallback -> 0x14235a237 (n=4255744)
[SKIP] Execute-fault RIP=0x7ffe81438ad0 direct-stack-fallback -> 0x14235a237 (n=4259840)
[SKIP] Execute-fault RIP=0x7ffe81438ad0 direct-stack-fallback -> 0x14235a237 (n=4263936)
[SKIP] Execute-fault RIP=0x7ffe81438ad0 direct-stack-fallback -> 0x14235a237 (n=4268032)
[SKIP] Execute-fault RIP=0x7ffe81438ad0 direct-stack-fallback -> 0x14235a237 (n=4272128)
[SKIP] Execute-fault RIP=0x7ffe81438ad0 direct-stack-fallback -> 0x14235a237 (n=4276224)
[SKIP] Execute-fault RIP=0x7ffe81438ad0 direct-stack-fallback -> 0x14235a237 (n=4280320)
[SKIP] Execute-fault RIP=0x7ffe81438ad0 direct-stack-fallback -> 0x14235a237 (n=4284416)
[SKIP] Execute-fault RIP=0x7ffe81438ad0 direct-stack-fallback -> 0x14235a237 (n=4288512)
[SKIP] Execute-fault RIP=0x7ffe81438ad0 direct-stack-fallback -> 0x14235a237 (n=4292608)
[SKIP] Execute-fault RIP=0x7ffe81438ad0 direct-stack-fallback -> 0x14235a237 (n=4296704)
[SKIP] Execute-fault RIP=0x7ffe81438ad0 direct-stack-fallback -> 0x14235a237 (n=4300800)
[SKIP] Execute-fault RIP=0x7ffe81438ad0 direct-stack-fallback -> 0x14235a237 (n=4304896)
[SKIP] Execute-fault RIP=0x7ffe81438ad0 direct-stack-fallback -> 0x14235a237 (n=4308992)
[SKIP] Execute-fault RIP=0x7ffe81438ad0 direct-stack-fallback -> 0x14235a237 (n=4313088)
[SKIP] Execute-fault RIP=0x7ffe81438ad0 direct-stack-fallback -> 0x14235a237 (n=4317184)
[SKIP] Execute-fault RIP=0x7ffe81438ad0 direct-stack-fallback -> 0x14235a237 (n=4321280)
[SKIP] Execute-fault RIP=0x7ffe81438ad0 direct-stack-fallback -> 0x14235a237 (n=4325376)
[SKIP] Execute-fault RIP=0x7ffe81438ad0 direct-stack-fallback -> 0x14235a237 (n=4329472)
[SKIP] Execute-fault RIP=0x7ffe81438ad0 direct-stack-fallback -> 0x14235a237 (n=4333568)
[SKIP] Execute-fault RIP=0x7ffe81438ad0 direct-stack-fallback -> 0x14235a237 (n=4337664)
[SKIP] Execute-fault RIP=0x7ffe81438ad0 direct-stack-fallback -> 0x14235a237 (n=4341760)
[SKIP] Execute-fault RIP=0x7ffe81438ad0 direct-stack-fallback -> 0x14235a237 (n=4345856)
[SKIP] Execute-fault RIP=0x7ffe81438ad0 direct-stack-fallback -> 0x14235a237 (n=4349952)
[SKIP] Execute-fault RIP=0x7ffe81438ad0 direct-stack-fallback -> 0x14235a237 (n=4354048)
[SKIP] Execute-fault RIP=0x7ffe81438ad0 direct-stack-fallback -> 0x14235a237 (n=4358144)
[SKIP] Execute-fault RIP=0x7ffe81438ad0 direct-stack-fallback -> 0x14235a237 (n=4362240)
[SKIP] Execute-fault RIP=0x7ffe81438ad0 direct-stack-fallback -> 0x14235a237 (n=4366336)
[SKIP] Execute-fault RIP=0x7ffe81438ad0 direct-stack-fallback -> 0x14235a237 (n=4370432)
[SKIP] Execute-fault RIP=0x7ffe81438ad0 direct-stack-fallback -> 0x14235a237 (n=4374528)
[SKIP] Execute-fault RIP=0x7ffe81438ad0 direct-stack-fallback -> 0x14235a237 (n=4378624)
[SKIP] Execute-fault RIP=0x7ffe81438ad0 direct-stack-fallback -> 0x14235a237 (n=4382720)
[SKIP] Execute-fault RIP=0x7ffe81438ad0 direct-stack-fallback -> 0x14235a237 (n=4386816)
[SKIP] Execute-fault RIP=0x7ffe81438ad0 direct-stack-fallback -> 0x14235a237 (n=4390912)
[SKIP] Execute-fault RIP=0x7ffe81438ad0 direct-stack-fallback -> 0x14235a237 (n=4395008)
[SKIP] Execute-fault RIP=0x7ffe81438ad0 direct-stack-fallback -> 0x14235a237 (n=4399104)
[SKIP] Execute-fault RIP=0x7ffe81438ad0 direct-stack-fallback -> 0x14235a237 (n=4403200)
[SKIP] Execute-fault RIP=0x7ffe81438ad0 direct-stack-fallback -> 0x14235a237 (n=4407296)
[SKIP] Execute-fault RIP=0x7ffe81438ad0 direct-stack-fallback -> 0x14235a237 (n=4411392)
[SKIP] Execute-fault RIP=0x7ffe81438ad0 direct-stack-fallback -> 0x14235a237 (n=4415488)
[SKIP] Execute-fault RIP=0x7ffe81438ad0 direct-stack-fallback -> 0x14235a237 (n=4419584)
[SKIP] Execute-fault RIP=0x7ffe81438ad0 direct-stack-fallback -> 0x14235a237 (n=4423680)
[SKIP] Execute-fault RIP=0x7ffe81438ad0 direct-stack-fallback -> 0x14235a237 (n=4427776)
[SKIP] Execute-fault RIP=0x7ffe81438ad0 direct-stack-fallback -> 0x14235a237 (n=4431872)
[SKIP] Execute-fault RIP=0x7ffe81438ad0 direct-stack-fallback -> 0x14235a237 (n=4435968)
[SKIP] Execute-fault RIP=0x7ffe81438ad0 direct-stack-fallback -> 0x14235a237 (n=4440064)
[SKIP] Execute-fault RIP=0x7ffe81438ad0 direct-stack-fallback -> 0x14235a237 (n=4444160)
[SKIP] Execute-fault RIP=0x7ffe81438ad0 direct-stack-fallback -> 0x14235a237 (n=4448256)
[SKIP] Execute-fault RIP=0x7ffe81438ad0 direct-stack-fallback -> 0x14235a237 (n=4452352)
[SKIP] Execute-fault RIP=0x7ffe81438ad0 direct-stack-fallback -> 0x14235a237 (n=4456448)
[SKIP] Execute-fault RIP=0x7ffe81438ad0 direct-stack-fallback -> 0x14235a237 (n=4460544)
[SKIP] Execute-fault RIP=0x7ffe81438ad0 direct-stack-fallback -> 0x14235a237 (n=4464640)
[SKIP] Execute-fault RIP=0x7ffe81438ad0 direct-stack-fallback -> 0x14235a237 (n=4468736)
[SKIP] Execute-fault RIP=0x7ffe81438ad0 direct-stack-fallback -> 0x14235a237 (n=4472832)
[SKIP] Execute-fault RIP=0x7ffe81438ad0 direct-stack-fallback -> 0x14235a237 (n=4476928)
[SKIP] Execute-fault RIP=0x7ffe81438ad0 direct-stack-fallback -> 0x14235a237 (n=4481024)
[SKIP] Execute-fault RIP=0x7ffe81438ad0 direct-stack-fallback -> 0x14235a237 (n=4485120)
[SKIP] Execute-fault RIP=0x7ffe81438ad0 direct-stack-fallback -> 0x14235a237 (n=4489216)
[SKIP] Execute-fault RIP=0x7ffe81438ad0 direct-stack-fallback -> 0x14235a237 (n=4493312)
[SKIP] Execute-fault RIP=0x7ffe81438ad0 direct-stack-fallback -> 0x14235a237 (n=4497408)
[SKIP] Execute-fault RIP=0x7ffe81438ad0 direct-stack-fallback -> 0x14235a237 (n=4501504)
[SKIP] Execute-fault RIP=0x7ffe81438ad0 direct-stack-fallback -> 0x14235a237 (n=4505600)
[SKIP] Execute-fault RIP=0x7ffe81438ad0 direct-stack-fallback -> 0x14235a237 (n=4509696)
[SKIP] Execute-fault RIP=0x7ffe81438ad0 direct-stack-fallback -> 0x14235a237 (n=4513792)
[SKIP] Execute-fault RIP=0x7ffe81438ad0 direct-stack-fallback -> 0x14235a237 (n=4517888)
[SKIP] Execute-fault RIP=0x7ffe81438ad0 direct-stack-fallback -> 0x14235a237 (n=4521984)
[SKIP] Execute-fault RIP=0x7ffe81438ad0 direct-stack-fallback -> 0x14235a237 (n=4526080)
[SKIP] Execute-fault RIP=0x7ffe81438ad0 direct-stack-fallback -> 0x14235a237 (n=4530176)
[SKIP] Execute-fault RIP=0x7ffe81438ad0 direct-stack-fallback -> 0x14235a237 (n=4534272)
[SKIP] Execute-fault RIP=0x7ffe81438ad0 direct-stack-fallback -> 0x14235a237 (n=4538368)
[SKIP] Execute-fault RIP=0x7ffe81438ad0 direct-stack-fallback -> 0x14235a237 (n=4542464)
[SKIP] Execute-fault RIP=0x7ffe81438ad0 direct-stack-fallback -> 0x14235a237 (n=4546560)
[SKIP] Execute-fault RIP=0x7ffe81438ad0 direct-stack-fallback -> 0x14235a237 (n=4550656)
[SKIP] Execute-fault RIP=0x7ffe81438ad0 direct-stack-fallback -> 0x14235a237 (n=4554752)
[SKIP] Execute-fault RIP=0x7ffe81438ad0 direct-stack-fallback -> 0x14235a237 (n=4558848)
[SKIP] Execute-fault RIP=0x7ffe81438ad0 direct-stack-fallback -> 0x14235a237 (n=4562944)
[SKIP] Execute-fault RIP=0x7ffe81438ad0 direct-stack-fallback -> 0x14235a237 (n=4567040)
[SKIP] Execute-fault RIP=0x7ffe81438ad0 direct-stack-fallback -> 0x14235a237 (n=4571136)
[SKIP] Execute-fault RIP=0x7ffe81438ad0 direct-stack-fallback -> 0x14235a237 (n=4575232)
[SKIP] Execute-fault RIP=0x7ffe81438ad0 direct-stack-fallback -> 0x14235a237 (n=4579328)
[SKIP] Execute-fault RIP=0x7ffe81438ad0 direct-stack-fallback -> 0x14235a237 (n=4583424)
[SKIP] Execute-fault RIP=0x7ffe81438ad0 direct-stack-fallback -> 0x14235a237 (n=4587520)
[SKIP] Execute-fault RIP=0x7ffe81438ad0 direct-stack-fallback -> 0x14235a237 (n=4591616)
[SKIP] Execute-fault RIP=0x7ffe81438ad0 direct-stack-fallback -> 0x14235a237 (n=4595712)
[SKIP] Execute-fault RIP=0x7ffe81438ad0 direct-stack-fallback -> 0x14235a237 (n=4599808)
[SKIP] Execute-fault RIP=0x7ffe81438ad0 direct-stack-fallback -> 0x14235a237 (n=4603904)
[SKIP] Execute-fault RIP=0x7ffe81438ad0 direct-stack-fallback -> 0x14235a237 (n=4608000)
[SKIP] Execute-fault RIP=0x7ffe81438ad0 direct-stack-fallback -> 0x14235a237 (n=4612096)
[SKIP] Execute-fault RIP=0x7ffe81438ad0 direct-stack-fallback -> 0x14235a237 (n=4616192)
[SKIP] Execute-fault RIP=0x7ffe81438ad0 direct-stack-fallback -> 0x14235a237 (n=4620288)
[SKIP] Execute-fault RIP=0x7ffe81438ad0 direct-stack-fallback -> 0x14235a237 (n=4624384)
[SKIP] Execute-fault RIP=0x7ffe81438ad0 direct-stack-fallback -> 0x14235a237 (n=4628480)
[SKIP] Execute-fault RIP=0x7ffe81438ad0 direct-stack-fallback -> 0x14235a237 (n=4632576)
[SKIP] Execute-fault RIP=0x7ffe81438ad0 direct-stack-fallback -> 0x14235a237 (n=4636672)
[SKIP] Execute-fault RIP=0x7ffe81438ad0 direct-stack-fallback -> 0x14235a237 (n=4640768)
[SKIP] Execute-fault RIP=0x7ffe81438ad0 direct-stack-fallback -> 0x14235a237 (n=4644864)
[SKIP] Execute-fault RIP=0x7ffe81438ad0 direct-stack-fallback -> 0x14235a237 (n=4648960)
[SKIP] Execute-fault RIP=0x7ffe81438ad0 direct-stack-fallback -> 0x14235a237 (n=4653056)
[SKIP] Execute-fault RIP=0x7ffe81438ad0 direct-stack-fallback -> 0x14235a237 (n=4657152)
[SKIP] Execute-fault RIP=0x7ffe81438ad0 direct-stack-fallback -> 0x14235a237 (n=4661248)
[SKIP] Execute-fault RIP=0x7ffe81438ad0 direct-stack-fallback -> 0x14235a237 (n=4665344)
[SKIP] Execute-fault RIP=0x7ffe81438ad0 direct-stack-fallback -> 0x14235a237 (n=4669440)
[SKIP] Execute-fault RIP=0x7ffe81438ad0 direct-stack-fallback -> 0x14235a237 (n=4673536)
[SKIP] Execute-fault RIP=0x7ffe81438ad0 direct-stack-fallback -> 0x14235a237 (n=4677632)
[SKIP] Execute-fault RIP=0x7ffe81438ad0 direct-stack-fallback -> 0x14235a237 (n=4681728)
[SKIP] Execute-fault RIP=0x7ffe81438ad0 direct-stack-fallback -> 0x14235a237 (n=4685824)
[SKIP] Execute-fault RIP=0x7ffe81438ad0 direct-stack-fallback -> 0x14235a237 (n=4689920)
[SKIP] Execute-fault RIP=0x7ffe81438ad0 direct-stack-fallback -> 0x14235a237 (n=4694016)
[SKIP] Execute-fault RIP=0x7ffe81438ad0 direct-stack-fallback -> 0x14235a237 (n=4698112)
[SKIP] Execute-fault RIP=0x7ffe81438ad0 direct-stack-fallback -> 0x14235a237 (n=4702208)
[SKIP] Execute-fault RIP=0x7ffe81438ad0 direct-stack-fallback -> 0x14235a237 (n=4706304)
[SKIP] Execute-fault RIP=0x7ffe81438ad0 direct-stack-fallback -> 0x14235a237 (n=4710400)
[SKIP] Execute-fault RIP=0x7ffe81438ad0 direct-stack-fallback -> 0x14235a237 (n=4714496)
[SKIP] Execute-fault RIP=0x7ffe81438ad0 direct-stack-fallback -> 0x14235a237 (n=4718592)
[SKIP] Execute-fault RIP=0x7ffe81438ad0 direct-stack-fallback -> 0x14235a237 (n=4722688)
[SKIP] Execute-fault RIP=0x7ffe81438ad0 direct-stack-fallback -> 0x14235a237 (n=4726784)
[SKIP] Execute-fault RIP=0x7ffe81438ad0 direct-stack-fallback -> 0x14235a237 (n=4730880)
[SKIP] Execute-fault RIP=0x7ffe81438ad0 direct-stack-fallback -> 0x14235a237 (n=4734976)
[SKIP] Execute-fault RIP=0x7ffe81438ad0 direct-stack-fallback -> 0x14235a237 (n=4739072)
[SKIP] Execute-fault RIP=0x7ffe81438ad0 direct-stack-fallback -> 0x14235a237 (n=4743168)
[SKIP] Execute-fault RIP=0x7ffe81438ad0 direct-stack-fallback -> 0x14235a237 (n=4747264)
[SKIP] Execute-fault RIP=0x7ffe81438ad0 direct-stack-fallback -> 0x14235a237 (n=4751360)
[SKIP] Execute-fault RIP=0x7ffe81438ad0 direct-stack-fallback -> 0x14235a237 (n=4755456)
[SKIP] Execute-fault RIP=0x7ffe81438ad0 direct-stack-fallback -> 0x14235a237 (n=4759552)
[SKIP] Execute-fault RIP=0x7ffe81438ad0 direct-stack-fallback -> 0x14235a237 (n=4763648)
[SKIP] Execute-fault RIP=0x7ffe81438ad0 direct-stack-fallback -> 0x14235a237 (n=4767744)
[SKIP] Execute-fault RIP=0x7ffe81438ad0 direct-stack-fallback -> 0x14235a237 (n=4771840)
[SKIP] Execute-fault RIP=0x7ffe81438ad0 direct-stack-fallback -> 0x14235a237 (n=4775936)
[SKIP] Execute-fault RIP=0x7ffe81438ad0 direct-stack-fallback -> 0x14235a237 (n=4780032)
[SKIP] Execute-fault RIP=0x7ffe81438ad0 direct-stack-fallback -> 0x14235a237 (n=4784128)
[SKIP] Execute-fault RIP=0x7ffe81438ad0 direct-stack-fallback -> 0x14235a237 (n=4788224)
[SKIP] Execute-fault RIP=0x7ffe81438ad0 direct-stack-fallback -> 0x14235a237 (n=4792320)
[SKIP] Execute-fault RIP=0x7ffe81438ad0 direct-stack-fallback -> 0x14235a237 (n=4796416)
[SKIP] Execute-fault RIP=0x7ffe81438ad0 direct-stack-fallback -> 0x14235a237 (n=4800512)
[SKIP] Execute-fault RIP=0x7ffe81438ad0 direct-stack-fallback -> 0x14235a237 (n=4804608)
[SKIP] Execute-fault RIP=0x7ffe81438ad0 direct-stack-fallback -> 0x14235a237 (n=4808704)
[SKIP] Execute-fault RIP=0x7ffe81438ad0 direct-stack-fallback -> 0x14235a237 (n=4812800)
[SKIP] Execute-fault RIP=0x7ffe81438ad0 direct-stack-fallback -> 0x14235a237 (n=4816896)
[SKIP] Execute-fault RIP=0x7ffe81438ad0 direct-stack-fallback -> 0x14235a237 (n=4820992)
[SKIP] Execute-fault RIP=0x7ffe81438ad0 direct-stack-fallback -> 0x14235a237 (n=4825088)
[SKIP] Execute-fault RIP=0x7ffe81438ad0 direct-stack-fallback -> 0x14235a237 (n=4829184)
[SKIP] Execute-fault RIP=0x7ffe81438ad0 direct-stack-fallback -> 0x14235a237 (n=4833280)
[SKIP] Execute-fault RIP=0x7ffe81438ad0 direct-stack-fallback -> 0x14235a237 (n=4837376)
[SKIP] Execute-fault RIP=0x7ffe81438ad0 direct-stack-fallback -> 0x14235a237 (n=4841472)
[SKIP] Execute-fault RIP=0x7ffe81438ad0 direct-stack-fallback -> 0x14235a237 (n=4845568)
[SKIP] Execute-fault RIP=0x7ffe81438ad0 direct-stack-fallback -> 0x14235a237 (n=4849664)
[SKIP] Execute-fault RIP=0x7ffe81438ad0 direct-stack-fallback -> 0x14235a237 (n=4853760)
[SKIP] Execute-fault RIP=0x7ffe81438ad0 direct-stack-fallback -> 0x14235a237 (n=4857856)
[SKIP] Execute-fault RIP=0x7ffe81438ad0 direct-stack-fallback -> 0x14235a237 (n=4861952)
[SKIP] Execute-fault RIP=0x7ffe81438ad0 direct-stack-fallback -> 0x14235a237 (n=4866048)
[SKIP] Execute-fault RIP=0x7ffe81438ad0 direct-stack-fallback -> 0x14235a237 (n=4870144)
[SKIP] Execute-fault RIP=0x7ffe81438ad0 direct-stack-fallback -> 0x14235a237 (n=4874240)
[SKIP] Execute-fault RIP=0x7ffe81438ad0 direct-stack-fallback -> 0x14235a237 (n=4878336)
[SKIP] Execute-fault RIP=0x7ffe81438ad0 direct-stack-fallback -> 0x14235a237 (n=4882432)
[SKIP] Execute-fault RIP=0x7ffe81438ad0 direct-stack-fallback -> 0x14235a237 (n=4886528)
[SKIP] Execute-fault RIP=0x7ffe81438ad0 direct-stack-fallback -> 0x14235a237 (n=4890624)
[SKIP] Execute-fault RIP=0x7ffe81438ad0 direct-stack-fallback -> 0x14235a237 (n=4894720)
[SKIP] Execute-fault RIP=0x7ffe81438ad0 direct-stack-fallback -> 0x14235a237 (n=4898816)
[SKIP] Execute-fault RIP=0x7ffe81438ad0 direct-stack-fallback -> 0x14235a237 (n=4902912)
[SKIP] Execute-fault RIP=0x7ffe81438ad0 direct-stack-fallback -> 0x14235a237 (n=4907008)
[SKIP] Execute-fault RIP=0x7ffe81438ad0 direct-stack-fallback -> 0x14235a237 (n=4911104)
[SKIP] Execute-fault RIP=0x7ffe81438ad0 direct-stack-fallback -> 0x14235a237 (n=4915200)
[SKIP] Execute-fault RIP=0x7ffe81438ad0 direct-stack-fallback -> 0x14235a237 (n=4919296)
[SKIP] Execute-fault RIP=0x7ffe81438ad0 direct-stack-fallback -> 0x14235a237 (n=4923392)
[SKIP] Execute-fault RIP=0x7ffe81438ad0 direct-stack-fallback -> 0x14235a237 (n=4927488)
[SKIP] Execute-fault RIP=0x7ffe81438ad0 direct-stack-fallback -> 0x14235a237 (n=4931584)
[SKIP] Execute-fault RIP=0x7ffe81438ad0 direct-stack-fallback -> 0x14235a237 (n=4935680)
[SKIP] Execute-fault RIP=0x7ffe81438ad0 direct-stack-fallback -> 0x14235a237 (n=4939776)
[SKIP] Execute-fault RIP=0x7ffe81438ad0 direct-stack-fallback -> 0x14235a237 (n=4943872)
[SKIP] Execute-fault RIP=0x7ffe81438ad0 direct-stack-fallback -> 0x14235a237 (n=4947968)
[SKIP] Execute-fault RIP=0x7ffe81438ad0 direct-stack-fallback -> 0x14235a237 (n=4952064)
[SKIP] Execute-fault RIP=0x7ffe81438ad0 direct-stack-fallback -> 0x14235a237 (n=4956160)
[SKIP] Execute-fault RIP=0x7ffe81438ad0 direct-stack-fallback -> 0x14235a237 (n=4960256)
[SKIP] Execute-fault RIP=0x7ffe81438ad0 direct-stack-fallback -> 0x14235a237 (n=4964352)
[SKIP] Execute-fault RIP=0x7ffe81438ad0 direct-stack-fallback -> 0x14235a237 (n=4968448)
[SKIP] Execute-fault RIP=0x7ffe81438ad0 direct-stack-fallback -> 0x14235a237 (n=4972544)
[SKIP] Execute-fault RIP=0x7ffe81438ad0 direct-stack-fallback -> 0x14235a237 (n=4976640)
[SKIP] Execute-fault RIP=0x7ffe81438ad0 direct-stack-fallback -> 0x14235a237 (n=4980736)
[SKIP] Execute-fault RIP=0x7ffe81438ad0 direct-stack-fallback -> 0x14235a237 (n=4984832)
[SKIP] Execute-fault RIP=0x7ffe81438ad0 direct-stack-fallback -> 0x14235a237 (n=4988928)
[SKIP] Execute-fault RIP=0x7ffe81438ad0 direct-stack-fallback -> 0x14235a237 (n=4993024)
[SKIP] Execute-fault RIP=0x7ffe81438ad0 direct-stack-fallback -> 0x14235a237 (n=4997120)
[SKIP] Execute-fault RIP=0x7ffe81438ad0 direct-stack-fallback -> 0x14235a237 (n=5001216)
[SKIP] Execute-fault RIP=0x7ffe81438ad0 direct-stack-fallback -> 0x14235a237 (n=5005312)
[SKIP] Execute-fault RIP=0x7ffe81438ad0 direct-stack-fallback -> 0x14235a237 (n=5009408)
[SKIP] Execute-fault RIP=0x7ffe81438ad0 direct-stack-fallback -> 0x14235a237 (n=5013504)
[SKIP] Execute-fault RIP=0x7ffe81438ad0 direct-stack-fallback -> 0x14235a237 (n=5017600)
[SKIP] Execute-fault RIP=0x7ffe81438ad0 direct-stack-fallback -> 0x14235a237 (n=5021696)
[SKIP] Execute-fault RIP=0x7ffe81438ad0 direct-stack-fallback -> 0x14235a237 (n=5025792)
[SKIP] Execute-fault RIP=0x7ffe81438ad0 direct-stack-fallback -> 0x14235a237 (n=5029888)
[SKIP] Execute-fault RIP=0x7ffe81438ad0 direct-stack-fallback -> 0x14235a237 (n=5033984)
[SKIP] Execute-fault RIP=0x7ffe81438ad0 direct-stack-fallback -> 0x14235a237 (n=5038080)
[SKIP] Execute-fault RIP=0x7ffe81438ad0 direct-stack-fallback -> 0x14235a237 (n=5042176)
[SKIP] Execute-fault RIP=0x7ffe81438ad0 direct-stack-fallback -> 0x14235a237 (n=5046272)
[SKIP] Execute-fault RIP=0x7ffe81438ad0 direct-stack-fallback -> 0x14235a237 (n=5050368)
[SKIP] Execute-fault RIP=0x7ffe81438ad0 direct-stack-fallback -> 0x14235a237 (n=5054464)
[SKIP] Execute-fault RIP=0x7ffe81438ad0 direct-stack-fallback -> 0x14235a237 (n=5058560)
[SKIP] Execute-fault RIP=0x7ffe81438ad0 direct-stack-fallback -> 0x14235a237 (n=5062656)
[SKIP] Execute-fault RIP=0x7ffe81438ad0 direct-stack-fallback -> 0x14235a237 (n=5066752)
[SKIP] Execute-fault RIP=0x7ffe81438ad0 direct-stack-fallback -> 0x14235a237 (n=5070848)
[SKIP] Execute-fault RIP=0x7ffe81438ad0 direct-stack-fallback -> 0x14235a237 (n=5074944)
[SKIP] Execute-fault RIP=0x7ffe81438ad0 direct-stack-fallback -> 0x14235a237 (n=5079040)
[SKIP] Execute-fault RIP=0x7ffe81438ad0 direct-stack-fallback -> 0x14235a237 (n=5083136)
[SKIP] Execute-fault RIP=0x7ffe81438ad0 direct-stack-fallback -> 0x14235a237 (n=5087232)
[SKIP] Execute-fault RIP=0x7ffe81438ad0 direct-stack-fallback -> 0x14235a237 (n=5091328)
[SKIP] Execute-fault RIP=0x7ffe81438ad0 direct-stack-fallback -> 0x14235a237 (n=5095424)
[SKIP] Execute-fault RIP=0x7ffe81438ad0 direct-stack-fallback -> 0x14235a237 (n=5099520)
[SKIP] Execute-fault RIP=0x7ffe81438ad0 direct-stack-fallback -> 0x14235a237 (n=5103616)
[SKIP] Execute-fault RIP=0x7ffe81438ad0 direct-stack-fallback -> 0x14235a237 (n=5107712)
[SKIP] Execute-fault RIP=0x7ffe81438ad0 direct-stack-fallback -> 0x14235a237 (n=5111808)
[SKIP] Execute-fault RIP=0x7ffe81438ad0 direct-stack-fallback -> 0x14235a237 (n=5115904)
[SKIP] Execute-fault RIP=0x7ffe81438ad0 direct-stack-fallback -> 0x14235a237 (n=5120000)
[SKIP] Execute-fault RIP=0x7ffe81438ad0 direct-stack-fallback -> 0x14235a237 (n=5124096)
[SKIP] Execute-fault RIP=0x7ffe81438ad0 direct-stack-fallback -> 0x14235a237 (n=5128192)
[SKIP] Execute-fault RIP=0x7ffe81438ad0 direct-stack-fallback -> 0x14235a237 (n=5132288)
[SKIP] Execute-fault RIP=0x7ffe81438ad0 direct-stack-fallback -> 0x14235a237 (n=5136384)
[SKIP] Execute-fault RIP=0x7ffe81438ad0 direct-stack-fallback -> 0x14235a237 (n=5140480)
[SKIP] Execute-fault RIP=0x7ffe81438ad0 direct-stack-fallback -> 0x14235a237 (n=5144576)
[SKIP] Execute-fault RIP=0x7ffe81438ad0 direct-stack-fallback -> 0x14235a237 (n=5148672)
[SKIP] Execute-fault RIP=0x7ffe81438ad0 direct-stack-fallback -> 0x14235a237 (n=5152768)
[SKIP] Execute-fault RIP=0x7ffe81438ad0 direct-stack-fallback -> 0x14235a237 (n=5156864)
[SKIP] Execute-fault RIP=0x7ffe81438ad0 direct-stack-fallback -> 0x14235a237 (n=5160960)
[SKIP] Execute-fault RIP=0x7ffe81438ad0 direct-stack-fallback -> 0x14235a237 (n=5165056)
[SKIP] Execute-fault RIP=0x7ffe81438ad0 direct-stack-fallback -> 0x14235a237 (n=5169152)
[SKIP] Execute-fault RIP=0x7ffe81438ad0 direct-stack-fallback -> 0x14235a237 (n=5173248)
[SKIP] Execute-fault RIP=0x7ffe81438ad0 direct-stack-fallback -> 0x14235a237 (n=5177344)
[SKIP] Execute-fault RIP=0x7ffe81438ad0 direct-stack-fallback -> 0x14235a237 (n=5181440)
[SKIP] Execute-fault RIP=0x7ffe81438ad0 direct-stack-fallback -> 0x14235a237 (n=5185536)
[SKIP] Execute-fault RIP=0x7ffe81438ad0 direct-stack-fallback -> 0x14235a237 (n=5189632)
[SKIP] Execute-fault RIP=0x7ffe81438ad0 direct-stack-fallback -> 0x14235a237 (n=5193728)
[SKIP] Execute-fault RIP=0x7ffe81438ad0 direct-stack-fallback -> 0x14235a237 (n=5197824)
[SKIP] Execute-fault RIP=0x7ffe81438ad0 direct-stack-fallback -> 0x14235a237 (n=5201920)
[SKIP] Execute-fault RIP=0x7ffe81438ad0 direct-stack-fallback -> 0x14235a237 (n=5206016)
[SKIP] Execute-fault RIP=0x7ffe81438ad0 direct-stack-fallback -> 0x14235a237 (n=5210112)
[SKIP] Execute-fault RIP=0x7ffe81438ad0 direct-stack-fallback -> 0x14235a237 (n=5214208)
[SKIP] Execute-fault RIP=0x7ffe81438ad0 direct-stack-fallback -> 0x14235a237 (n=5218304)
[SKIP] Execute-fault RIP=0x7ffe81438ad0 direct-stack-fallback -> 0x14235a237 (n=5222400)
[SKIP] Execute-fault RIP=0x7ffe81438ad0 direct-stack-fallback -> 0x14235a237 (n=5226496)
[SKIP] Execute-fault RIP=0x7ffe81438ad0 direct-stack-fallback -> 0x14235a237 (n=5230592)
[SKIP] Execute-fault RIP=0x7ffe81438ad0 direct-stack-fallback -> 0x14235a237 (n=5234688)
[SKIP] Execute-fault RIP=0x7ffe81438ad0 direct-stack-fallback -> 0x14235a237 (n=5238784)
[SKIP] Execute-fault RIP=0x7ffe81438ad0 direct-stack-fallback -> 0x14235a237 (n=5242880)
[SKIP] Execute-fault RIP=0x7ffe81438ad0 direct-stack-fallback -> 0x14235a237 (n=5246976)
[SKIP] Execute-fault RIP=0x7ffe81438ad0 direct-stack-fallback -> 0x14235a237 (n=5251072)
[SKIP] Execute-fault RIP=0x7ffe81438ad0 direct-stack-fallback -> 0x14235a237 (n=5255168)
[SKIP] Execute-fault RIP=0x7ffe81438ad0 direct-stack-fallback -> 0x14235a237 (n=5259264)
[SKIP] Execute-fault RIP=0x7ffe81438ad0 direct-stack-fallback -> 0x14235a237 (n=5263360)
[SKIP] Execute-fault RIP=0x7ffe81438ad0 direct-stack-fallback -> 0x14235a237 (n=5267456)
[SKIP] Execute-fault RIP=0x7ffe81438ad0 direct-stack-fallback -> 0x14235a237 (n=5271552)
[SKIP] Execute-fault RIP=0x7ffe81438ad0 direct-stack-fallback -> 0x14235a237 (n=5275648)
[SKIP] Execute-fault RIP=0x7ffe81438ad0 direct-stack-fallback -> 0x14235a237 (n=5279744)
[SKIP] Execute-fault RIP=0x7ffe81438ad0 direct-stack-fallback -> 0x14235a237 (n=5283840)
[SKIP] Execute-fault RIP=0x7ffe81438ad0 direct-stack-fallback -> 0x14235a237 (n=5287936)
[SKIP] Execute-fault RIP=0x7ffe81438ad0 direct-stack-fallback -> 0x14235a237 (n=5292032)
[SKIP] Execute-fault RIP=0x7ffe81438ad0 direct-stack-fallback -> 0x14235a237 (n=5296128)
[SKIP] Execute-fault RIP=0x7ffe81438ad0 direct-stack-fallback -> 0x14235a237 (n=5300224)
[SKIP] Execute-fault RIP=0x7ffe81438ad0 direct-stack-fallback -> 0x14235a237 (n=5304320)
[SKIP] Execute-fault RIP=0x7ffe81438ad0 direct-stack-fallback -> 0x14235a237 (n=5308416)
[SKIP] Execute-fault RIP=0x7ffe81438ad0 direct-stack-fallback -> 0x14235a237 (n=5312512)
[SKIP] Execute-fault RIP=0x7ffe81438ad0 direct-stack-fallback -> 0x14235a237 (n=5316608)
[SKIP] Execute-fault RIP=0x7ffe81438ad0 direct-stack-fallback -> 0x14235a237 (n=5320704)
[SKIP] Execute-fault RIP=0x7ffe81438ad0 direct-stack-fallback -> 0x14235a237 (n=5324800)
[SKIP] Execute-fault RIP=0x7ffe81438ad0 direct-stack-fallback -> 0x14235a237 (n=5328896)
[SKIP] Execute-fault RIP=0x7ffe81438ad0 direct-stack-fallback -> 0x14235a237 (n=5332992)
[SKIP] Execute-fault RIP=0x7ffe81438ad0 direct-stack-fallback -> 0x14235a237 (n=5337088)
[SKIP] Execute-fault RIP=0x7ffe81438ad0 direct-stack-fallback -> 0x14235a237 (n=5341184)
[SKIP] Execute-fault RIP=0x7ffe81438ad0 direct-stack-fallback -> 0x14235a237 (n=5345280)
[SKIP] Execute-fault RIP=0x7ffe81438ad0 direct-stack-fallback -> 0x14235a237 (n=5349376)
[SKIP] Execute-fault RIP=0x7ffe81438ad0 direct-stack-fallback -> 0x14235a237 (n=5353472)
[SKIP] Execute-fault RIP=0x7ffe81438ad0 direct-stack-fallback -> 0x14235a237 (n=5357568)
[SKIP] Execute-fault RIP=0x7ffe81438ad0 direct-stack-fallback -> 0x14235a237 (n=5361664)
[SKIP] Execute-fault RIP=0x7ffe81438ad0 direct-stack-fallback -> 0x14235a237 (n=5365760)
[SKIP] Execute-fault RIP=0x7ffe81438ad0 direct-stack-fallback -> 0x14235a237 (n=5369856)
[SKIP] Execute-fault RIP=0x7ffe81438ad0 direct-stack-fallback -> 0x14235a237 (n=5373952)
[SKIP] Execute-fault RIP=0x7ffe81438ad0 direct-stack-fallback -> 0x14235a237 (n=5378048)
[SKIP] Execute-fault RIP=0x7ffe81438ad0 direct-stack-fallback -> 0x14235a237 (n=5382144)
[SKIP] Execute-fault RIP=0x7ffe81438ad0 direct-stack-fallback -> 0x14235a237 (n=5386240)
[SKIP] Execute-fault RIP=0x7ffe81438ad0 direct-stack-fallback -> 0x14235a237 (n=5390336)
[SKIP] Execute-fault RIP=0x7ffe81438ad0 direct-stack-fallback -> 0x14235a237 (n=5394432)
[SKIP] Execute-fault RIP=0x7ffe81438ad0 direct-stack-fallback -> 0x14235a237 (n=5398528)
[SKIP] Execute-fault RIP=0x7ffe81438ad0 direct-stack-fallback -> 0x14235a237 (n=5402624)
[SKIP] Execute-fault RIP=0x7ffe81438ad0 direct-stack-fallback -> 0x14235a237 (n=5406720)
[SKIP] Execute-fault RIP=0x7ffe81438ad0 direct-stack-fallback -> 0x14235a237 (n=5410816)
[SKIP] Execute-fault RIP=0x7ffe81438ad0 direct-stack-fallback -> 0x14235a237 (n=5414912)
[SKIP] Execute-fault RIP=0x7ffe81438ad0 direct-stack-fallback -> 0x14235a237 (n=5419008)
[SKIP] Execute-fault RIP=0x7ffe81438ad0 direct-stack-fallback -> 0x14235a237 (n=5423104)
[SKIP] Execute-fault RIP=0x7ffe81438ad0 direct-stack-fallback -> 0x14235a237 (n=5427200)
[SKIP] Execute-fault RIP=0x7ffe81438ad0 direct-stack-fallback -> 0x14235a237 (n=5431296)
[SKIP] Execute-fault RIP=0x7ffe81438ad0 direct-stack-fallback -> 0x14235a237 (n=5435392)
[SKIP] Execute-fault RIP=0x7ffe81438ad0 direct-stack-fallback -> 0x14235a237 (n=5439488)
[SKIP] Execute-fault RIP=0x7ffe81438ad0 direct-stack-fallback -> 0x14235a237 (n=5443584)
[SKIP] Execute-fault RIP=0x7ffe81438ad0 direct-stack-fallback -> 0x14235a237 (n=5447680)
[SKIP] Execute-fault RIP=0x7ffe81438ad0 direct-stack-fallback -> 0x14235a237 (n=5451776)
[SKIP] Execute-fault RIP=0x7ffe81438ad0 direct-stack-fallback -> 0x14235a237 (n=5455872)
[SKIP] Execute-fault RIP=0x7ffe81438ad0 direct-stack-fallback -> 0x14235a237 (n=5459968)
[SKIP] Execute-fault RIP=0x7ffe81438ad0 direct-stack-fallback -> 0x14235a237 (n=5464064)
[SKIP] Execute-fault RIP=0x7ffe81438ad0 direct-stack-fallback -> 0x14235a237 (n=5468160)
[SKIP] Execute-fault RIP=0x7ffe81438ad0 direct-stack-fallback -> 0x14235a237 (n=5472256)
[SKIP] Execute-fault RIP=0x7ffe81438ad0 direct-stack-fallback -> 0x14235a237 (n=5476352)
[SKIP] Execute-fault RIP=0x7ffe81438ad0 direct-stack-fallback -> 0x14235a237 (n=5480448)
[SKIP] Execute-fault RIP=0x7ffe81438ad0 direct-stack-fallback -> 0x14235a237 (n=5484544)
[SKIP] Execute-fault RIP=0x7ffe81438ad0 direct-stack-fallback -> 0x14235a237 (n=5488640)
[SKIP] Execute-fault RIP=0x7ffe81438ad0 direct-stack-fallback -> 0x14235a237 (n=5492736)
[SKIP] Execute-fault RIP=0x7ffe81438ad0 direct-stack-fallback -> 0x14235a237 (n=5496832)
[SKIP] Execute-fault RIP=0x7ffe81438ad0 direct-stack-fallback -> 0x14235a237 (n=5500928)
[SKIP] Execute-fault RIP=0x7ffe81438ad0 direct-stack-fallback -> 0x14235a237 (n=5505024)
[SKIP] Execute-fault RIP=0x7ffe81438ad0 direct-stack-fallback -> 0x14235a237 (n=5509120)
[SKIP] Execute-fault RIP=0x7ffe81438ad0 direct-stack-fallback -> 0x14235a237 (n=5513216)
[SKIP] Execute-fault RIP=0x7ffe81438ad0 direct-stack-fallback -> 0x14235a237 (n=5517312)
[SKIP] Execute-fault RIP=0x7ffe81438ad0 direct-stack-fallback -> 0x14235a237 (n=5521408)
[SKIP] Execute-fault RIP=0x7ffe81438ad0 direct-stack-fallback -> 0x14235a237 (n=5525504)
[SKIP] Execute-fault RIP=0x7ffe81438ad0 direct-stack-fallback -> 0x14235a237 (n=5529600)
[SKIP] Execute-fault RIP=0x7ffe81438ad0 direct-stack-fallback -> 0x14235a237 (n=5533696)
[SKIP] Execute-fault RIP=0x7ffe81438ad0 direct-stack-fallback -> 0x14235a237 (n=5537792)
[SKIP] Execute-fault RIP=0x7ffe81438ad0 direct-stack-fallback -> 0x14235a237 (n=5541888)
[SKIP] Execute-fault RIP=0x7ffe81438ad0 direct-stack-fallback -> 0x14235a237 (n=5545984)
[SKIP] Execute-fault RIP=0x7ffe81438ad0 direct-stack-fallback -> 0x14235a237 (n=5550080)
[SKIP] Execute-fault RIP=0x7ffe81438ad0 direct-stack-fallback -> 0x14235a237 (n=5554176)
[SKIP] Execute-fault RIP=0x7ffe81438ad0 direct-stack-fallback -> 0x14235a237 (n=5558272)
[SKIP] Execute-fault RIP=0x7ffe81438ad0 direct-stack-fallback -> 0x14235a237 (n=5562368)
[SKIP] Execute-fault RIP=0x7ffe81438ad0 direct-stack-fallback -> 0x14235a237 (n=5566464)
[SKIP] Execute-fault RIP=0x7ffe81438ad0 direct-stack-fallback -> 0x14235a237 (n=5570560)
[SKIP] Execute-fault RIP=0x7ffe81438ad0 direct-stack-fallback -> 0x14235a237 (n=5574656)
[SKIP] Execute-fault RIP=0x7ffe81438ad0 direct-stack-fallback -> 0x14235a237 (n=5578752)
[SKIP] Execute-fault RIP=0x7ffe81438ad0 direct-stack-fallback -> 0x14235a237 (n=5582848)
[SKIP] Execute-fault RIP=0x7ffe81438ad0 direct-stack-fallback -> 0x14235a237 (n=5586944)
[SKIP] Execute-fault RIP=0x7ffe81438ad0 direct-stack-fallback -> 0x14235a237 (n=5591040)
[SKIP] Execute-fault RIP=0x7ffe81438ad0 direct-stack-fallback -> 0x14235a237 (n=5595136)
[SKIP] Execute-fault RIP=0x7ffe81438ad0 direct-stack-fallback -> 0x14235a237 (n=5599232)
[SKIP] Execute-fault RIP=0x7ffe81438ad0 direct-stack-fallback -> 0x14235a237 (n=5603328)
[SKIP] Execute-fault RIP=0x7ffe81438ad0 direct-stack-fallback -> 0x14235a237 (n=5607424)
[SKIP] Execute-fault RIP=0x7ffe81438ad0 direct-stack-fallback -> 0x14235a237 (n=5611520)
[SKIP] Execute-fault RIP=0x7ffe81438ad0 direct-stack-fallback -> 0x14235a237 (n=5615616)
[SKIP] Execute-fault RIP=0x7ffe81438ad0 direct-stack-fallback -> 0x14235a237 (n=5619712)
[SKIP] Execute-fault RIP=0x7ffe81438ad0 direct-stack-fallback -> 0x14235a237 (n=5623808)
[SKIP] Execute-fault RIP=0x7ffe81438ad0 direct-stack-fallback -> 0x14235a237 (n=5627904)
[SKIP] Execute-fault RIP=0x7ffe81438ad0 direct-stack-fallback -> 0x14235a237 (n=5632000)
[SKIP] Execute-fault RIP=0x7ffe81438ad0 direct-stack-fallback -> 0x14235a237 (n=5636096)
[SKIP] Execute-fault RIP=0x7ffe81438ad0 direct-stack-fallback -> 0x14235a237 (n=5640192)
[SKIP] Execute-fault RIP=0x7ffe81438ad0 direct-stack-fallback -> 0x14235a237 (n=5644288)
[SKIP] Execute-fault RIP=0x7ffe81438ad0 direct-stack-fallback -> 0x14235a237 (n=5648384)
[SKIP] Execute-fault RIP=0x7ffe81438ad0 direct-stack-fallback -> 0x14235a237 (n=5652480)
[SKIP] Execute-fault RIP=0x7ffe81438ad0 direct-stack-fallback -> 0x14235a237 (n=5656576)
[SKIP] Execute-fault RIP=0x7ffe81438ad0 direct-stack-fallback -> 0x14235a237 (n=5660672)
[SKIP] Execute-fault RIP=0x7ffe81438ad0 direct-stack-fallback -> 0x14235a237 (n=5664768)
[SKIP] Execute-fault RIP=0x7ffe81438ad0 direct-stack-fallback -> 0x14235a237 (n=5668864)
[SKIP] Execute-fault RIP=0x7ffe81438ad0 direct-stack-fallback -> 0x14235a237 (n=5672960)
[SKIP] Execute-fault RIP=0x7ffe81438ad0 direct-stack-fallback -> 0x14235a237 (n=5677056)
[SKIP] Execute-fault RIP=0x7ffe81438ad0 direct-stack-fallback -> 0x14235a237 (n=5681152)
[SKIP] Execute-fault RIP=0x7ffe81438ad0 direct-stack-fallback -> 0x14235a237 (n=5685248)
[SKIP] Execute-fault RIP=0x7ffe81438ad0 direct-stack-fallback -> 0x14235a237 (n=5689344)
[SKIP] Execute-fault RIP=0x7ffe81438ad0 direct-stack-fallback -> 0x14235a237 (n=5693440)
[SKIP] Execute-fault RIP=0x7ffe81438ad0 direct-stack-fallback -> 0x14235a237 (n=5697536)
[SKIP] Execute-fault RIP=0x7ffe81438ad0 direct-stack-fallback -> 0x14235a237 (n=5701632)
[SKIP] Execute-fault RIP=0x7ffe81438ad0 direct-stack-fallback -> 0x14235a237 (n=5705728)
[SKIP] Execute-fault RIP=0x7ffe81438ad0 direct-stack-fallback -> 0x14235a237 (n=5709824)
[SKIP] Execute-fault RIP=0x7ffe81438ad0 direct-stack-fallback -> 0x14235a237 (n=5713920)
[SKIP] Execute-fault RIP=0x7ffe81438ad0 direct-stack-fallback -> 0x14235a237 (n=5718016)
[SKIP] Execute-fault RIP=0x7ffe81438ad0 direct-stack-fallback -> 0x14235a237 (n=5722112)
[SKIP] Execute-fault RIP=0x7ffe81438ad0 direct-stack-fallback -> 0x14235a237 (n=5726208)
[SKIP] Execute-fault RIP=0x7ffe81438ad0 direct-stack-fallback -> 0x14235a237 (n=5730304)
[SKIP] Execute-fault RIP=0x7ffe81438ad0 direct-stack-fallback -> 0x14235a237 (n=5734400)
[SKIP] Execute-fault RIP=0x7ffe81438ad0 direct-stack-fallback -> 0x14235a237 (n=5738496)
[SKIP] Execute-fault RIP=0x7ffe81438ad0 direct-stack-fallback -> 0x14235a237 (n=5742592)
[SKIP] Execute-fault RIP=0x7ffe81438ad0 direct-stack-fallback -> 0x14235a237 (n=5746688)
[SKIP] Execute-fault RIP=0x7ffe81438ad0 direct-stack-fallback -> 0x14235a237 (n=5750784)
[SKIP] Execute-fault RIP=0x7ffe81438ad0 direct-stack-fallback -> 0x14235a237 (n=5754880)
[SKIP] Execute-fault RIP=0x7ffe81438ad0 direct-stack-fallback -> 0x14235a237 (n=5758976)
[SKIP] Execute-fault RIP=0x7ffe81438ad0 direct-stack-fallback -> 0x14235a237 (n=5763072)
[SKIP] Execute-fault RIP=0x7ffe81438ad0 direct-stack-fallback -> 0x14235a237 (n=5767168)
[SKIP] Execute-fault RIP=0x7ffe81438ad0 direct-stack-fallback -> 0x14235a237 (n=5771264)
[SKIP] Execute-fault RIP=0x7ffe81438ad0 direct-stack-fallback -> 0x14235a237 (n=5775360)
[SKIP] Execute-fault RIP=0x7ffe81438ad0 direct-stack-fallback -> 0x14235a237 (n=5779456)
[SKIP] Execute-fault RIP=0x7ffe81438ad0 direct-stack-fallback -> 0x14235a237 (n=5783552)
[SKIP] Execute-fault RIP=0x7ffe81438ad0 direct-stack-fallback -> 0x14235a237 (n=5787648)
[SKIP] Execute-fault RIP=0x7ffe81438ad0 direct-stack-fallback -> 0x14235a237 (n=5791744)
[SKIP] Execute-fault RIP=0x7ffe81438ad0 direct-stack-fallback -> 0x14235a237 (n=5795840)
[SKIP] Execute-fault RIP=0x7ffe81438ad0 direct-stack-fallback -> 0x14235a237 (n=5799936)
[SKIP] Execute-fault RIP=0x7ffe81438ad0 direct-stack-fallback -> 0x14235a237 (n=5804032)
[SKIP] Execute-fault RIP=0x7ffe81438ad0 direct-stack-fallback -> 0x14235a237 (n=5808128)
[SKIP] Execute-fault RIP=0x7ffe81438ad0 direct-stack-fallback -> 0x14235a237 (n=5812224)
[SKIP] Execute-fault RIP=0x7ffe81438ad0 direct-stack-fallback -> 0x14235a237 (n=5816320)
[SKIP] Execute-fault RIP=0x7ffe81438ad0 direct-stack-fallback -> 0x14235a237 (n=5820416)
[SKIP] Execute-fault RIP=0x7ffe81438ad0 direct-stack-fallback -> 0x14235a237 (n=5824512)
[SKIP] Execute-fault RIP=0x7ffe81438ad0 direct-stack-fallback -> 0x14235a237 (n=5828608)
[SKIP] Execute-fault RIP=0x7ffe81438ad0 direct-stack-fallback -> 0x14235a237 (n=5832704)
[SKIP] Execute-fault RIP=0x7ffe81438ad0 direct-stack-fallback -> 0x14235a237 (n=5836800)
[SKIP] Execute-fault RIP=0x7ffe81438ad0 direct-stack-fallback -> 0x14235a237 (n=5840896)
[SKIP] Execute-fault RIP=0x7ffe81438ad0 direct-stack-fallback -> 0x14235a237 (n=5844992)
[SKIP] Execute-fault RIP=0x7ffe81438ad0 direct-stack-fallback -> 0x14235a237 (n=5849088)
[SKIP] Execute-fault RIP=0x7ffe81438ad0 direct-stack-fallback -> 0x14235a237 (n=5853184)
[SKIP] Execute-fault RIP=0x7ffe81438ad0 direct-stack-fallback -> 0x14235a237 (n=5857280)
[SKIP] Execute-fault RIP=0x7ffe81438ad0 direct-stack-fallback -> 0x14235a237 (n=5861376)
[SKIP] Execute-fault RIP=0x7ffe81438ad0 direct-stack-fallback -> 0x14235a237 (n=5865472)
[SKIP] Execute-fault RIP=0x7ffe81438ad0 direct-stack-fallback -> 0x14235a237 (n=5869568)
[SKIP] Execute-fault RIP=0x7ffe81438ad0 direct-stack-fallback -> 0x14235a237 (n=5873664)
[SKIP] Execute-fault RIP=0x7ffe81438ad0 direct-stack-fallback -> 0x14235a237 (n=5877760)
[SKIP] Execute-fault RIP=0x7ffe81438ad0 direct-stack-fallback -> 0x14235a237 (n=5881856)
[SKIP] Execute-fault RIP=0x7ffe81438ad0 direct-stack-fallback -> 0x14235a237 (n=5885952)
[SKIP] Execute-fault RIP=0x7ffe81438ad0 direct-stack-fallback -> 0x14235a237 (n=5890048)
[SKIP] Execute-fault RIP=0x7ffe81438ad0 direct-stack-fallback -> 0x14235a237 (n=5894144)
[SKIP] Execute-fault RIP=0x7ffe81438ad0 direct-stack-fallback -> 0x14235a237 (n=5898240)
[SKIP] Execute-fault RIP=0x7ffe81438ad0 direct-stack-fallback -> 0x14235a237 (n=5902336)
[SKIP] Execute-fault RIP=0x7ffe81438ad0 direct-stack-fallback -> 0x14235a237 (n=5906432)
[SKIP] Execute-fault RIP=0x7ffe81438ad0 direct-stack-fallback -> 0x14235a237 (n=5910528)
[SKIP] Execute-fault RIP=0x7ffe81438ad0 direct-stack-fallback -> 0x14235a237 (n=5914624)
[SKIP] Execute-fault RIP=0x7ffe81438ad0 direct-stack-fallback -> 0x14235a237 (n=5918720)
[SKIP] Execute-fault RIP=0x7ffe81438ad0 direct-stack-fallback -> 0x14235a237 (n=5922816)
[SKIP] Execute-fault RIP=0x7ffe81438ad0 direct-stack-fallback -> 0x14235a237 (n=5926912)
[SKIP] Execute-fault RIP=0x7ffe81438ad0 direct-stack-fallback -> 0x14235a237 (n=5931008)
[SKIP] Execute-fault RIP=0x7ffe81438ad0 direct-stack-fallback -> 0x14235a237 (n=5935104)
[SKIP] Execute-fault RIP=0x7ffe81438ad0 direct-stack-fallback -> 0x14235a237 (n=5939200)
[SKIP] Execute-fault RIP=0x7ffe81438ad0 direct-stack-fallback -> 0x14235a237 (n=5943296)
[SKIP] Execute-fault RIP=0x7ffe81438ad0 direct-stack-fallback -> 0x14235a237 (n=5947392)
[SKIP] Execute-fault RIP=0x7ffe81438ad0 direct-stack-fallback -> 0x14235a237 (n=5951488)
[SKIP] Execute-fault RIP=0x7ffe81438ad0 direct-stack-fallback -> 0x14235a237 (n=5955584)
[SKIP] Execute-fault RIP=0x7ffe81438ad0 direct-stack-fallback -> 0x14235a237 (n=5959680)
[SKIP] Execute-fault RIP=0x7ffe81438ad0 direct-stack-fallback -> 0x14235a237 (n=5963776)
[SKIP] Execute-fault RIP=0x7ffe81438ad0 direct-stack-fallback -> 0x14235a237 (n=5967872)
[SKIP] Execute-fault RIP=0x7ffe81438ad0 direct-stack-fallback -> 0x14235a237 (n=5971968)
[SKIP] Execute-fault RIP=0x7ffe81438ad0 direct-stack-fallback -> 0x14235a237 (n=5976064)
[SKIP] Execute-fault RIP=0x7ffe81438ad0 direct-stack-fallback -> 0x14235a237 (n=5980160)
[SKIP] Execute-fault RIP=0x7ffe81438ad0 direct-stack-fallback -> 0x14235a237 (n=5984256)
[SKIP] Execute-fault RIP=0x7ffe81438ad0 direct-stack-fallback -> 0x14235a237 (n=5988352)
[SKIP] Execute-fault RIP=0x7ffe81438ad0 direct-stack-fallback -> 0x14235a237 (n=5992448)
[SKIP] Execute-fault RIP=0x7ffe81438ad0 direct-stack-fallback -> 0x14235a237 (n=5996544)
[SKIP] Execute-fault RIP=0x7ffe81438ad0 direct-stack-fallback -> 0x14235a237 (n=6000640)
[SKIP] Execute-fault RIP=0x7ffe81438ad0 direct-stack-fallback -> 0x14235a237 (n=6004736)
[SKIP] Execute-fault RIP=0x7ffe81438ad0 direct-stack-fallback -> 0x14235a237 (n=6008832)
[SKIP] Execute-fault RIP=0x7ffe81438ad0 direct-stack-fallback -> 0x14235a237 (n=6012928)
[SKIP] Execute-fault RIP=0x7ffe81438ad0 direct-stack-fallback -> 0x14235a237 (n=6017024)
[SKIP] Execute-fault RIP=0x7ffe81438ad0 direct-stack-fallback -> 0x14235a237 (n=6021120)
[SKIP] Execute-fault RIP=0x7ffe81438ad0 direct-stack-fallback -> 0x14235a237 (n=6025216)
[SKIP] Execute-fault RIP=0x7ffe81438ad0 direct-stack-fallback -> 0x14235a237 (n=6029312)
[SKIP] Execute-fault RIP=0x7ffe81438ad0 direct-stack-fallback -> 0x14235a237 (n=6033408)
[SKIP] Execute-fault RIP=0x7ffe81438ad0 direct-stack-fallback -> 0x14235a237 (n=6037504)
[SKIP] Execute-fault RIP=0x7ffe81438ad0 direct-stack-fallback -> 0x14235a237 (n=6041600)
[SKIP] Execute-fault RIP=0x7ffe81438ad0 direct-stack-fallback -> 0x14235a237 (n=6045696)
[SKIP] Execute-fault RIP=0x7ffe81438ad0 direct-stack-fallback -> 0x14235a237 (n=6049792)
[SKIP] Execute-fault RIP=0x7ffe81438ad0 direct-stack-fallback -> 0x14235a237 (n=6053888)
[SKIP] Execute-fault RIP=0x7ffe81438ad0 direct-stack-fallback -> 0x14235a237 (n=6057984)
[SKIP] Execute-fault RIP=0x7ffe81438ad0 direct-stack-fallback -> 0x14235a237 (n=6062080)
[SKIP] Execute-fault RIP=0x7ffe81438ad0 direct-stack-fallback -> 0x14235a237 (n=6066176)
[SKIP] Execute-fault RIP=0x7ffe81438ad0 direct-stack-fallback -> 0x14235a237 (n=6070272)
[SKIP] Execute-fault RIP=0x7ffe81438ad0 direct-stack-fallback -> 0x14235a237 (n=6074368)
[SKIP] Execute-fault RIP=0x7ffe81438ad0 direct-stack-fallback -> 0x14235a237 (n=6078464)
[SKIP] Execute-fault RIP=0x7ffe81438ad0 direct-stack-fallback -> 0x14235a237 (n=6082560)
[SKIP] Execute-fault RIP=0x7ffe81438ad0 direct-stack-fallback -> 0x14235a237 (n=6086656)
[SKIP] Execute-fault RIP=0x7ffe81438ad0 direct-stack-fallback -> 0x14235a237 (n=6090752)
[SKIP] Execute-fault RIP=0x7ffe81438ad0 direct-stack-fallback -> 0x14235a237 (n=6094848)
[SKIP] Execute-fault RIP=0x7ffe81438ad0 direct-stack-fallback -> 0x14235a237 (n=6098944)
[SKIP] Execute-fault RIP=0x7ffe81438ad0 direct-stack-fallback -> 0x14235a237 (n=6103040)
[SKIP] Execute-fault RIP=0x7ffe81438ad0 direct-stack-fallback -> 0x14235a237 (n=6107136)
[SKIP] Execute-fault RIP=0x7ffe81438ad0 direct-stack-fallback -> 0x14235a237 (n=6111232)
[SKIP] Execute-fault RIP=0x7ffe81438ad0 direct-stack-fallback -> 0x14235a237 (n=6115328)
[SKIP] Execute-fault RIP=0x7ffe81438ad0 direct-stack-fallback -> 0x14235a237 (n=6119424)
[SKIP] Execute-fault RIP=0x7ffe81438ad0 direct-stack-fallback -> 0x14235a237 (n=6123520)
[SKIP] Execute-fault RIP=0x7ffe81438ad0 direct-stack-fallback -> 0x14235a237 (n=6127616)
[SKIP] Execute-fault RIP=0x7ffe81438ad0 direct-stack-fallback -> 0x14235a237 (n=6131712)
[SKIP] Execute-fault RIP=0x7ffe81438ad0 direct-stack-fallback -> 0x14235a237 (n=6135808)
[SKIP] Execute-fault RIP=0x7ffe81438ad0 direct-stack-fallback -> 0x14235a237 (n=6139904)
[SKIP] Execute-fault RIP=0x7ffe81438ad0 direct-stack-fallback -> 0x14235a237 (n=6144000)
[SKIP] Execute-fault RIP=0x7ffe81438ad0 direct-stack-fallback -> 0x14235a237 (n=6148096)
[SKIP] Execute-fault RIP=0x7ffe81438ad0 direct-stack-fallback -> 0x14235a237 (n=6152192)
[SKIP] Execute-fault RIP=0x7ffe81438ad0 direct-stack-fallback -> 0x14235a237 (n=6156288)
[SKIP] Execute-fault RIP=0x7ffe81438ad0 direct-stack-fallback -> 0x14235a237 (n=6160384)
[SKIP] Execute-fault RIP=0x7ffe81438ad0 direct-stack-fallback -> 0x14235a237 (n=6164480)
[SKIP] Execute-fault RIP=0x7ffe81438ad0 direct-stack-fallback -> 0x14235a237 (n=6168576)
[SKIP] Execute-fault RIP=0x7ffe81438ad0 direct-stack-fallback -> 0x14235a237 (n=6172672)
[SKIP] Execute-fault RIP=0x7ffe81438ad0 direct-stack-fallback -> 0x14235a237 (n=6176768)
[SKIP] Execute-fault RIP=0x7ffe81438ad0 direct-stack-fallback -> 0x14235a237 (n=6180864)
[SKIP] Execute-fault RIP=0x7ffe81438ad0 direct-stack-fallback -> 0x14235a237 (n=6184960)
[SKIP] Execute-fault RIP=0x7ffe81438ad0 direct-stack-fallback -> 0x14235a237 (n=6189056)
[SKIP] Execute-fault RIP=0x7ffe81438ad0 direct-stack-fallback -> 0x14235a237 (n=6193152)
[SKIP] Execute-fault RIP=0x7ffe81438ad0 direct-stack-fallback -> 0x14235a237 (n=6197248)
[SKIP] Execute-fault RIP=0x7ffe81438ad0 direct-stack-fallback -> 0x14235a237 (n=6201344)
[SKIP] Execute-fault RIP=0x7ffe81438ad0 direct-stack-fallback -> 0x14235a237 (n=6205440)
[SKIP] Execute-fault RIP=0x7ffe81438ad0 direct-stack-fallback -> 0x14235a237 (n=6209536)
[SKIP] Execute-fault RIP=0x7ffe81438ad0 direct-stack-fallback -> 0x14235a237 (n=6213632)
[SKIP] Execute-fault RIP=0x7ffe81438ad0 direct-stack-fallback -> 0x14235a237 (n=6217728)
[SKIP] Execute-fault RIP=0x7ffe81438ad0 direct-stack-fallback -> 0x14235a237 (n=6221824)
[SKIP] Execute-fault RIP=0x7ffe81438ad0 direct-stack-fallback -> 0x14235a237 (n=6225920)
[SKIP] Execute-fault RIP=0x7ffe81438ad0 direct-stack-fallback -> 0x14235a237 (n=6230016)
[SKIP] Execute-fault RIP=0x7ffe81438ad0 direct-stack-fallback -> 0x14235a237 (n=6234112)
[SKIP] Execute-fault RIP=0x7ffe81438ad0 direct-stack-fallback -> 0x14235a237 (n=6238208)
[SKIP] Execute-fault RIP=0x7ffe81438ad0 direct-stack-fallback -> 0x14235a237 (n=6242304)
[SKIP] Execute-fault RIP=0x7ffe81438ad0 direct-stack-fallback -> 0x14235a237 (n=6246400)
[SKIP] Execute-fault RIP=0x7ffe81438ad0 direct-stack-fallback -> 0x14235a237 (n=6250496)
[SKIP] Execute-fault RIP=0x7ffe81438ad0 direct-stack-fallback -> 0x14235a237 (n=6254592)
[SKIP] Execute-fault RIP=0x7ffe81438ad0 direct-stack-fallback -> 0x14235a237 (n=6258688)
[SKIP] Execute-fault RIP=0x7ffe81438ad0 direct-stack-fallback -> 0x14235a237 (n=6262784)
[SKIP] Execute-fault RIP=0x7ffe81438ad0 direct-stack-fallback -> 0x14235a237 (n=6266880)
[SKIP] Execute-fault RIP=0x7ffe81438ad0 direct-stack-fallback -> 0x14235a237 (n=6270976)
[SKIP] Execute-fault RIP=0x7ffe81438ad0 direct-stack-fallback -> 0x14235a237 (n=6275072)
[SKIP] Execute-fault RIP=0x7ffe81438ad0 direct-stack-fallback -> 0x14235a237 (n=6279168)
[SKIP] Execute-fault RIP=0x7ffe81438ad0 direct-stack-fallback -> 0x14235a237 (n=6283264)
[SKIP] Execute-fault RIP=0x7ffe81438ad0 direct-stack-fallback -> 0x14235a237 (n=6287360)
[SKIP] Execute-fault RIP=0x7ffe81438ad0 direct-stack-fallback -> 0x14235a237 (n=6291456)
[SKIP] Execute-fault RIP=0x7ffe81438ad0 direct-stack-fallback -> 0x14235a237 (n=6295552)
[SKIP] Execute-fault RIP=0x7ffe81438ad0 direct-stack-fallback -> 0x14235a237 (n=6299648)
[SKIP] Execute-fault RIP=0x7ffe81438ad0 direct-stack-fallback -> 0x14235a237 (n=6303744)
[SKIP] Execute-fault RIP=0x7ffe81438ad0 direct-stack-fallback -> 0x14235a237 (n=6307840)
[SKIP] Execute-fault RIP=0x7ffe81438ad0 direct-stack-fallback -> 0x14235a237 (n=6311936)
[SKIP] Execute-fault RIP=0x7ffe81438ad0 direct-stack-fallback -> 0x14235a237 (n=6316032)
[SKIP] Execute-fault RIP=0x7ffe81438ad0 direct-stack-fallback -> 0x14235a237 (n=6320128)
[SKIP] Execute-fault RIP=0x7ffe81438ad0 direct-stack-fallback -> 0x14235a237 (n=6324224)
[SKIP] Execute-fault RIP=0x7ffe81438ad0 direct-stack-fallback -> 0x14235a237 (n=6328320)
[SKIP] Execute-fault RIP=0x7ffe81438ad0 direct-stack-fallback -> 0x14235a237 (n=6332416)
[SKIP] Execute-fault RIP=0x7ffe81438ad0 direct-stack-fallback -> 0x14235a237 (n=6336512)
[SKIP] Execute-fault RIP=0x7ffe81438ad0 direct-stack-fallback -> 0x14235a237 (n=6340608)
[SKIP] Execute-fault RIP=0x7ffe81438ad0 direct-stack-fallback -> 0x14235a237 (n=6344704)
[SKIP] Execute-fault RIP=0x7ffe81438ad0 direct-stack-fallback -> 0x14235a237 (n=6348800)
[SKIP] Execute-fault RIP=0x7ffe81438ad0 direct-stack-fallback -> 0x14235a237 (n=6352896)
[SKIP] Execute-fault RIP=0x7ffe81438ad0 direct-stack-fallback -> 0x14235a237 (n=6356992)
[SKIP] Execute-fault RIP=0x7ffe81438ad0 direct-stack-fallback -> 0x14235a237 (n=6361088)
[SKIP] Execute-fault RIP=0x7ffe81438ad0 direct-stack-fallback -> 0x14235a237 (n=6365184)
[SKIP] Execute-fault RIP=0x7ffe81438ad0 direct-stack-fallback -> 0x14235a237 (n=6369280)
[SKIP] Execute-fault RIP=0x7ffe81438ad0 direct-stack-fallback -> 0x14235a237 (n=6373376)
[SKIP] Execute-fault RIP=0x7ffe81438ad0 direct-stack-fallback -> 0x14235a237 (n=6377472)
[SKIP] Execute-fault RIP=0x7ffe81438ad0 direct-stack-fallback -> 0x14235a237 (n=6381568)
[SKIP] Execute-fault RIP=0x7ffe81438ad0 direct-stack-fallback -> 0x14235a237 (n=6385664)
[SKIP] Execute-fault RIP=0x7ffe81438ad0 direct-stack-fallback -> 0x14235a237 (n=6389760)
[SKIP] Execute-fault RIP=0x7ffe81438ad0 direct-stack-fallback -> 0x14235a237 (n=6393856)
[SKIP] Execute-fault RIP=0x7ffe81438ad0 direct-stack-fallback -> 0x14235a237 (n=6397952)
[SKIP] Execute-fault RIP=0x7ffe81438ad0 direct-stack-fallback -> 0x14235a237 (n=6402048)
[SKIP] Execute-fault RIP=0x7ffe81438ad0 direct-stack-fallback -> 0x14235a237 (n=6406144)
[SKIP] Execute-fault RIP=0x7ffe81438ad0 direct-stack-fallback -> 0x14235a237 (n=6410240)
[SKIP] Execute-fault RIP=0x7ffe81438ad0 direct-stack-fallback -> 0x14235a237 (n=6414336)
[SKIP] Execute-fault RIP=0x7ffe81438ad0 direct-stack-fallback -> 0x14235a237 (n=6418432)
[SKIP] Execute-fault RIP=0x7ffe81438ad0 direct-stack-fallback -> 0x14235a237 (n=6422528)
[SKIP] Execute-fault RIP=0x7ffe81438ad0 direct-stack-fallback -> 0x14235a237 (n=6426624)
[SKIP] Execute-fault RIP=0x7ffe81438ad0 direct-stack-fallback -> 0x14235a237 (n=6430720)
[SKIP] Execute-fault RIP=0x7ffe81438ad0 direct-stack-fallback -> 0x14235a237 (n=6434816)
[SKIP] Execute-fault RIP=0x7ffe81438ad0 direct-stack-fallback -> 0x14235a237 (n=6438912)
[SKIP] Execute-fault RIP=0x7ffe81438ad0 direct-stack-fallback -> 0x14235a237 (n=6443008)
[SKIP] Execute-fault RIP=0x7ffe81438ad0 direct-stack-fallback -> 0x14235a237 (n=6447104)
[SKIP] Execute-fault RIP=0x7ffe81438ad0 direct-stack-fallback -> 0x14235a237 (n=6451200)
[SKIP] Execute-fault RIP=0x7ffe81438ad0 direct-stack-fallback -> 0x14235a237 (n=6455296)
[SKIP] Execute-fault RIP=0x7ffe81438ad0 direct-stack-fallback -> 0x14235a237 (n=6459392)
[SKIP] Execute-fault RIP=0x7ffe81438ad0 direct-stack-fallback -> 0x14235a237 (n=6463488)
[SKIP] Execute-fault RIP=0x7ffe81438ad0 direct-stack-fallback -> 0x14235a237 (n=6467584)
[SKIP] Execute-fault RIP=0x7ffe81438ad0 direct-stack-fallback -> 0x14235a237 (n=6471680)
[SKIP] Execute-fault RIP=0x7ffe81438ad0 direct-stack-fallback -> 0x14235a237 (n=6475776)
[SKIP] Execute-fault RIP=0x7ffe81438ad0 direct-stack-fallback -> 0x14235a237 (n=6479872)
[SKIP] Execute-fault RIP=0x7ffe81438ad0 direct-stack-fallback -> 0x14235a237 (n=6483968)
[SKIP] Execute-fault RIP=0x7ffe81438ad0 direct-stack-fallback -> 0x14235a237 (n=6488064)
[SKIP] Execute-fault RIP=0x7ffe81438ad0 direct-stack-fallback -> 0x14235a237 (n=6492160)
[SKIP] Execute-fault RIP=0x7ffe81438ad0 direct-stack-fallback -> 0x14235a237 (n=6496256)
[SKIP] Execute-fault RIP=0x7ffe81438ad0 direct-stack-fallback -> 0x14235a237 (n=6500352)
[SKIP] Execute-fault RIP=0x7ffe81438ad0 direct-stack-fallback -> 0x14235a237 (n=6504448)
[SKIP] Execute-fault RIP=0x7ffe81438ad0 direct-stack-fallback -> 0x14235a237 (n=6508544)
[SKIP] Execute-fault RIP=0x7ffe81438ad0 direct-stack-fallback -> 0x14235a237 (n=6512640)
[SKIP] Execute-fault RIP=0x7ffe81438ad0 direct-stack-fallback -> 0x14235a237 (n=6516736)
[SKIP] Execute-fault RIP=0x7ffe81438ad0 direct-stack-fallback -> 0x14235a237 (n=6520832)
[SKIP] Execute-fault RIP=0x7ffe81438ad0 direct-stack-fallback -> 0x14235a237 (n=6524928)
[SKIP] Execute-fault RIP=0x7ffe81438ad0 direct-stack-fallback -> 0x14235a237 (n=6529024)
[SKIP] Execute-fault RIP=0x7ffe81438ad0 direct-stack-fallback -> 0x14235a237 (n=6533120)
[SKIP] Execute-fault RIP=0x7ffe81438ad0 direct-stack-fallback -> 0x14235a237 (n=6537216)
[SKIP] Execute-fault RIP=0x7ffe81438ad0 direct-stack-fallback -> 0x14235a237 (n=6541312)
[SKIP] Execute-fault RIP=0x7ffe81438ad0 direct-stack-fallback -> 0x14235a237 (n=6545408)
[SKIP] Execute-fault RIP=0x7ffe81438ad0 direct-stack-fallback -> 0x14235a237 (n=6549504)
[SKIP] Execute-fault RIP=0x7ffe81438ad0 direct-stack-fallback -> 0x14235a237 (n=6553600)
[SKIP] Execute-fault RIP=0x7ffe81438ad0 direct-stack-fallback -> 0x14235a237 (n=6557696)
[SKIP] Execute-fault RIP=0x7ffe81438ad0 direct-stack-fallback -> 0x14235a237 (n=6561792)
[SKIP] Execute-fault RIP=0x7ffe81438ad0 direct-stack-fallback -> 0x14235a237 (n=6565888)
[SKIP] Execute-fault RIP=0x7ffe81438ad0 direct-stack-fallback -> 0x14235a237 (n=6569984)
[SKIP] Execute-fault RIP=0x7ffe81438ad0 direct-stack-fallback -> 0x14235a237 (n=6574080)
[SKIP] Execute-fault RIP=0x7ffe81438ad0 direct-stack-fallback -> 0x14235a237 (n=6578176)
[SKIP] Execute-fault RIP=0x7ffe81438ad0 direct-stack-fallback -> 0x14235a237 (n=6582272)
[SKIP] Execute-fault RIP=0x7ffe81438ad0 direct-stack-fallback -> 0x14235a237 (n=6586368)
[SKIP] Execute-fault RIP=0x7ffe81438ad0 direct-stack-fallback -> 0x14235a237 (n=6590464)
[SKIP] Execute-fault RIP=0x7ffe81438ad0 direct-stack-fallback -> 0x14235a237 (n=6594560)
[SKIP] Execute-fault RIP=0x7ffe81438ad0 direct-stack-fallback -> 0x14235a237 (n=6598656)
[SKIP] Execute-fault RIP=0x7ffe81438ad0 direct-stack-fallback -> 0x14235a237 (n=6602752)
[SKIP] Execute-fault RIP=0x7ffe81438ad0 direct-stack-fallback -> 0x14235a237 (n=6606848)
[SKIP] Execute-fault RIP=0x7ffe81438ad0 direct-stack-fallback -> 0x14235a237 (n=6610944)
[SKIP] Execute-fault RIP=0x7ffe81438ad0 direct-stack-fallback -> 0x14235a237 (n=6615040)
[SKIP] Execute-fault RIP=0x7ffe81438ad0 direct-stack-fallback -> 0x14235a237 (n=6619136)
[SKIP] Execute-fault RIP=0x7ffe81438ad0 direct-stack-fallback -> 0x14235a237 (n=6623232)
[SKIP] Execute-fault RIP=0x7ffe81438ad0 direct-stack-fallback -> 0x14235a237 (n=6627328)
[SKIP] Execute-fault RIP=0x7ffe81438ad0 direct-stack-fallback -> 0x14235a237 (n=6631424)
[SKIP] Execute-fault RIP=0x7ffe81438ad0 direct-stack-fallback -> 0x14235a237 (n=6635520)
[SKIP] Execute-fault RIP=0x7ffe81438ad0 direct-stack-fallback -> 0x14235a237 (n=6639616)
[SKIP] Execute-fault RIP=0x7ffe81438ad0 direct-stack-fallback -> 0x14235a237 (n=6643712)
[SKIP] Execute-fault RIP=0x7ffe81438ad0 direct-stack-fallback -> 0x14235a237 (n=6647808)
[SKIP] Execute-fault RIP=0x7ffe81438ad0 direct-stack-fallback -> 0x14235a237 (n=6651904)
[SKIP] Execute-fault RIP=0x7ffe81438ad0 direct-stack-fallback -> 0x14235a237 (n=6656000)
[SKIP] Execute-fault RIP=0x7ffe81438ad0 direct-stack-fallback -> 0x14235a237 (n=6660096)
[SKIP] Execute-fault RIP=0x7ffe81438ad0 direct-stack-fallback -> 0x14235a237 (n=6664192)
[SKIP] Execute-fault RIP=0x7ffe81438ad0 direct-stack-fallback -> 0x14235a237 (n=6668288)
[SKIP] Execute-fault RIP=0x7ffe81438ad0 direct-stack-fallback -> 0x14235a237 (n=6672384)
[SKIP] Execute-fault RIP=0x7ffe81438ad0 direct-stack-fallback -> 0x14235a237 (n=6676480)
[SKIP] Execute-fault RIP=0x7ffe81438ad0 direct-stack-fallback -> 0x14235a237 (n=6680576)
[SKIP] Execute-fault RIP=0x7ffe81438ad0 direct-stack-fallback -> 0x14235a237 (n=6684672)
[SKIP] Execute-fault RIP=0x7ffe81438ad0 direct-stack-fallback -> 0x14235a237 (n=6688768)
[SKIP] Execute-fault RIP=0x7ffe81438ad0 direct-stack-fallback -> 0x14235a237 (n=6692864)
[SKIP] Execute-fault RIP=0x7ffe81438ad0 direct-stack-fallback -> 0x14235a237 (n=6696960)
[SKIP] Execute-fault RIP=0x7ffe81438ad0 direct-stack-fallback -> 0x14235a237 (n=6701056)
[SKIP] Execute-fault RIP=0x7ffe81438ad0 direct-stack-fallback -> 0x14235a237 (n=6705152)
[SKIP] Execute-fault RIP=0x7ffe81438ad0 direct-stack-fallback -> 0x14235a237 (n=6709248)
[SKIP] Execute-fault RIP=0x7ffe81438ad0 direct-stack-fallback -> 0x14235a237 (n=6713344)
[SKIP] Execute-fault RIP=0x7ffe81438ad0 direct-stack-fallback -> 0x14235a237 (n=6717440)
[SKIP] Execute-fault RIP=0x7ffe81438ad0 direct-stack-fallback -> 0x14235a237 (n=6721536)
[SKIP] Execute-fault RIP=0x7ffe81438ad0 direct-stack-fallback -> 0x14235a237 (n=6725632)
[SKIP] Execute-fault RIP=0x7ffe81438ad0 direct-stack-fallback -> 0x14235a237 (n=6729728)
[SKIP] Execute-fault RIP=0x7ffe81438ad0 direct-stack-fallback -> 0x14235a237 (n=6733824)
[SKIP] Execute-fault RIP=0x7ffe81438ad0 direct-stack-fallback -> 0x14235a237 (n=6737920)
[SKIP] Execute-fault RIP=0x7ffe81438ad0 direct-stack-fallback -> 0x14235a237 (n=6742016)
[SKIP] Execute-fault RIP=0x7ffe81438ad0 direct-stack-fallback -> 0x14235a237 (n=6746112)
[SKIP] Execute-fault RIP=0x7ffe81438ad0 direct-stack-fallback -> 0x14235a237 (n=6750208)
[SKIP] Execute-fault RIP=0x7ffe81438ad0 direct-stack-fallback -> 0x14235a237 (n=6754304)
[SKIP] Execute-fault RIP=0x7ffe81438ad0 direct-stack-fallback -> 0x14235a237 (n=6758400)
[SKIP] Execute-fault RIP=0x7ffe81438ad0 direct-stack-fallback -> 0x14235a237 (n=6762496)
[SKIP] Execute-fault RIP=0x7ffe81438ad0 direct-stack-fallback -> 0x14235a237 (n=6766592)
[SKIP] Execute-fault RIP=0x7ffe81438ad0 direct-stack-fallback -> 0x14235a237 (n=6770688)
[SKIP] Execute-fault RIP=0x7ffe81438ad0 direct-stack-fallback -> 0x14235a237 (n=6774784)
[SKIP] Execute-fault RIP=0x7ffe81438ad0 direct-stack-fallback -> 0x14235a237 (n=6778880)
[SKIP] Execute-fault RIP=0x7ffe81438ad0 direct-stack-fallback -> 0x14235a237 (n=6782976)
[SKIP] Execute-fault RIP=0x7ffe81438ad0 direct-stack-fallback -> 0x14235a237 (n=6787072)
[SKIP] Execute-fault RIP=0x7ffe81438ad0 direct-stack-fallback -> 0x14235a237 (n=6791168)
[SKIP] Execute-fault RIP=0x7ffe81438ad0 direct-stack-fallback -> 0x14235a237 (n=6795264)
[SKIP] Execute-fault RIP=0x7ffe81438ad0 direct-stack-fallback -> 0x14235a237 (n=6799360)
[SKIP] Execute-fault RIP=0x7ffe81438ad0 direct-stack-fallback -> 0x14235a237 (n=6803456)
[SKIP] Execute-fault RIP=0x7ffe81438ad0 direct-stack-fallback -> 0x14235a237 (n=6807552)
[SKIP] Execute-fault RIP=0x7ffe81438ad0 direct-stack-fallback -> 0x14235a237 (n=6811648)
[SKIP] Execute-fault RIP=0x7ffe81438ad0 direct-stack-fallback -> 0x14235a237 (n=6815744)
[SKIP] Execute-fault RIP=0x7ffe81438ad0 direct-stack-fallback -> 0x14235a237 (n=6819840)
[SKIP] Execute-fault RIP=0x7ffe81438ad0 direct-stack-fallback -> 0x14235a237 (n=6823936)
[SKIP] Execute-fault RIP=0x7ffe81438ad0 direct-stack-fallback -> 0x14235a237 (n=6828032)
[SKIP] Execute-fault RIP=0x7ffe81438ad0 direct-stack-fallback -> 0x14235a237 (n=6832128)
[SKIP] Execute-fault RIP=0x7ffe81438ad0 direct-stack-fallback -> 0x14235a237 (n=6836224)
[SKIP] Execute-fault RIP=0x7ffe81438ad0 direct-stack-fallback -> 0x14235a237 (n=6840320)
[SKIP] Execute-fault RIP=0x7ffe81438ad0 direct-stack-fallback -> 0x14235a237 (n=6844416)
[SKIP] Execute-fault RIP=0x7ffe81438ad0 direct-stack-fallback -> 0x14235a237 (n=6848512)
[SKIP] Execute-fault RIP=0x7ffe81438ad0 direct-stack-fallback -> 0x14235a237 (n=6852608)
[SKIP] Execute-fault RIP=0x7ffe81438ad0 direct-stack-fallback -> 0x14235a237 (n=6856704)
[SKIP] Execute-fault RIP=0x7ffe81438ad0 direct-stack-fallback -> 0x14235a237 (n=6860800)
[SKIP] Execute-fault RIP=0x7ffe81438ad0 direct-stack-fallback -> 0x14235a237 (n=6864896)
[SKIP] Execute-fault RIP=0x7ffe81438ad0 direct-stack-fallback -> 0x14235a237 (n=6868992)
[SKIP] Execute-fault RIP=0x7ffe81438ad0 direct-stack-fallback -> 0x14235a237 (n=6873088)
[SKIP] Execute-fault RIP=0x7ffe81438ad0 direct-stack-fallback -> 0x14235a237 (n=6877184)
[SKIP] Execute-fault RIP=0x7ffe81438ad0 direct-stack-fallback -> 0x14235a237 (n=6881280)
[SKIP] Execute-fault RIP=0x7ffe81438ad0 direct-stack-fallback -> 0x14235a237 (n=6885376)
[SKIP] Execute-fault RIP=0x7ffe81438ad0 direct-stack-fallback -> 0x14235a237 (n=6889472)
[SKIP] Execute-fault RIP=0x7ffe81438ad0 direct-stack-fallback -> 0x14235a237 (n=6893568)
[SKIP] Execute-fault RIP=0x7ffe81438ad0 direct-stack-fallback -> 0x14235a237 (n=6897664)
[SKIP] Execute-fault RIP=0x7ffe81438ad0 direct-stack-fallback -> 0x14235a237 (n=6901760)
[SKIP] Execute-fault RIP=0x7ffe81438ad0 direct-stack-fallback -> 0x14235a237 (n=6905856)
[SKIP] Execute-fault RIP=0x7ffe81438ad0 direct-stack-fallback -> 0x14235a237 (n=6909952)
[SKIP] Execute-fault RIP=0x7ffe81438ad0 direct-stack-fallback -> 0x14235a237 (n=6914048)
[SKIP] Execute-fault RIP=0x7ffe81438ad0 direct-stack-fallback -> 0x14235a237 (n=6918144)
[SKIP] Execute-fault RIP=0x7ffe81438ad0 direct-stack-fallback -> 0x14235a237 (n=6922240)
[SKIP] Execute-fault RIP=0x7ffe81438ad0 direct-stack-fallback -> 0x14235a237 (n=6926336)
[SKIP] Execute-fault RIP=0x7ffe81438ad0 direct-stack-fallback -> 0x14235a237 (n=6930432)
[SKIP] Execute-fault RIP=0x7ffe81438ad0 direct-stack-fallback -> 0x14235a237 (n=6934528)
[SKIP] Execute-fault RIP=0x7ffe81438ad0 direct-stack-fallback -> 0x14235a237 (n=6938624)
[SKIP] Execute-fault RIP=0x7ffe81438ad0 direct-stack-fallback -> 0x14235a237 (n=6942720)
[SKIP] Execute-fault RIP=0x7ffe81438ad0 direct-stack-fallback -> 0x14235a237 (n=6946816)
[SKIP] Execute-fault RIP=0x7ffe81438ad0 direct-stack-fallback -> 0x14235a237 (n=6950912)
[SKIP] Execute-fault RIP=0x7ffe81438ad0 direct-stack-fallback -> 0x14235a237 (n=6955008)
[SKIP] Execute-fault RIP=0x7ffe81438ad0 direct-stack-fallback -> 0x14235a237 (n=6959104)
[SKIP] Execute-fault RIP=0x7ffe81438ad0 direct-stack-fallback -> 0x14235a237 (n=6963200)
[SKIP] Execute-fault RIP=0x7ffe81438ad0 direct-stack-fallback -> 0x14235a237 (n=6967296)
[SKIP] Execute-fault RIP=0x7ffe81438ad0 direct-stack-fallback -> 0x14235a237 (n=6971392)
[SKIP] Execute-fault RIP=0x7ffe81438ad0 direct-stack-fallback -> 0x14235a237 (n=6975488)
[SKIP] Execute-fault RIP=0x7ffe81438ad0 direct-stack-fallback -> 0x14235a237 (n=6979584)
[SKIP] Execute-fault RIP=0x7ffe81438ad0 direct-stack-fallback -> 0x14235a237 (n=6983680)
[SKIP] Execute-fault RIP=0x7ffe81438ad0 direct-stack-fallback -> 0x14235a237 (n=6987776)
[SKIP] Execute-fault RIP=0x7ffe81438ad0 direct-stack-fallback -> 0x14235a237 (n=6991872)
[SKIP] Execute-fault RIP=0x7ffe81438ad0 direct-stack-fallback -> 0x14235a237 (n=6995968)
[SKIP] Execute-fault RIP=0x7ffe81438ad0 direct-stack-fallback -> 0x14235a237 (n=7000064)
[SKIP] Execute-fault RIP=0x7ffe81438ad0 direct-stack-fallback -> 0x14235a237 (n=7004160)
[SKIP] Execute-fault RIP=0x7ffe81438ad0 direct-stack-fallback -> 0x14235a237 (n=7008256)
[SKIP] Execute-fault RIP=0x7ffe81438ad0 direct-stack-fallback -> 0x14235a237 (n=7012352)
[SKIP] Execute-fault RIP=0x7ffe81438ad0 direct-stack-fallback -> 0x14235a237 (n=7016448)
[SKIP] Execute-fault RIP=0x7ffe81438ad0 direct-stack-fallback -> 0x14235a237 (n=7020544)
[SKIP] Execute-fault RIP=0x7ffe81438ad0 direct-stack-fallback -> 0x14235a237 (n=7024640)
[SKIP] Execute-fault RIP=0x7ffe81438ad0 direct-stack-fallback -> 0x14235a237 (n=7028736)
[SKIP] Execute-fault RIP=0x7ffe81438ad0 direct-stack-fallback -> 0x14235a237 (n=7032832)
[SKIP] Execute-fault RIP=0x7ffe81438ad0 direct-stack-fallback -> 0x14235a237 (n=7036928)
[SKIP] Execute-fault RIP=0x7ffe81438ad0 direct-stack-fallback -> 0x14235a237 (n=7041024)
[SKIP] Execute-fault RIP=0x7ffe81438ad0 direct-stack-fallback -> 0x14235a237 (n=7045120)
[SKIP] Execute-fault RIP=0x7ffe81438ad0 direct-stack-fallback -> 0x14235a237 (n=7049216)
[SKIP] Execute-fault RIP=0x7ffe81438ad0 direct-stack-fallback -> 0x14235a237 (n=7053312)
[SKIP] Execute-fault RIP=0x7ffe81438ad0 direct-stack-fallback -> 0x14235a237 (n=7057408)
[SKIP] Execute-fault RIP=0x7ffe81438ad0 direct-stack-fallback -> 0x14235a237 (n=7061504)
[SKIP] Execute-fault RIP=0x7ffe81438ad0 direct-stack-fallback -> 0x14235a237 (n=7065600)
[SKIP] Execute-fault RIP=0x7ffe81438ad0 direct-stack-fallback -> 0x14235a237 (n=7069696)
[SKIP] Execute-fault RIP=0x7ffe81438ad0 direct-stack-fallback -> 0x14235a237 (n=7073792)
[SKIP] Execute-fault RIP=0x7ffe81438ad0 direct-stack-fallback -> 0x14235a237 (n=7077888)
[SKIP] Execute-fault RIP=0x7ffe81438ad0 direct-stack-fallback -> 0x14235a237 (n=7081984)
[SKIP] Execute-fault RIP=0x7ffe81438ad0 direct-stack-fallback -> 0x14235a237 (n=7086080)
[SKIP] Execute-fault RIP=0x7ffe81438ad0 direct-stack-fallback -> 0x14235a237 (n=7090176)
[SKIP] Execute-fault RIP=0x7ffe81438ad0 direct-stack-fallback -> 0x14235a237 (n=7094272)
[SKIP] Execute-fault RIP=0x7ffe81438ad0 direct-stack-fallback -> 0x14235a237 (n=7098368)
[SKIP] Execute-fault RIP=0x7ffe81438ad0 direct-stack-fallback -> 0x14235a237 (n=7102464)
[SKIP] Execute-fault RIP=0x7ffe81438ad0 direct-stack-fallback -> 0x14235a237 (n=7106560)
[SKIP] Execute-fault RIP=0x7ffe81438ad0 direct-stack-fallback -> 0x14235a237 (n=7110656)
[SKIP] Execute-fault RIP=0x7ffe81438ad0 direct-stack-fallback -> 0x14235a237 (n=7114752)
[SKIP] Execute-fault RIP=0x7ffe81438ad0 direct-stack-fallback -> 0x14235a237 (n=7118848)
[SKIP] Execute-fault RIP=0x7ffe81438ad0 direct-stack-fallback -> 0x14235a237 (n=7122944)
[SKIP] Execute-fault RIP=0x7ffe81438ad0 direct-stack-fallback -> 0x14235a237 (n=7127040)
