=== Beer Loader ===
[PE]  /run/media/abhineet/56A4064AA4062CD5/Games/Sekiro - Shadows Die Twice/sekiro.exe
[PE]  ImageBase=0x140000000  SzImage=0x42d2000  EntryRVA=+0x235a28c  Sections=10
[PE]  Mapped at preferred base 0x140000000
[SEC] .text     +0x001000  vsz=0x291bc47  raw=0x291be00  chars=0x60000020
[SEC] .interpr  +0x291d000  vsz=0x0bef0  raw=0x0c000  chars=0x60000020
[SEC] .rdata    +0x2929000  vsz=0x11cfe68  raw=0x11d0000  chars=0x40000040
[SEC] .data     +0x3af9000  vsz=0x44ff64  raw=0x25b000  chars=0xc0000040
[SEC] .pdata    +0x3f49000  vsz=0x29b854  raw=0x29ba00  chars=0x40000040
[SEC] .gfids    +0x41e5000  vsz=0x01120  raw=0x01200  chars=0x40000040
[SEC] .tls      +0x41e7000  vsz=0x00009  raw=0x00200  chars=0xc0000040
[SEC] .rsrc     +0x41e8000  vsz=0x05ad0  raw=0x05c00  chars=0x40000040
[SEC] .reloc    +0x41ee000  vsz=0xb0a3c  raw=0xb0c00  chars=0x42000040
[SEC] .bind     +0x429f000  vsz=0x324d0  raw=0x324d0  chars=0x60000000
[IMP] 534 imports total
[DLL] steam_api64.dll
  [REAL] steam_api64.dll!SteamAPI_RunCallbacks
  [REAL] steam_api64.dll!SteamAPI_Init
  [REAL] steam_api64.dll!SteamClient
  [REAL] steam_api64.dll!SteamAPI_RestartAppIfNecessary
  [REAL] steam_api64.dll!SteamAPI_Shutdown
  [REAL] steam_api64.dll!SteamUserStats
  [REAL] steam_api64.dll!SteamUser
  [REAL] steam_api64.dll!SteamUtils
  [REAL] steam_api64.dll!SteamAPI_UnregisterCallback
  [REAL] steam_api64.dll!SteamAPI_RegisterCallback
  [REAL] steam_api64.dll!SteamApps
  [REAL] steam_api64.dll!SteamFriends
[DLL] dxgi.dll
  [REAL] dxgi.dll!CreateDXGIFactory
[DLL] WS2_32.dll
[DLL] amd_ags_x64.dll
[DLL] fmodex64.dll
[DLL] fmod_event64.dll
[DLL] oo2core_6_win64.dll
[DLL] WLDAP32.dll
[DLL] CRYPT32.dll
[DLL] ADVAPI32.dll
  [REAL] ADVAPI32.dll!SetSecurityDescriptorDacl
  [REAL] ADVAPI32.dll!InitializeSecurityDescriptor
  [REAL] ADVAPI32.dll!GetUserNameW
  [REAL] ADVAPI32.dll!GetUserNameA
[DLL] WINMM.dll
  [REAL] WINMM.dll!timeBeginPeriod
  [REAL] WINMM.dll!timeGetTime
  [REAL] WINMM.dll!timeEndPeriod
[DLL] bink2w64.dll
[DLL] KERNEL32.dll
  [REAL] KERNEL32.dll!GetLogicalProcessorInformation
  [REAL] KERNEL32.dll!GetProcessHeap
  [REAL] KERNEL32.dll!HeapFree
  [REAL] KERNEL32.dll!HeapAlloc
  [REAL] KERNEL32.dll!InitializeSListHead
  [REAL] KERNEL32.dll!GetStartupInfoW
  [REAL] KERNEL32.dll!IsDebuggerPresent
  [REAL] KERNEL32.dll!IsProcessorFeaturePresent
  [REAL] KERNEL32.dll!UnhandledExceptionFilter
  [REAL] KERNEL32.dll!RtlLookupFunctionEntry
  [REAL] KERNEL32.dll!RtlCaptureContext
  [REAL] KERNEL32.dll!GetCPInfo
  [REAL] KERNEL32.dll!GetLocaleInfoW
  [REAL] KERNEL32.dll!LCMapStringW
  [REAL] KERNEL32.dll!CompareStringW
  [REAL] KERNEL32.dll!DecodePointer
  [REAL] KERNEL32.dll!EncodePointer
  [REAL] KERNEL32.dll!GetStringTypeW
  [REAL] KERNEL32.dll!GetThreadTimes
  [REAL] KERNEL32.dll!FreeLibraryAndExitThread
  [REAL] KERNEL32.dll!GetModuleHandleA
  [REAL] KERNEL32.dll!TerminateProcess
  [REAL] KERNEL32.dll!InterlockedFlushSList
  [REAL] KERNEL32.dll!RtlPcToFileHeader
  [REAL] KERNEL32.dll!ExitProcess
  [REAL] KERNEL32.dll!GetACP
  [REAL] KERNEL32.dll!VirtualProtect
  [REAL] KERNEL32.dll!CreateSemaphoreA
  [REAL] KERNEL32.dll!CreateEventA
  [REAL] KERNEL32.dll!CreateMutexA
  [REAL] KERNEL32.dll!WaitForMultipleObjects
  [REAL] KERNEL32.dll!FormatMessageA
  [REAL] KERNEL32.dll!SetUnhandledExceptionFilter
  [REAL] KERNEL32.dll!IsValidLocale
  [REAL] KERNEL32.dll!GlobalAlloc
  [REAL] KERNEL32.dll!GetEnvironmentVariableW
  [REAL] KERNEL32.dll!GetTickCount
  [REAL] KERNEL32.dll!RtlVirtualUnwind
  [REAL] KERNEL32.dll!ExitThread
  [REAL] KERNEL32.dll!WideCharToMultiByte
  [REAL] KERNEL32.dll!MultiByteToWideChar
  [REAL] KERNEL32.dll!GetFileType
  [REAL] KERNEL32.dll!GetStdHandle
  [REAL] KERNEL32.dll!GetModuleHandleExW
  [REAL] KERNEL32.dll!LoadLibraryExW
  [REAL] KERNEL32.dll!LocalAlloc
  [REAL] KERNEL32.dll!CreateFileA
  [REAL] KERNEL32.dll!FormatMessageW
  [REAL] KERNEL32.dll!SetErrorMode
  [REAL] KERNEL32.dll!ReadFile
  [REAL] KERNEL32.dll!GetModuleFileNameW
  [REAL] KERNEL32.dll!GetDriveTypeW
  [REAL] KERNEL32.dll!OutputDebugStringW
  [REAL] KERNEL32.dll!GetTempPathW
  [REAL] KERNEL32.dll!ResumeThread
  [REAL] KERNEL32.dll!SuspendThread
  [REAL] KERNEL32.dll!TerminateThread
  [REAL] KERNEL32.dll!RaiseException
  [REAL] KERNEL32.dll!CreateEventW
  [REAL] KERNEL32.dll!ResetEvent
  [REAL] KERNEL32.dll!SetEvent
  [REAL] KERNEL32.dll!OpenThread
  [REAL] KERNEL32.dll!GetModuleHandleW
  [REAL] KERNEL32.dll!SetLastError
  [REAL] KERNEL32.dll!SetProcessAffinityMask
  [REAL] KERNEL32.dll!GetProcessAffinityMask
  [REAL] KERNEL32.dll!SystemTimeToFileTime
  [REAL] KERNEL32.dll!FileTimeToSystemTime
  [REAL] KERNEL32.dll!GetLocalTime
  [REAL] KERNEL32.dll!ReleaseMutex
  [REAL] KERNEL32.dll!GetSystemDefaultLCID
  [REAL] KERNEL32.dll!GetSystemDefaultLangID
  [REAL] KERNEL32.dll!WriteFile
  [REAL] KERNEL32.dll!SetFilePointer
  [REAL] KERNEL32.dll!GetSystemTimeAsFileTime
  [REAL] KERNEL32.dll!SetFileAttributesW
  [REAL] KERNEL32.dll!GetFullPathNameW
  [REAL] KERNEL32.dll!HeapReAlloc
  [REAL] KERNEL32.dll!HeapSize
  [REAL] KERNEL32.dll!GetUserDefaultLCID
  [REAL] KERNEL32.dll!EnumSystemLocalesW
  [REAL] KERNEL32.dll!IsValidCodePage
  [REAL] KERNEL32.dll!GetOEMCP
  [REAL] KERNEL32.dll!SetStdHandle
  [REAL] KERNEL32.dll!GetCommandLineA
  [REAL] KERNEL32.dll!GetEnvironmentStringsW
  [REAL] KERNEL32.dll!FreeEnvironmentStringsW
  [REAL] KERNEL32.dll!InitializeCriticalSection
  [REAL] KERNEL32.dll!GetFileAttributesW
  [REAL] KERNEL32.dll!CreateFileW
  [REAL] KERNEL32.dll!CreateThread
  [REAL] KERNEL32.dll!LoadLibraryW
  [REAL] KERNEL32.dll!GetModuleFileNameA
  [REAL] KERNEL32.dll!GetCurrentProcess
  [REAL] KERNEL32.dll!VirtualQuery
  [REAL] KERNEL32.dll!VirtualFree
  [REAL] KERNEL32.dll!CreateSemaphoreW
  [REAL] KERNEL32.dll!WaitForSingleObject
  [REAL] KERNEL32.dll!ReleaseSemaphore
  [REAL] KERNEL32.dll!SetThreadAffinityMask
  [REAL] KERNEL32.dll!FreeLibrary
  [REAL] KERNEL32.dll!TlsFree
  [REAL] KERNEL32.dll!TlsSetValue
  [REAL] KERNEL32.dll!TlsAlloc
  [REAL] KERNEL32.dll!LoadLibraryA
  [REAL] KERNEL32.dll!GetProcAddress
  [REAL] KERNEL32.dll!GetSystemInfo
  [REAL] KERNEL32.dll!GetCurrentThreadId
  [REAL] KERNEL32.dll!GetCurrentProcessId
  [REAL] KERNEL32.dll!QueryPerformanceFrequency
  [REAL] KERNEL32.dll!QueryPerformanceCounter
  [REAL] KERNEL32.dll!TlsGetValue
  [REAL] KERNEL32.dll!OutputDebugStringA
  [REAL] KERNEL32.dll!EnterCriticalSection
  [REAL] KERNEL32.dll!LeaveCriticalSection
  [REAL] KERNEL32.dll!Sleep
  [REAL] KERNEL32.dll!VirtualAlloc
  [REAL] KERNEL32.dll!GetCurrentDirectoryW
  [REAL] KERNEL32.dll!InitializeCriticalSectionAndSpinCount
  [REAL] KERNEL32.dll!TryEnterCriticalSection
  [REAL] KERNEL32.dll!DeleteCriticalSection
  [REAL] KERNEL32.dll!CloseHandle
  [REAL] KERNEL32.dll!GetLastError
  [REAL] KERNEL32.dll!GetCommandLineW
  [REAL] KERNEL32.dll!CreateMutexW
  [REAL] KERNEL32.dll!GetCurrentThread
  [REAL] KERNEL32.dll!SetThreadPriority
  [REAL] KERNEL32.dll!LocalFree
[DLL] USER32.dll
  [REAL] USER32.dll!LoadCursorW
  [REAL] USER32.dll!SetCursor
  [REAL] USER32.dll!GetWindowRect
  [REAL] USER32.dll!GetClientRect
  [REAL] USER32.dll!SetWindowTextW
  [REAL] USER32.dll!SetForegroundWindow
  [REAL] USER32.dll!UpdateWindow
  [REAL] USER32.dll!ShowWindow
  [REAL] USER32.dll!CreateWindowExW
  [REAL] USER32.dll!RegisterClassExW
  [REAL] USER32.dll!DefWindowProcW
  [REAL] USER32.dll!PostMessageW
  [REAL] USER32.dll!SendMessageW
  [REAL] USER32.dll!SetWindowLongW
  [REAL] USER32.dll!GetWindowLongW
  [REAL] USER32.dll!AdjustWindowRect
  [REAL] USER32.dll!GetSystemMetrics
  [REAL] USER32.dll!SetFocus
  [REAL] USER32.dll!LoadIconW
  [REAL] USER32.dll!GetDC
  [REAL] USER32.dll!GetActiveWindow
  [REAL] USER32.dll!PeekMessageW
  [REAL] USER32.dll!GetMessageW
  [REAL] USER32.dll!TranslateMessage
  [REAL] USER32.dll!DispatchMessageW
  [REAL] USER32.dll!PostQuitMessage
  [REAL] USER32.dll!ShowCursor
  [REAL] USER32.dll!SetWindowPos
  [REAL] USER32.dll!GetDesktopWindow
[DLL] GDI32.dll
[DLL] SHELL32.dll
  [REAL] SHELL32.dll!SHGetFolderPathW
  [REAL] SHELL32.dll!CommandLineToArgvW
[DLL] ole32.dll
  [REAL] ole32.dll!CoCreateInstance
  [REAL] ole32.dll!CoUninitialize
  [REAL] ole32.dll!CoInitializeEx
  [REAL] ole32.dll!CoInitialize
[DLL] OLEAUT32.dll
[DLL] IMM32.dll
  [REAL] IMM32.dll!ImmDisableIME
[DLL] d3d11.dll
  [REAL] d3d11.dll!D3D11CreateDevice
[DLL] d3dx11_43.dll
[DLL] d3d9.dll
[DLL] XINPUT1_3.dll
[DLL] DINPUT8.dll
[DLL] D3DCOMPILER_43.dll
[PATCH] Installed bad-target stub at RVA 0x3dd7570
[PATCH] Hardened worker vcall block at RVA 0x1a6652e
[PATCH] Stubbed lock/txn helper at RVA 0x23ae079
[PATCH] Stubbed lock/txn helper at RVA 0x23b78e1
[PATCH] Stubbed hot return site at RVA 0x23b7a24
[PATCH] Stubbed hot return site at RVA 0x239de43
[PATCH] Stubbed hot return site at RVA 0x239de38
[PATCH] Stubbed hot return site at RVA 0x23979f9
[PATCH] Stubbed crash site at RVA 0x239ea2e
[PATCH] Stubbed loop site at RVA 0x23a6d71
[PATCH] Stubbed loop site at RVA 0x23b79d9
[PATCH] Stubbed crash site at RVA 0x23b6275
[PATCH] Stubbed hot return site at RVA 0x239c625
[PATCH] Stubbed hot return site at RVA 0x239c6a8
[PATCH] Stubbed hot return site at RVA 0x23a7dec
[PATCH] Stubbed extra site at RVA 0x237a32f
[PATCH] Stubbed extra site at RVA 0x239c70c
[PATCH] Stubbed extra site at RVA 0x239ea1a
[PATCH] Stubbed extra site at RVA 0x19edfeb
[PATCH] Stubbed extra site at RVA 0x19eb477
[PATCH] Stubbed extra site at RVA 0x19eb496
[PATCH] Stubbed extra site at RVA 0x19ee000
[PATCH] Stubbed extra site at RVA 0x19ee013
[PATCH] Stubbed extra site at RVA 0x19ee026
[PATCH] Stubbed extra site at RVA 0x19ee039
[PATCH] Stubbed extra site at RVA 0x19ee04c
[PATCH] Stubbed extra site at RVA 0x19e27f8
[PATCH] Stubbed extra site at RVA 0x19e280a
[PATCH] Stubbed extra site at RVA 0x19e2816
[PATCH] Stubbed extra site at RVA 0x19e2821
[PATCH] Stubbed extra site at RVA 0x19e2830
[PATCH] Stubbed extra site at RVA 0x19ee0d0
[PATCH] Stubbed extra site at RVA 0x19ee0e0
[PATCH] Stubbed extra site at RVA 0x19ee0e8
[PATCH] Stubbed extra site at RVA 0x19ee0f2
[PATCH] Stubbed extra site at RVA 0x19ee5e2
[PATCH] Stubbed extra site at RVA 0x19fbf90
[PATCH] Stubbed extra site at RVA 0x19fbfb5
[PATCH] Stubbed extra site at RVA 0x19fbfc3
[PATCH] Stubbed extra site at RVA 0x19fbfde
[PATCH] Stubbed extra site at RVA 0x19fbfe4
[PATCH] Stubbed extra site at RVA 0x19fc004
[PATCH] Stubbed extra site at RVA 0x19fc013
[PATCH] Stubbed extra site at RVA 0x19fc01a
[PATCH] Stubbed extra site at RVA 0x19fc03c
[PATCH] Stubbed extra site at RVA 0x19fc043
[PATCH] Stubbed extra site at RVA 0x19fc050
[PATCH] Stubbed extra site at RVA 0x233522d
[PATCH] Stubbed extra site at RVA 0x23351e0
[PATCH] Stubbed extra site at RVA 0x23351ea
[PATCH] Stubbed extra site at RVA 0x23351be
[PATCH] Stubbed extra site at RVA 0x23351c9
[PATCH] Stubbed extra site at RVA 0x23353d4
[PATCH] Stubbed extra site at RVA 0x23355aa
[PATCH] Stubbed extra site at RVA 0x233b69a
[PATCH] Stubbed extra site at RVA 0x233b6e6
[PATCH] Stubbed extra site at RVA 0x233b823
[PATCH] Stubbed extra site at RVA 0x233b86a
[PATCH] Stubbed extra site at RVA 0x2352673
[PATCH] Stubbed extra site at RVA 0x23526fd
[PATCH] Stubbed extra site at RVA 0x23a7667
[PATCH] Stubbed extra site at RVA 0x23a6d4c
[PATCH] Stubbed extra site at RVA 0x23a6d73
[PATCH] Stubbed extra site at RVA 0x23a6d7a
[PATCH] Stubbed extra site at RVA 0x23a6e8f
[PATCH] Stubbed extra site at RVA 0x23a6e96
[PATCH] Stubbed extra site at RVA 0x23adf24
[PATCH] Stubbed extra site at RVA 0x23adf7e
[PATCH] Stubbed extra site at RVA 0x23ae05d
[PATCH] Stubbed extra site at RVA 0x23ae07b
[PATCH] Stubbed extra site at RVA 0x23ae082
[PATCH] Stubbed extra site at RVA 0x23ae089
[PATCH] Stubbed extra site at RVA 0x23ae1b7
[PATCH] Stubbed extra site at RVA 0x23ae182
[PATCH] Stubbed extra site at RVA 0x23ae18e
[PATCH] Stubbed extra site at RVA 0x23ab4eb
[PATCH] Stubbed extra site at RVA 0x23ab4f2
[PATCH] Stubbed extra site at RVA 0x23ae1b9
[PATCH] Stubbed extra site at RVA 0x23ae1c0
[PATCH] Stubbed extra site at RVA 0x23ae1d8
[PATCH] Stubbed extra site at RVA 0x23ae1e8
[PATCH] Stubbed extra site at RVA 0x23ab08e
[PATCH] Stubbed extra site at RVA 0x23ab80c
[PATCH] Stubbed extra site at RVA 0x23ab862
[PATCH] Stubbed extra site at RVA 0x23ab873
[PATCH] Stubbed extra site at RVA 0x23ab875
[PATCH] Stubbed extra site at RVA 0x23ab085
[PATCH] Stubbed extra site at RVA 0x23ab2e1
[PATCH] Stubbed extra site at RVA 0x23b164a
[PATCH] Stubbed extra site at RVA 0x23b159a
[PATCH] Stubbed extra site at RVA 0x23b57ef
[PATCH] Stubbed extra site at RVA 0x23b7019
[PATCH] Stubbed extra site at RVA 0x23b703f
[PATCH] Stubbed extra site at RVA 0x23b7066
[PATCH] Stubbed extra site at RVA 0x23b706b
[PATCH] Stubbed extra site at RVA 0x23b7644
[PATCH] Stubbed extra site at RVA 0x23b76e4
[PATCH] Stubbed extra site at RVA 0x23b7987
[PATCH] Stubbed extra site at RVA 0x23b7990
[PATCH] Stubbed extra site at RVA 0x23b7a24
[PATCH] Stubbed extra site at RVA 0x23b7a26
[PATCH] Stubbed extra site at RVA 0x23b7a28
[PATCH] Stubbed extra site at RVA 0x23b7a2a
[PATCH] Stubbed extra site at RVA 0x23b7a2f
[PATCH] Stubbed extra site at RVA 0x23b7a31
[PATCH] Stubbed extra site at RVA 0x23b7a33
[PATCH] Stubbed extra site at RVA 0x23b7a38
[PATCH] Stubbed extra site at RVA 0x23b7a3a
[PATCH] Stubbed extra site at RVA 0x23b7a4f
[PATCH] Stubbed extra site at RVA 0x23b7a65
[PATCH] Stubbed extra site at RVA 0x23b7a75
[PATCH] Stubbed extra site at RVA 0x23b7a97
[PATCH] Stubbed extra site at RVA 0x23b7a9e
[PATCH] Stubbed extra site at RVA 0x23b7aa5
[PATCH] Stubbed extra site at RVA 0x23b7ab0
[PATCH] Stubbed extra site at RVA 0x23b7ab7
[PATCH] Stubbed extra site at RVA 0x23bb64f
[PATCH] Stubbed extra site at RVA 0x23bb65a
[PATCH] Stubbed extra site at RVA 0x23bb667
[PATCH] Stubbed extra site at RVA 0x23bb674
[PATCH] Stubbed extra site at RVA 0x23bb681
[PATCH] Stubbed extra site at RVA 0x23ba892
[PATCH] Stubbed extra site at RVA 0x23ba89c
[PATCH] Stubbed extra site at RVA 0x23ba8a3
[PATCH] Stubbed extra site at RVA 0x23ba8b0
[PATCH] Stubbed extra site at RVA 0x23ba8bf
[PATCH] Stubbed extra site at RVA 0x23ae0dd
[PATCH] Stubbed extra site at RVA 0x30c1a48
[PATCH] Stubbed extra site at RVA 0x19dcfda
[PATCH] Stubbed extra site at RVA 0x35a142
[PATCH] Stubbed extra site at RVA 0x35a500
[PATCH] Stubbed extra site at RVA 0x1a3bc36
[PATCH] Stubbed extra site at RVA 0x1a0559e
[PATCH] Stubbed extra site at RVA 0x1a055b3
[PATCH] Stubbed extra site at RVA 0x1a055ba
[PATCH] Stubbed extra site at RVA 0x1a055c8
[PATCH] Stubbed extra site at RVA 0x1a055d1
[PATCH] Stubbed extra site at RVA 0x19dca02
[PATCH] Stubbed extra site at RVA 0x2359b88
[PATCH] Stubbed extra site at RVA 0x2dc5820
[PATCH] Stubbed extra site at RVA 0x2dc5948
[PATCH] Stubbed extra site at RVA 0x2dc5960
[PATCH] Stubbed extra site at RVA 0x3ec7d60
[PATCH] Stubbed extra site at RVA 0x3ec7d68
[PATCH] Stubbed extra site at RVA 0x239c627
[PATCH] Stubbed extra site at RVA 0x3f08960
[PATCH] Stubbed extra site at RVA 0x3f08bc0
[PATCH] Stubbed extra site at RVA 0x3f08bc8
[PATCH] Stubbed extra site at RVA 0x3f31e30
[PATCH] Stubbed extra site at RVA 0x3f332a0
[PATCH] Stubbed extra site at RVA 0x3f332f0
[PATCH] Stubbed extra site at RVA 0x39ea11
[PATCH] Stubbed extra site at RVA 0x39ea1a
[PATCH] Stubbed extra site at RVA 0x237cee4
[PATCH] Stubbed extra site at RVA 0x237cef3
[PATCH] Stubbed extra site at RVA 0x237cf00
[PATCH] Stubbed extra site at RVA 0x237cf10
[PATCH] Stubbed extra site at RVA 0x237cf2e
[PATCH] Stubbed extra site at RVA 0x1130b2e
[PATCH] Stubbed extra site at RVA 0x1130b36
[PATCH] Stubbed extra site at RVA 0x1130b3d
[PATCH] Stubbed extra site at RVA 0x1130b44
[PATCH] Stubbed extra site at RVA 0x1130b4c
[PATCH] Stubbed extra site at RVA 0x11e42da
[PATCH] Stubbed extra site at RVA 0x235a237
[PATCH] Stubbed extra site at RVA 0x235a67a
[PATCH] Stubbed extra site at RVA 0x2945090
[PATCH] Stubbed extra site at RVA 0x29450e0
[PATCH] Stubbed extra site at RVA 0x11ae01
[PATCH] Stubbed extra site at RVA 0x11ae80
[PATCH] Stubbed extra site at RVA 0x11ae95
[PATCH] Ret-sled at RVA 0x3f33280..0x3f332ff
[PATCH] Ret-sled at RVA 0x23ae050..0x23ae0af
[PATCH] Ret-sled at RVA 0x23ae170..0x23ae1df
[PATCH] Ret-sled at RVA 0x23b7a20..0x23b7acf
[PATCH] Ret-sled at RVA 0x23b7000..0x23b70cf
[PATCH] Ret-sled at RVA 0x239c620..0x239c65f
[PATCH] Ret-sled at RVA 0x23bb640..0x23bb6df
[IMP] 534 stubs total  (185 real implementations, 349 stubs -> 0)
[TLS] tls_dir RVA=0x32be008 raw=8 zero=0 idx=0 (fixed)
[TEB] teb=0x7c06a8b3e000  peb=0x7c06a8b3b000  stack=0x7c06a8000000..0x7c06a8800000  tls_arr=0x7c06a8b3d000
[PATCH] Disabled 1414 Transaction-failed assertion branches

[RUN] Handing off to entry point 0x14235a28c
[SKIP] Execute-fault RIP=0x7ffc871f90c0 direct-stack-fallback -> 0x1411e42da (n=1)
[SKIP] Execute-fault RIP=0x343d -> stack continue 0x14237d1e3 (skip 7)
[SKIP] Host signed near-null RIP=0x7c06a8998560 (fault=0xffffffffffffffff), redirecting
[SKIP] Host near-null RIP=0x5699c2356f26 (fault=0x13), redirecting
[SKIP] Null-write hot island RIP=0x1423b7a24 (+0x23b7a24), hit=1 -> 0x14235a237 (skip 0)
[SKIP] Null-write at RIP=0x14235a239 (+0x235a239), advancing 7 bytes, gs_base=0x7c06a8b3e000
[PANIC_STACK] RSP=0x7ffc871f8f20  RAX=0x0  RBX=0xfa0  RCX=0xffffffffffffffff  RDX=0x28
[PANIC_STACK] R8=0xa31306886bf1  R9=0x140000000  R10=0x0  R11=0x3d3b350f
[PANIC_STACK] instr bytes: c3 90 90 00 00
[PANIC_STACK]   [22] img+0x30beaa8
[PANIC_STACK]   [23] img+0x237d20a
[PANIC_STACK]   [29] img+0x237dd98
[SKIP] Host-space bad target RIP=0x7c06a88a7924, redirecting
[SKIP] Null-write CTI hotspot RIP=0x1423978b8 (+0x23978b8), hit=1 -> 0x14235a237
[SKIP] Execute-fault RIP=0x7ffc871f9020 direct-stack-fallback -> 0x1411e42da (n=2)
[SKIP] Execute-fault RIP=0x155555554 -> stack continue 0x14235a249 (skip 3)
[SKIP] Host-space bad target RIP=0x7c06a88a7924, redirecting
[SKIP] Null-write CTI hotspot RIP=0x1423978b8 (+0x23978b8), hit=2 -> 0x14235a237
[SKIP] Execute-fault RIP=0x7ffc871f9020 direct-stack-fallback -> 0x1411e42da (n=3)
[SKIP] Execute-fault RIP=0x155555554 -> stack continue 0x14235a253 (skip 3)
[SKIP] Emergency low RIP=0x0 redirect
[SKIP] Emergency low RIP=0x0 redirect
[SKIP] Emergency low RIP=0x0 redirect
[SKIP] Emergency low RIP=0x0 redirect
[SKIP] Emergency low RIP=0x0 redirect
[SKIP] Low-RIP circuit-breaker RIP=0x0 -> 0x14237d20a (skip 11)
[WARN] UnhandledExceptionFilter: code=0x40000015
[SKIP] Emergency low RIP=0x0 redirect
[SKIP] Emergency low RIP=0x0 redirect
[GATE] low-rip: low-rip loop at bucket 0x0 (7), alt3
[SKIP] Emergency low RIP=0x0 redirect
[GATE] low-rip: low-rip loop at bucket 0x0 (8), alt3
[SKIP] Emergency low RIP=0x0 redirect
[GATE] low-rip: low-rip loop at bucket 0x0 (9), alt3
[SKIP] Execute-fault RIP=0x7c06a8a13400 -> stack continue 0x14235a188 (skip 1)
[SKIP] Emergency low RIP=0x0 redirect
[GATE] low-rip: low-rip loop at bucket 0x0 (10), alt3
[SKIP] Low-RIP circuit-breaker RIP=0x0 -> 0x14235a1a9 (skip 4)
[SKIP] Execute-fault RIP=0x7ffc871f9020 direct-stack-fallback -> 0x1411e42da (n=4)
[SKIP] Execute-fault RIP=0x46505845 -> stack continue 0x14235a21b (skip 18)
[SKIP] Execute-fault RIP=0x104d33cb0 -> stack continue 0x141130b31 (skip 1)
[SKIP] Emergency low RIP=0x0 redirect
[GATE] low-rip: low-rip loop at bucket 0x0 (11), alt3
[SKIP] Execute-fault RIP=0x7ffc871f9020 direct-stack-fallback -> 0x1411e42da (n=5)
[SKIP] Execute-fault RIP=0x46505845 -> stack continue 0x1411e42da (skip 10)
[SKIP] Emergency low RIP=0x0 redirect
[GATE] low-rip: low-rip loop at bucket 0x0 (12), alt3
[SKIP] Emergency low RIP=0x0 redirect
[GATE] low-rip: low-rip loop at bucket 0x0 (13), alt3
[SKIP] Refusing patch at low RVA 0x0, redirecting
[SKIP] Execute-fault RIP=0xfffffffffffffff5 -> stack continue 0x14235a237 (skip 4)
[SKIP] Emergency low RIP=0x0 redirect
[SKIP] Emergency low RIP=0x0 redirect
[SKIP] Execute-fault RIP=0x7c06a8a13400 -> stack continue 0x14235a28c (skip 14)
[SKIP] Emergency low RIP=0x0 redirect
[SKIP] Execute-fault RIP=0x7ffc55555554 direct-stack-fallback -> 0x1411e42da (n=6)
[SKIP] Emergency low RIP=0x1 redirect
[SKIP] Emergency low RIP=0x0 redirect
[SKIP] Patched bad indirect target RIP=0x1430b5b08 (+0x30b5b08) with 'xor eax,eax; ret'
[SKIP] Patched bad indirect target RIP=0x1430beab0 (+0x30beab0) with 'xor eax,eax; ret'
[SKIP] Null-write at RIP=0x143f33168 (+0x3f33168), advancing 7 bytes, gs_base=0x7c06a8b3e000
[PANIC_STACK] RSP=0x7ffc871f9030  RAX=0x0  RBX=0xfa0  RCX=0x31  RDX=0x0
[PANIC_STACK] R8=0xa31306886bf1  R9=0x140000000  R10=0x0  R11=0x3d3b350f
[PANIC_STACK] instr bytes: 00 00 00 00 00
[PANIC_STACK]   [ 0] img+0x237d1e3
[PANIC_STACK]   [ 3] img+0x0
[PANIC_STACK]   [ 6] img+0x237dd98
[PANIC_STACK]   [ 9] img+0x0
[PANIC_STACK]   [12] img+0x237ce3b
[PANIC_STACK]   [18] img+0x23596d3
[PANIC_STACK]   [24] img+0x235a134
[PANIC_STACK]   [26] img+0x235a295
[SKIP] Null-write at RIP=0x143f3316f (+0x3f3316f), advancing 7 bytes, gs_base=0x7c06a8b3e000
[PANIC_STACK] RSP=0x7ffc871f9030  RAX=0x0  RBX=0xfa0  RCX=0x31  RDX=0x0
[PANIC_STACK] R8=0xa31306886bf1  R9=0x140000000  R10=0x0  R11=0x3d3b350f
[PANIC_STACK] instr bytes: 00 00 00 00 00
[PANIC_STACK]   [ 0] img+0x237d1e3
[PANIC_STACK]   [ 3] img+0x0
[PANIC_STACK]   [ 6] img+0x237dd98
[PANIC_STACK]   [ 9] img+0x0
[PANIC_STACK]   [12] img+0x237ce3b
[PANIC_STACK]   [18] img+0x23596d3
[PANIC_STACK]   [24] img+0x235a134
[PANIC_STACK]   [26] img+0x235a295
[SKIP] Null-write at RIP=0x143f33176 (+0x3f33176), advancing 7 bytes, gs_base=0x7c06a8b3e000
[PANIC_STACK] RSP=0x7ffc871f9030  RAX=0x0  RBX=0xfa0  RCX=0x31  RDX=0x0
[PANIC_STACK] R8=0xa31306886bf1  R9=0x140000000  R10=0x0  R11=0x3d3b350f
[PANIC_STACK] instr bytes: 00 00 00 00 00
[PANIC_STACK]   [ 0] img+0x237d1e3
[PANIC_STACK]   [ 3] img+0x0
[PANIC_STACK]   [ 6] img+0x237dd98
[PANIC_STACK]   [ 9] img+0x0
[PANIC_STACK]   [12] img+0x237ce3b
[PANIC_STACK]   [18] img+0x23596d3
[PANIC_STACK]   [24] img+0x235a134
[PANIC_STACK]   [26] img+0x235a295
[SKIP] Null-write at RIP=0x143f3317d (+0x3f3317d), advancing 7 bytes, gs_base=0x7c06a8b3e000
[PANIC_STACK] RSP=0x7ffc871f9030  RAX=0x0  RBX=0xfa0  RCX=0x31  RDX=0x0
[PANIC_STACK] R8=0xa31306886bf1  R9=0x140000000  R10=0x0  R11=0x3d3b350f
[PANIC_STACK] instr bytes: 00 00 00 00 00
[PANIC_STACK]   [ 0] img+0x237d1e3
[PANIC_STACK]   [ 3] img+0x0
[PANIC_STACK]   [ 6] img+0x237dd98
[PANIC_STACK]   [ 9] img+0x0
[PANIC_STACK]   [12] img+0x237ce3b
[PANIC_STACK]   [18] img+0x23596d3
[PANIC_STACK]   [24] img+0x235a134
[PANIC_STACK]   [26] img+0x235a295
[SKIP] Null-write at RIP=0x143f33184 (+0x3f33184), advancing 7 bytes, gs_base=0x7c06a8b3e000
[PANIC_STACK] RSP=0x7ffc871f9030  RAX=0x0  RBX=0xfa0  RCX=0x31  RDX=0x0
[PANIC_STACK] R8=0xa31306886bf1  R9=0x140000000  R10=0x0  R11=0x3d3b350f
[PANIC_STACK] instr bytes: 00 00 00 00 00
[PANIC_STACK]   [ 0] img+0x237d1e3
[PANIC_STACK]   [ 3] img+0x0
[PANIC_STACK]   [ 6] img+0x237dd98
[PANIC_STACK]   [ 9] img+0x0
[PANIC_STACK]   [12] img+0x237ce3b
[PANIC_STACK]   [18] img+0x23596d3
[PANIC_STACK]   [24] img+0x235a134
[PANIC_STACK]   [26] img+0x235a295
[SKIP] Null-write at RIP=0x143f3318b (+0x3f3318b), advancing 7 bytes, gs_base=0x7c06a8b3e000
[PANIC_STACK] RSP=0x7ffc871f9030  RAX=0x0  RBX=0xfa0  RCX=0x31  RDX=0x0
[PANIC_STACK] R8=0xa31306886bf1  R9=0x140000000  R10=0x0  R11=0x3d3b350f
[PANIC_STACK] instr bytes: 00 00 00 00 00
[PANIC_STACK]   [ 0] img+0x237d1e3
[PANIC_STACK]   [ 3] img+0x0
[PANIC_STACK]   [ 6] img+0x237dd98
[PANIC_STACK]   [ 9] img+0x0
[PANIC_STACK]   [12] img+0x237ce3b
[PANIC_STACK]   [18] img+0x23596d3
[PANIC_STACK]   [24] img+0x235a134
[PANIC_STACK]   [26] img+0x235a295
[SKIP] Null-write at RIP=0x143f33192 (+0x3f33192), advancing 7 bytes, gs_base=0x7c06a8b3e000
[PANIC_STACK] RSP=0x7ffc871f9030  RAX=0x0  RBX=0xfa0  RCX=0x31  RDX=0x0
[PANIC_STACK] R8=0xa31306886bf1  R9=0x140000000  R10=0x0  R11=0x3d3b350f
[PANIC_STACK] instr bytes: 00 00 00 00 00
[PANIC_STACK]   [ 0] img+0x237d1e3
[PANIC_STACK]   [ 3] img+0x0
[PANIC_STACK]   [ 6] img+0x237dd98
[PANIC_STACK]   [ 9] img+0x0
[PANIC_STACK]   [12] img+0x237ce3b
[PANIC_STACK]   [18] img+0x23596d3
[PANIC_STACK]   [24] img+0x235a134
[PANIC_STACK]   [26] img+0x235a295
[SKIP] Null-write at RIP=0x143f33199 (+0x3f33199), advancing 7 bytes, gs_base=0x7c06a8b3e000
[PANIC_STACK] RSP=0x7ffc871f9030  RAX=0x0  RBX=0xfa0  RCX=0x31  RDX=0x0
[PANIC_STACK] R8=0xa31306886bf1  R9=0x140000000  R10=0x0  R11=0x3d3b350f
[PANIC_STACK] instr bytes: 00 00 00 00 00
[PANIC_STACK]   [ 0] img+0x237d1e3
[PANIC_STACK]   [ 3] img+0x0
[PANIC_STACK]   [ 6] img+0x237dd98
[PANIC_STACK]   [ 9] img+0x0
[PANIC_STACK]   [12] img+0x237ce3b
[PANIC_STACK]   [18] img+0x23596d3
[PANIC_STACK]   [24] img+0x235a134
[PANIC_STACK]   [26] img+0x235a295
[SKIP] Null-write at RIP=0x143f331a0 (+0x3f331a0), advancing 7 bytes, gs_base=0x7c06a8b3e000
[PANIC_STACK] RSP=0x7ffc871f9030  RAX=0x0  RBX=0xfa0  RCX=0x31  RDX=0x0
[PANIC_STACK] R8=0xa31306886bf1  R9=0x140000000  R10=0x0  R11=0x3d3b350f
[PANIC_STACK] instr bytes: 00 00 00 00 00
[PANIC_STACK]   [ 0] img+0x237d1e3
[PANIC_STACK]   [ 3] img+0x0
[PANIC_STACK]   [ 6] img+0x237dd98
[PANIC_STACK]   [ 9] img+0x0
[PANIC_STACK]   [12] img+0x237ce3b
[PANIC_STACK]   [18] img+0x23596d3
[PANIC_STACK]   [24] img+0x235a134
[PANIC_STACK]   [26] img+0x235a295
[SKIP] Null-write at RIP=0x143f331a7 (+0x3f331a7), advancing 7 bytes, gs_base=0x7c06a8b3e000
[PANIC_STACK] RSP=0x7ffc871f9030  RAX=0x0  RBX=0xfa0  RCX=0x31  RDX=0x0
[PANIC_STACK] R8=0xa31306886bf1  R9=0x140000000  R10=0x0  R11=0x3d3b350f
[PANIC_STACK] instr bytes: 00 00 00 00 00
[PANIC_STACK]   [ 0] img+0x237d1e3
[PANIC_STACK]   [ 3] img+0x0
[PANIC_STACK]   [ 6] img+0x237dd98
[PANIC_STACK]   [ 9] img+0x0
[PANIC_STACK]   [12] img+0x237ce3b
[PANIC_STACK]   [18] img+0x23596d3
[PANIC_STACK]   [24] img+0x235a134
[PANIC_STACK]   [26] img+0x235a295
[SKIP] Null-write at RIP=0x143f331ae (+0x3f331ae), advancing 7 bytes, gs_base=0x7c06a8b3e000
[PANIC_STACK] RSP=0x7ffc871f9030  RAX=0x0  RBX=0xfa0  RCX=0x31  RDX=0x0
[PANIC_STACK] R8=0xa31306886bf1  R9=0x140000000  R10=0x0  R11=0x3d3b350f
[PANIC_STACK] instr bytes: 00 00 00 00 00
[PANIC_STACK]   [ 0] img+0x237d1e3
[PANIC_STACK]   [ 3] img+0x0
[PANIC_STACK]   [ 6] img+0x237dd98
[PANIC_STACK]   [ 9] img+0x0
[PANIC_STACK]   [12] img+0x237ce3b
[PANIC_STACK]   [18] img+0x23596d3
[PANIC_STACK]   [24] img+0x235a134
[PANIC_STACK]   [26] img+0x235a295
[SKIP] Null-write at RIP=0x143f331b5 (+0x3f331b5), advancing 7 bytes, gs_base=0x7c06a8b3e000
[PANIC_STACK] RSP=0x7ffc871f9030  RAX=0x0  RBX=0xfa0  RCX=0x31  RDX=0x0
[PANIC_STACK] R8=0xa31306886bf1  R9=0x140000000  R10=0x0  R11=0x3d3b350f
[PANIC_STACK] instr bytes: 00 00 00 00 00
[PANIC_STACK]   [ 0] img+0x237d1e3
[PANIC_STACK]   [ 3] img+0x0
[PANIC_STACK]   [ 6] img+0x237dd98
[PANIC_STACK]   [ 9] img+0x0
[PANIC_STACK]   [12] img+0x237ce3b
[PANIC_STACK]   [18] img+0x23596d3
[PANIC_STACK]   [24] img+0x235a134
[PANIC_STACK]   [26] img+0x235a295
[SKIP] Null-write at RIP=0x143f331bc (+0x3f331bc), advancing 7 bytes, gs_base=0x7c06a8b3e000
[PANIC_STACK] RSP=0x7ffc871f9030  RAX=0x0  RBX=0xfa0  RCX=0x31  RDX=0x0
[PANIC_STACK] R8=0xa31306886bf1  R9=0x140000000  R10=0x0  R11=0x3d3b350f
[PANIC_STACK] instr bytes: 00 00 00 00 00
[PANIC_STACK]   [ 0] img+0x237d1e3
[PANIC_STACK]   [ 3] img+0x0
[PANIC_STACK]   [ 6] img+0x237dd98
[PANIC_STACK]   [ 9] img+0x0
[PANIC_STACK]   [12] img+0x237ce3b
[PANIC_STACK]   [18] img+0x23596d3
[PANIC_STACK]   [24] img+0x235a134
[PANIC_STACK]   [26] img+0x235a295
[SKIP] Null-write at RIP=0x143f331c3 (+0x3f331c3), advancing 7 bytes, gs_base=0x7c06a8b3e000
[PANIC_STACK] RSP=0x7ffc871f9030  RAX=0x0  RBX=0xfa0  RCX=0x31  RDX=0x0
[PANIC_STACK] R8=0xa31306886bf1  R9=0x140000000  R10=0x0  R11=0x3d3b350f
[PANIC_STACK] instr bytes: 00 00 00 00 00
[PANIC_STACK]   [ 0] img+0x237d1e3
[PANIC_STACK]   [ 3] img+0x0
[PANIC_STACK]   [ 6] img+0x237dd98
[PANIC_STACK]   [ 9] img+0x0
[PANIC_STACK]   [12] img+0x237ce3b
[PANIC_STACK]   [18] img+0x23596d3
[PANIC_STACK]   [24] img+0x235a134
[PANIC_STACK]   [26] img+0x235a295
[SKIP] Null-write at RIP=0x143f331ca (+0x3f331ca), advancing 7 bytes, gs_base=0x7c06a8b3e000
[PANIC_STACK] RSP=0x7ffc871f9030  RAX=0x0  RBX=0xfa0  RCX=0x31  RDX=0x0
[PANIC_STACK] R8=0xa31306886bf1  R9=0x140000000  R10=0x0  R11=0x3d3b350f
[PANIC_STACK] instr bytes: 00 00 00 00 00
[PANIC_STACK]   [ 0] img+0x237d1e3
[PANIC_STACK]   [ 3] img+0x0
[PANIC_STACK]   [ 6] img+0x237dd98
[PANIC_STACK]   [ 9] img+0x0
[PANIC_STACK]   [12] img+0x237ce3b
[PANIC_STACK]   [18] img+0x23596d3
[PANIC_STACK]   [24] img+0x235a134
[PANIC_STACK]   [26] img+0x235a295
[SKIP] Null-write at RIP=0x143f331d1 (+0x3f331d1), advancing 7 bytes, gs_base=0x7c06a8b3e000
[PANIC_STACK] RSP=0x7ffc871f9030  RAX=0x0  RBX=0xfa0  RCX=0x31  RDX=0x0
[PANIC_STACK] R8=0xa31306886bf1  R9=0x140000000  R10=0x0  R11=0x3d3b350f
[PANIC_STACK] instr bytes: 00 00 00 00 00
[PANIC_STACK]   [ 0] img+0x237d1e3
[PANIC_STACK]   [ 3] img+0x0
[PANIC_STACK]   [ 6] img+0x237dd98
[PANIC_STACK]   [ 9] img+0x0
[PANIC_STACK]   [12] img+0x237ce3b
[PANIC_STACK]   [18] img+0x23596d3
[PANIC_STACK]   [24] img+0x235a134
[PANIC_STACK]   [26] img+0x235a295
[SKIP] Null-write at RIP=0x143f331d8 (+0x3f331d8), advancing 7 bytes, gs_base=0x7c06a8b3e000
[PANIC_STACK] RSP=0x7ffc871f9030  RAX=0x0  RBX=0xfa0  RCX=0x31  RDX=0x0
[PANIC_STACK] R8=0xa31306886bf1  R9=0x140000000  R10=0x0  R11=0x3d3b350f
[PANIC_STACK] instr bytes: 00 00 00 00 00
[PANIC_STACK]   [ 0] img+0x237d1e3
[PANIC_STACK]   [ 3] img+0x0
[PANIC_STACK]   [ 6] img+0x237dd98
[PANIC_STACK]   [ 9] img+0x0
[PANIC_STACK]   [12] img+0x237ce3b
[PANIC_STACK]   [18] img+0x23596d3
[PANIC_STACK]   [24] img+0x235a134
[PANIC_STACK]   [26] img+0x235a295
[SKIP] Null-write at RIP=0x143f331df (+0x3f331df), advancing 7 bytes, gs_base=0x7c06a8b3e000
[PANIC_STACK] RSP=0x7ffc871f9030  RAX=0x0  RBX=0xfa0  RCX=0x31  RDX=0x0
[PANIC_STACK] R8=0xa31306886bf1  R9=0x140000000  R10=0x0  R11=0x3d3b350f
[PANIC_STACK] instr bytes: 00 00 00 00 00
[PANIC_STACK]   [ 0] img+0x237d1e3
[PANIC_STACK]   [ 3] img+0x0
[PANIC_STACK]   [ 6] img+0x237dd98
[PANIC_STACK]   [ 9] img+0x0
[PANIC_STACK]   [12] img+0x237ce3b
[PANIC_STACK]   [18] img+0x23596d3
[PANIC_STACK]   [24] img+0x235a134
[PANIC_STACK]   [26] img+0x235a295
[SKIP] Null-write at RIP=0x143f331e6 (+0x3f331e6), advancing 7 bytes, gs_base=0x7c06a8b3e000
[PANIC_STACK] RSP=0x7ffc871f9030  RAX=0x0  RBX=0xfa0  RCX=0x31  RDX=0x0
[PANIC_STACK] R8=0xa31306886bf1  R9=0x140000000  R10=0x0  R11=0x3d3b350f
[PANIC_STACK] instr bytes: 00 00 00 00 00
[PANIC_STACK]   [ 0] img+0x237d1e3
[PANIC_STACK]   [ 3] img+0x0
[PANIC_STACK]   [ 6] img+0x237dd98
[PANIC_STACK]   [ 9] img+0x0
[PANIC_STACK]   [12] img+0x237ce3b
[PANIC_STACK]   [18] img+0x23596d3
[PANIC_STACK]   [24] img+0x235a134
[PANIC_STACK]   [26] img+0x235a295
[SKIP] Null-write at RIP=0x143f331ed (+0x3f331ed), advancing 7 bytes, gs_base=0x7c06a8b3e000
[PANIC_STACK] RSP=0x7ffc871f9030  RAX=0x0  RBX=0xfa0  RCX=0x31  RDX=0x0
[PANIC_STACK] R8=0xa31306886bf1  R9=0x140000000  R10=0x0  R11=0x3d3b350f
[PANIC_STACK] instr bytes: 00 00 00 00 00
[PANIC_STACK]   [ 0] img+0x237d1e3
[PANIC_STACK]   [ 3] img+0x0
[PANIC_STACK]   [ 6] img+0x237dd98
[PANIC_STACK]   [ 9] img+0x0
[PANIC_STACK]   [12] img+0x237ce3b
[PANIC_STACK]   [18] img+0x23596d3
[PANIC_STACK]   [24] img+0x235a134
[PANIC_STACK]   [26] img+0x235a295
[SKIP] Null-write at RIP=0x143f331f4 (+0x3f331f4), advancing 7 bytes, gs_base=0x7c06a8b3e000
[PANIC_STACK] RSP=0x7ffc871f9030  RAX=0x0  RBX=0xfa0  RCX=0x31  RDX=0x0
[PANIC_STACK] R8=0xa31306886bf1  R9=0x140000000  R10=0x0  R11=0x3d3b350f
[PANIC_STACK] instr bytes: 00 00 00 00 00
[PANIC_STACK]   [ 0] img+0x237d1e3
[PANIC_STACK]   [ 3] img+0x0
[PANIC_STACK]   [ 6] img+0x237dd98
[PANIC_STACK]   [ 9] img+0x0
[PANIC_STACK]   [12] img+0x237ce3b
[PANIC_STACK]   [18] img+0x23596d3
[PANIC_STACK]   [24] img+0x235a134
[PANIC_STACK]   [26] img+0x235a295
[SKIP] Null-write at RIP=0x143f331fb (+0x3f331fb), advancing 7 bytes, gs_base=0x7c06a8b3e000
[PANIC_STACK] RSP=0x7ffc871f9030  RAX=0x0  RBX=0xfa0  RCX=0x31  RDX=0x0
[PANIC_STACK] R8=0xa31306886bf1  R9=0x140000000  R10=0x0  R11=0x3d3b350f
[PANIC_STACK] instr bytes: 00 00 00 00 00
[PANIC_STACK]   [ 0] img+0x237d1e3
[PANIC_STACK]   [ 3] img+0x0
[PANIC_STACK]   [ 6] img+0x237dd98
[PANIC_STACK]   [ 9] img+0x0
[PANIC_STACK]   [12] img+0x237ce3b
[PANIC_STACK]   [18] img+0x23596d3
[PANIC_STACK]   [24] img+0x235a134
[PANIC_STACK]   [26] img+0x235a295
[SKIP] Null-write at RIP=0x143f33202 (+0x3f33202), advancing 7 bytes, gs_base=0x7c06a8b3e000
[PANIC_STACK] RSP=0x7ffc871f9030  RAX=0x0  RBX=0xfa0  RCX=0x31  RDX=0x0
[PANIC_STACK] R8=0xa31306886bf1  R9=0x140000000  R10=0x0  R11=0x3d3b350f
[PANIC_STACK] instr bytes: 00 00 00 00 00
[PANIC_STACK]   [ 0] img+0x237d1e3
[PANIC_STACK]   [ 3] img+0x0
[PANIC_STACK]   [ 6] img+0x237dd98
[PANIC_STACK]   [ 9] img+0x0
[PANIC_STACK]   [12] img+0x237ce3b
[PANIC_STACK]   [18] img+0x23596d3
[PANIC_STACK]   [24] img+0x235a134
[PANIC_STACK]   [26] img+0x235a295
[SKIP] Null-write at RIP=0x143f33209 (+0x3f33209), advancing 7 bytes, gs_base=0x7c06a8b3e000
[PANIC_STACK] RSP=0x7ffc871f9030  RAX=0x0  RBX=0xfa0  RCX=0x31  RDX=0x0
[PANIC_STACK] R8=0xa31306886bf1  R9=0x140000000  R10=0x0  R11=0x3d3b350f
[PANIC_STACK] instr bytes: 00 00 00 00 00
[PANIC_STACK]   [ 0] img+0x237d1e3
[PANIC_STACK]   [ 3] img+0x0
[PANIC_STACK]   [ 6] img+0x237dd98
[PANIC_STACK]   [ 9] img+0x0
[PANIC_STACK]   [12] img+0x237ce3b
[PANIC_STACK]   [18] img+0x23596d3
[PANIC_STACK]   [24] img+0x235a134
[PANIC_STACK]   [26] img+0x235a295
[SKIP] Null-write at RIP=0x143f33210 (+0x3f33210), advancing 7 bytes, gs_base=0x7c06a8b3e000
[PANIC_STACK] RSP=0x7ffc871f9030  RAX=0x0  RBX=0xfa0  RCX=0x31  RDX=0x0
[PANIC_STACK] R8=0xa31306886bf1  R9=0x140000000  R10=0x0  R11=0x3d3b350f
[PANIC_STACK] instr bytes: 00 00 00 00 00
[PANIC_STACK]   [ 0] img+0x237d1e3
[PANIC_STACK]   [ 3] img+0x0
[PANIC_STACK]   [ 6] img+0x237dd98
[PANIC_STACK]   [ 9] img+0x0
[PANIC_STACK]   [12] img+0x237ce3b
[PANIC_STACK]   [18] img+0x23596d3
[PANIC_STACK]   [24] img+0x235a134
[PANIC_STACK]   [26] img+0x235a295
[SKIP] Null-write at RIP=0x143f33217 (+0x3f33217), advancing 7 bytes, gs_base=0x7c06a8b3e000
[PANIC_STACK] RSP=0x7ffc871f9030  RAX=0x0  RBX=0xfa0  RCX=0x31  RDX=0x0
[PANIC_STACK] R8=0xa31306886bf1  R9=0x140000000  R10=0x0  R11=0x3d3b350f
[PANIC_STACK] instr bytes: 00 00 00 00 00
[PANIC_STACK]   [ 0] img+0x237d1e3
[PANIC_STACK]   [ 3] img+0x0
[PANIC_STACK]   [ 6] img+0x237dd98
[PANIC_STACK]   [ 9] img+0x0
[PANIC_STACK]   [12] img+0x237ce3b
[PANIC_STACK]   [18] img+0x23596d3
[PANIC_STACK]   [24] img+0x235a134
[PANIC_STACK]   [26] img+0x235a295
[SKIP] Null-write at RIP=0x143f3321e (+0x3f3321e), advancing 7 bytes, gs_base=0x7c06a8b3e000
[PANIC_STACK] RSP=0x7ffc871f9030  RAX=0x0  RBX=0xfa0  RCX=0x31  RDX=0x0
[PANIC_STACK] R8=0xa31306886bf1  R9=0x140000000  R10=0x0  R11=0x3d3b350f
[PANIC_STACK] instr bytes: 00 00 00 00 00
[PANIC_STACK]   [ 0] img+0x237d1e3
[PANIC_STACK]   [ 3] img+0x0
[PANIC_STACK]   [ 6] img+0x237dd98
[PANIC_STACK]   [ 9] img+0x0
[PANIC_STACK]   [12] img+0x237ce3b
[PANIC_STACK]   [18] img+0x23596d3
[PANIC_STACK]   [24] img+0x235a134
[PANIC_STACK]   [26] img+0x235a295
[SKIP] Null-write at RIP=0x143f33225 (+0x3f33225), advancing 7 bytes, gs_base=0x7c06a8b3e000
[PANIC_STACK] RSP=0x7ffc871f9030  RAX=0x0  RBX=0xfa0  RCX=0x31  RDX=0x0
[PANIC_STACK] R8=0xa31306886bf1  R9=0x140000000  R10=0x0  R11=0x3d3b350f
[PANIC_STACK] instr bytes: 00 00 00 00 00
[PANIC_STACK]   [ 0] img+0x237d1e3
[PANIC_STACK]   [ 3] img+0x0
[PANIC_STACK]   [ 6] img+0x237dd98
[PANIC_STACK]   [ 9] img+0x0
[PANIC_STACK]   [12] img+0x237ce3b
[PANIC_STACK]   [18] img+0x23596d3
[PANIC_STACK]   [24] img+0x235a134
[PANIC_STACK]   [26] img+0x235a295
[SKIP] Null-write at RIP=0x143f3322c (+0x3f3322c), advancing 7 bytes, gs_base=0x7c06a8b3e000
[PANIC_STACK] RSP=0x7ffc871f9030  RAX=0x0  RBX=0xfa0  RCX=0x31  RDX=0x0
[PANIC_STACK] R8=0xa31306886bf1  R9=0x140000000  R10=0x0  R11=0x3d3b350f
[PANIC_STACK] instr bytes: 00 00 00 00 00
[PANIC_STACK]   [ 0] img+0x237d1e3
[PANIC_STACK]   [ 3] img+0x0
[PANIC_STACK]   [ 6] img+0x237dd98
[PANIC_STACK]   [ 9] img+0x0
[PANIC_STACK]   [12] img+0x237ce3b
[PANIC_STACK]   [18] img+0x23596d3
[PANIC_STACK]   [24] img+0x235a134
[PANIC_STACK]   [26] img+0x235a295
[SKIP] Null-write at RIP=0x143f33233 (+0x3f33233), advancing 7 bytes, gs_base=0x7c06a8b3e000
[PANIC_STACK] RSP=0x7ffc871f9030  RAX=0x0  RBX=0xfa0  RCX=0x31  RDX=0x0
[PANIC_STACK] R8=0xa31306886bf1  R9=0x140000000  R10=0x0  R11=0x3d3b350f
[PANIC_STACK] instr bytes: 00 00 00 00 00
[PANIC_STACK]   [ 0] img+0x237d1e3
[PANIC_STACK]   [ 3] img+0x0
[PANIC_STACK]   [ 6] img+0x237dd98
[PANIC_STACK]   [ 9] img+0x0
[PANIC_STACK]   [12] img+0x237ce3b
[PANIC_STACK]   [18] img+0x23596d3
[PANIC_STACK]   [24] img+0x235a134
[PANIC_STACK]   [26] img+0x235a295
[SKIP] Null-write at RIP=0x143f3323a (+0x3f3323a), advancing 7 bytes, gs_base=0x7c06a8b3e000
[PANIC_STACK] RSP=0x7ffc871f9030  RAX=0x0  RBX=0xfa0  RCX=0x31  RDX=0x0
[PANIC_STACK] R8=0xa31306886bf1  R9=0x140000000  R10=0x0  R11=0x3d3b350f
[PANIC_STACK] instr bytes: 00 00 00 00 00
[PANIC_STACK]   [ 0] img+0x237d1e3
[PANIC_STACK]   [ 3] img+0x0
[PANIC_STACK]   [ 6] img+0x237dd98
[PANIC_STACK]   [ 9] img+0x0
[PANIC_STACK]   [12] img+0x237ce3b
[PANIC_STACK]   [18] img+0x23596d3
[PANIC_STACK]   [24] img+0x235a134
[PANIC_STACK]   [26] img+0x235a295
[SKIP] Null-write at RIP=0x143f33241 (+0x3f33241), advancing 7 bytes, gs_base=0x7c06a8b3e000
[PANIC_STACK] RSP=0x7ffc871f9030  RAX=0x0  RBX=0xfa0  RCX=0x31  RDX=0x0
[PANIC_STACK] R8=0xa31306886bf1  R9=0x140000000  R10=0x0  R11=0x3d3b350f
[PANIC_STACK] instr bytes: 00 00 00 00 00
[PANIC_STACK]   [ 0] img+0x237d1e3
[PANIC_STACK]   [ 3] img+0x0
[PANIC_STACK]   [ 6] img+0x237dd98
[PANIC_STACK]   [ 9] img+0x0
[PANIC_STACK]   [12] img+0x237ce3b
[PANIC_STACK]   [18] img+0x23596d3
[PANIC_STACK]   [24] img+0x235a134
[PANIC_STACK]   [26] img+0x235a295
[SKIP] Null-write at RIP=0x143f33248 (+0x3f33248), advancing 7 bytes, gs_base=0x7c06a8b3e000
[PANIC_STACK] RSP=0x7ffc871f9030  RAX=0x0  RBX=0xfa0  RCX=0x31  RDX=0x0
[PANIC_STACK] R8=0xa31306886bf1  R9=0x140000000  R10=0x0  R11=0x3d3b350f
[PANIC_STACK] instr bytes: 00 00 00 00 00
[PANIC_STACK]   [ 0] img+0x237d1e3
[PANIC_STACK]   [ 3] img+0x0
[PANIC_STACK]   [ 6] img+0x237dd98
[PANIC_STACK]   [ 9] img+0x0
[PANIC_STACK]   [12] img+0x237ce3b
[PANIC_STACK]   [18] img+0x23596d3
[PANIC_STACK]   [24] img+0x235a134
[PANIC_STACK]   [26] img+0x235a295
[SKIP] Null-write at RIP=0x143f3324f (+0x3f3324f), advancing 7 bytes, gs_base=0x7c06a8b3e000
[PANIC_STACK] RSP=0x7ffc871f9030  RAX=0x0  RBX=0xfa0  RCX=0x31  RDX=0x0
[PANIC_STACK] R8=0xa31306886bf1  R9=0x140000000  R10=0x0  R11=0x3d3b350f
[PANIC_STACK] instr bytes: 00 00 00 00 00
[PANIC_STACK]   [ 0] img+0x237d1e3
[PANIC_STACK]   [ 3] img+0x0
[PANIC_STACK]   [ 6] img+0x237dd98
[PANIC_STACK]   [ 9] img+0x0
[PANIC_STACK]   [12] img+0x237ce3b
[PANIC_STACK]   [18] img+0x23596d3
[PANIC_STACK]   [24] img+0x235a134
[PANIC_STACK]   [26] img+0x235a295
[SKIP] Null-write at RIP=0x143f33256 (+0x3f33256), advancing 7 bytes, gs_base=0x7c06a8b3e000
[PANIC_STACK] RSP=0x7ffc871f9030  RAX=0x0  RBX=0xfa0  RCX=0x31  RDX=0x0
[PANIC_STACK] R8=0xa31306886bf1  R9=0x140000000  R10=0x0  R11=0x3d3b350f
[PANIC_STACK] instr bytes: 00 00 00 00 00
[PANIC_STACK]   [ 0] img+0x237d1e3
[PANIC_STACK]   [ 3] img+0x0
[PANIC_STACK]   [ 6] img+0x237dd98
[PANIC_STACK]   [ 9] img+0x0
[PANIC_STACK]   [12] img+0x237ce3b
[PANIC_STACK]   [18] img+0x23596d3
[PANIC_STACK]   [24] img+0x235a134
[PANIC_STACK]   [26] img+0x235a295
[SKIP] Null-write at RIP=0x143f3325d (+0x3f3325d), advancing 7 bytes, gs_base=0x7c06a8b3e000
[PANIC_STACK] RSP=0x7ffc871f9030  RAX=0x0  RBX=0xfa0  RCX=0x31  RDX=0x0
[PANIC_STACK] R8=0xa31306886bf1  R9=0x140000000  R10=0x0  R11=0x3d3b350f
[PANIC_STACK] instr bytes: 00 00 00 00 00
[PANIC_STACK]   [ 0] img+0x237d1e3
[PANIC_STACK]   [ 3] img+0x0
[PANIC_STACK]   [ 6] img+0x237dd98
[PANIC_STACK]   [ 9] img+0x0
[PANIC_STACK]   [12] img+0x237ce3b
[PANIC_STACK]   [18] img+0x23596d3
[PANIC_STACK]   [24] img+0x235a134
[PANIC_STACK]   [26] img+0x235a295
[SKIP] Null-write at RIP=0x143f33264 (+0x3f33264), advancing 7 bytes, gs_base=0x7c06a8b3e000
[PANIC_STACK] RSP=0x7ffc871f9030  RAX=0x0  RBX=0xfa0  RCX=0x31  RDX=0x0
[PANIC_STACK] R8=0xa31306886bf1  R9=0x140000000  R10=0x0  R11=0x3d3b350f
[PANIC_STACK] instr bytes: 00 00 00 00 00
[PANIC_STACK]   [ 0] img+0x237d1e3
[PANIC_STACK]   [ 3] img+0x0
[PANIC_STACK]   [ 6] img+0x237dd98
[PANIC_STACK]   [ 9] img+0x0
[PANIC_STACK]   [12] img+0x237ce3b
[PANIC_STACK]   [18] img+0x23596d3
[PANIC_STACK]   [24] img+0x235a134
[PANIC_STACK]   [26] img+0x235a295
[SKIP] Null-write at RIP=0x143f3326b (+0x3f3326b), advancing 7 bytes, gs_base=0x7c06a8b3e000
[PANIC_STACK] RSP=0x7ffc871f9030  RAX=0x0  RBX=0xfa0  RCX=0x31  RDX=0x0
[PANIC_STACK] R8=0xa31306886bf1  R9=0x140000000  R10=0x0  R11=0x3d3b350f
[PANIC_STACK] instr bytes: 00 00 00 00 00
[PANIC_STACK]   [ 0] img+0x237d1e3
[PANIC_STACK]   [ 3] img+0x0
[PANIC_STACK]   [ 6] img+0x237dd98
[PANIC_STACK]   [ 9] img+0x0
[PANIC_STACK]   [12] img+0x237ce3b
[PANIC_STACK]   [18] img+0x23596d3
[PANIC_STACK]   [24] img+0x235a134
[PANIC_STACK]   [26] img+0x235a295
[SKIP] Null-write at RIP=0x143f33272 (+0x3f33272), advancing 7 bytes, gs_base=0x7c06a8b3e000
[PANIC_STACK] RSP=0x7ffc871f9030  RAX=0x0  RBX=0xfa0  RCX=0x31  RDX=0x0
[PANIC_STACK] R8=0xa31306886bf1  R9=0x140000000  R10=0x0  R11=0x3d3b350f
[PANIC_STACK] instr bytes: 00 00 00 00 00
[PANIC_STACK]   [ 0] img+0x237d1e3
[PANIC_STACK]   [ 3] img+0x0
[PANIC_STACK]   [ 6] img+0x237dd98
[PANIC_STACK]   [ 9] img+0x0
[PANIC_STACK]   [12] img+0x237ce3b
[PANIC_STACK]   [18] img+0x23596d3
[PANIC_STACK]   [24] img+0x235a134
[PANIC_STACK]   [26] img+0x235a295
[SKIP] Null-write at RIP=0x143f33279 (+0x3f33279), advancing 7 bytes, gs_base=0x7c06a8b3e000
[PANIC_STACK] RSP=0x7ffc871f9030  RAX=0x0  RBX=0xfa0  RCX=0x31  RDX=0x0
[PANIC_STACK] R8=0xa31306886bf1  R9=0x140000000  R10=0x0  R11=0x3d3b350f
[PANIC_STACK] instr bytes: 00 00 00 00 00
[PANIC_STACK]   [ 0] img+0x237d1e3
[PANIC_STACK]   [ 3] img+0x0
[PANIC_STACK]   [ 6] img+0x237dd98
[PANIC_STACK]   [ 9] img+0x0
[PANIC_STACK]   [12] img+0x237ce3b
[PANIC_STACK]   [18] img+0x23596d3
[PANIC_STACK]   [24] img+0x235a134
[PANIC_STACK]   [26] img+0x235a295
[SKIP] Mid-host bad target RIP=0x5699c2356ec5, redirecting
[SKIP] Emergency low RIP=0x0 redirect
[SKIP] Execute-fault RIP=0x55555554 -> stack continue 0x141130b31 (skip 13)
[SKIP] Emergency low RIP=0x0 redirect
[SKIP] Execute-fault RIP=0x7ffc55555554 direct-stack-fallback -> 0x1411e42da (n=7)
[SKIP] Emergency low RIP=0x1 redirect
[SKIP] Emergency low RIP=0x0 redirect
[SKIP] Emergency low RIP=0x0 redirect
[SKIP] Execute-fault RIP=0xffffffffffffffff -> stack continue 0x14237d20a (skip 2)
[SKIP] Mid-host bad target RIP=0x5699c2358883, redirecting
[SKIP] Emergency low RIP=0x0 redirect
[SKIP] Emergency low RIP=0x0 redirect
[SKIP] Emergency low RIP=0x0 redirect
[SKIP] Emergency low RIP=0x0 redirect
[SKIP] Emergency low RIP=0x0 redirect
[SKIP] Low-RIP circuit-breaker RIP=0x0 -> 0x14235a636 (skip 9)
[SKIP] Emergency low RIP=0x0 redirect
[SKIP] Emergency low RIP=0x0 redirect
[GATE] low-rip: low-rip loop at bucket 0x0 (7), alt3
[SKIP] Emergency low RIP=0x0 redirect
[GATE] low-rip: low-rip loop at bucket 0x0 (8), alt3
[SKIP] Emergency low RIP=0x0 redirect
[GATE] low-rip: low-rip loop at bucket 0x0 (9), alt3
[SKIP] Emergency low RIP=0x0 redirect
[GATE] low-rip: low-rip loop at bucket 0x0 (10), alt3
[SKIP] Low-RIP circuit-breaker RIP=0x0 -> 0x14235a142 (skip 6)
[SKIP] Mid-host bad target RIP=0x5699c23606d0, redirecting
[SKIP] Emergency low RIP=0x0 redirect
[SKIP] Emergency low RIP=0x0 redirect
[SKIP] Emergency low RIP=0x0 redirect
[SKIP] Emergency low RIP=0x0 redirect
[SKIP] Emergency low RIP=0x0 redirect
[SKIP] Low-RIP circuit-breaker RIP=0x0 -> 0x14235a67a (skip 18)
[SKIP] Emergency low RIP=0x0 redirect
[SKIP] Emergency low RIP=0x0 redirect
[GATE] low-rip: low-rip loop at bucket 0x0 (7), alt3
[SKIP] Emergency low RIP=0x0 redirect
[GATE] low-rip: low-rip loop at bucket 0x0 (8), alt3
[SKIP] Emergency low RIP=0x0 redirect
[GATE] low-rip: low-rip loop at bucket 0x0 (9), alt3
[SKIP] Emergency low RIP=0x0 redirect
[GATE] low-rip: low-rip loop at bucket 0x0 (10), alt3
[SKIP] Low-RIP circuit-breaker RIP=0x0 -> 0x14235a21b (skip 14)
[SKIP] Null-write 1130b block at RIP=0x141130b28 (+0x1130b28), redirecting
[SKIP] Low-RIP circuit-breaker RIP=0x0 -> 0x14235a67a (skip 1)
[SKIP] Low-RIP circuit-breaker RIP=0x0 -> 0x1411e42da (skip 11)
[SKIP] Low-RIP circuit-breaker RIP=0x0 -> 0x14235a237 (skip 7)
[SKIP] Emergency low RIP=0x0 redirect
[SKIP] Emergency low RIP=0x0 redirect
[SKIP] Execute-fault RIP=0x7ffc871f9048 direct-stack-fallback -> 0x1411e42da (n=8)
[SKIP] Emergency low RIP=0x0 redirect
[SKIP] Execute-fault RIP=0x7ffc871f9d01 direct-stack-fallback -> 0x1411e42da (n=9)
[SKIP] Emergency low RIP=0x0 redirect
[SKIP] Execute-fault RIP=0x35e0 (fault=0x35e0), redirecting
[SKIP] Host near-null RIP=0x5699c2365974 (fault=0xa8), redirecting
[SKIP] Emergency low RIP=0x0 redirect
[SKIP] Emergency low RIP=0x0 redirect
[SKIP] Refusing patch at low RVA 0x0, redirecting
[SKIP] Execute-fault RIP=0x350100000000 -> stack continue 0x14235a67a (skip 77)
[SKIP] Emergency low RIP=0x0 redirect
[SKIP] Emergency low RIP=0x0 redirect
[SKIP] Execute-fault RIP=0xfffffffffffffffe -> stack continue 0x1411e42da (skip 9)
[SKIP] Emergency low RIP=0x0 redirect
[SKIP] Emergency low RIP=0x0 redirect
[SKIP] Refusing patch at low RVA 0x0, redirecting
[SKIP] Emergency low RIP=0x0 redirect
[SKIP] Low-RIP circuit-breaker RIP=0x0 -> 0x14235a237 (skip 3)
[SKIP] Emergency low RIP=0x0 redirect
[SKIP] Emergency low RIP=0x0 redirect
[SKIP] Execute-fault RIP=0x7ffc871f9048 direct-stack-fallback -> 0x1411e42da (n=10)
[SKIP] Emergency low RIP=0x0 redirect
[SKIP] Execute-fault RIP=0x7ffc871f9d01 direct-stack-fallback -> 0x1411e42da (n=11)
[SKIP] Emergency low RIP=0x0 redirect
[SKIP] Null-write hot island RIP=0x1423b7a24 (+0x23b7a24), hit=2 -> 0x14235a237 (skip 0)
[SKIP] Null-write at RIP=0x14235a239 (+0x235a239), advancing 7 bytes, gs_base=0x7c06a8b3e000
[PANIC_STACK] RSP=0x7ffc871f9128  RAX=0x0  RBX=0x0  RCX=0x143b17730  RDX=0x0
[PANIC_STACK] R8=0x143f336d8  R9=0x0  R10=0x0  R11=0x7ffc871f9078
[PANIC_STACK] instr bytes: c3 90 90 00 00
[SKIP] Mid-host bad target RIP=0x5699c23578b7, redirecting
[SKIP] Execute-fault RIP=0x46505845 -> stack continue 0x14235a67a (skip 17)
[SKIP] Low-RIP circuit-breaker RIP=0x0 -> 0x1411e42da (skip 11)
[SKIP] Low-RIP circuit-breaker RIP=0x0 -> 0x14239780e (skip 7)
[SKIP] Mid-host bad target RIP=0x5699c23570b4, redirecting
[SKIP] Low-RIP circuit-breaker RIP=0x0 -> 0x14235a67a (skip 5)
[SKIP] Low-RIP circuit-breaker RIP=0x0 -> 0x1411e42da (skip 11)
[SKIP] Low-RIP circuit-breaker RIP=0x0 -> 0x14239785a (skip 7)
[SKIP] Null-write CTI hotspot RIP=0x1423978b8 (+0x23978b8), hit=3 -> 0x14235a237
[SKIP] Low-RIP circuit-breaker RIP=0x0 -> 0x14235a249 (skip 5)
[SKIP] Mid-host bad target RIP=0x5699c23570b4, redirecting
[SKIP] Low-RIP circuit-breaker RIP=0x0 -> 0x14235a67a (skip 5)
[SKIP] Low-RIP circuit-breaker RIP=0x0 -> 0x1411e42da (skip 11)
[SKIP] Low-RIP circuit-breaker RIP=0x0 -> 0x14239785a (skip 7)
[SKIP] Null-write CTI hotspot RIP=0x1423978b8 (+0x23978b8), hit=4 -> 0x14235a237
[SKIP] Low-RIP circuit-breaker RIP=0x0 -> 0x14235a253 (skip 5)
[SKIP] Emergency low RIP=0x0 redirect
[SKIP] Emergency low RIP=0x0 redirect
[SKIP] Emergency low RIP=0x0 redirect
[SKIP] Emergency low RIP=0x0 redirect
[SKIP] Emergency low RIP=0x0 redirect
[SKIP] Emergency low RIP=0x0 redirect
[SKIP] Emergency low RIP=0x0 redirect
[GATE] low-rip: low-rip loop at bucket 0x0 (7), alt3
[SKIP] Emergency low RIP=0x0 redirect
[GATE] low-rip: low-rip loop at bucket 0x0 (8), alt3
[SKIP] Emergency low RIP=0x0 redirect
[GATE] low-rip: low-rip loop at bucket 0x0 (9), alt3
[SKIP] Emergency low RIP=0x0 redirect
[GATE] low-rip: low-rip loop at bucket 0x0 (10), alt3
[SKIP] Emergency low RIP=0x0 redirect
[GATE] low-rip: low-rip loop at bucket 0x0 (11), alt3
[SKIP] Emergency low RIP=0x4 redirect
[GATE] low-rip: low-rip loop at bucket 0x0 (12), alt3
[SKIP] Emergency low RIP=0x0 redirect
[GATE] low-rip: low-rip loop at bucket 0x0 (13), alt3
[SKIP] Null-write at RIP=0x14235a239 (+0x235a239), advancing 7 bytes, gs_base=0x7c06a8b3e000
[PANIC_STACK] RSP=0x7ffc871f91c8  RAX=0x0  RBX=0x0  RCX=0x1430c6401  RDX=0x1430c6570
[PANIC_STACK] R8=0x0  R9=0x0  R10=0x0  R11=0x7ffc871f9078
[PANIC_STACK] instr bytes: c3 90 90 00 00
[SKIP] Mid-host bad target RIP=0x5699c23578b7, redirecting
[GATE] host-mid: loop at bucket 0x5699c2357000 (1), total=88, alt3
[SKIP] Execute-fault RIP=0xfffffffffffffffe -> stack continue 0x1411e42da (skip 9)
[SKIP] Low-RIP circuit-breaker RIP=0x0 -> 0x1423598a7 (skip 7)
[SKIP] Low-RIP circuit-breaker RIP=0x0 -> 0x14239780e (skip 6)
[SKIP] Mid-host bad target RIP=0x5699c23570b4, redirecting
[GATE] host-mid: loop at bucket 0x5699c2357000 (2), total=89, alt3
[SKIP] Execute-fault RIP=0x146505845 -> stack continue 0x1423598a7 (skip 5)
[SKIP] Low-RIP circuit-breaker RIP=0x0 -> 0x14239785a (skip 6)
[SKIP] Null-write CTI hotspot RIP=0x1423978b8 (+0x23978b8), hit=5 -> 0x14235a237
[SKIP] Low-RIP circuit-breaker RIP=0x0 -> 0x14235a249 (skip 5)
[SKIP] Mid-host bad target RIP=0x5699c23570b4, redirecting
[GATE] host-mid: loop at bucket 0x5699c2357000 (3), total=90, alt3
[SKIP] Execute-fault RIP=0x146505845 -> stack continue 0x1423598a7 (skip 5)
[SKIP] Low-RIP circuit-breaker RIP=0x0 -> 0x14239785a (skip 6)
[SKIP] Null-write CTI hotspot RIP=0x1423978b8 (+0x23978b8), hit=6 -> 0x14235a237
[SKIP] Low-RIP circuit-breaker RIP=0x0 -> 0x14235a253 (skip 5)
[SKIP] Execute-fault RIP=0x7ffc871f9240 direct-stack-fallback -> 0x1411e42da (n=12)
[SKIP] Execute-fault RIP=0x7ffc871f9240 direct-stack-fallback -> 0x1411e42da (n=13)
[SKIP] Execute-fault RIP=0x7ffc871f9240 direct-stack-fallback -> 0x1411e42da (n=14)
[SKIP] Execute-fault RIP=0x7ffc871f9240 direct-stack-fallback -> 0x1411e42da (n=15)
[SKIP] Execute-fault RIP=0x7ffc871f9240 direct-stack-fallback -> 0x1411e42da (n=16)
[SKIP] Execute-fault RIP=0x7ffc871f9240 direct-stack-fallback -> 0x1411e42da (n=4096)
[SKIP] Execute-fault RIP=0x7ffc871f9240 direct-stack-fallback -> 0x1411e42da (n=8192)
[SKIP] Execute-fault RIP=0x7ffc871f9240 direct-stack-fallback -> 0x1411e42da (n=12288)
[SKIP] Execute-fault RIP=0x7ffc871f9240 direct-stack-fallback -> 0x1411e42da (n=16384)
[SKIP] Execute-fault RIP=0x7ffc871f9240 direct-stack-fallback -> 0x1411e42da (n=20480)
[SKIP] Execute-fault RIP=0x7ffc871f9240 direct-stack-fallback -> 0x1411e42da (n=24576)
[SKIP] Execute-fault RIP=0x7ffc871f9240 direct-stack-fallback -> 0x1411e42da (n=28672)
[SKIP] Execute-fault RIP=0x7ffc871f9240 direct-stack-fallback -> 0x1411e42da (n=32768)
[SKIP] Execute-fault RIP=0x7ffc871f9240 direct-stack-fallback -> 0x1411e42da (n=36864)
[SKIP] Execute-fault RIP=0x7ffc871f9240 direct-stack-fallback -> 0x1411e42da (n=40960)
[SKIP] Execute-fault RIP=0x7ffc871f9240 direct-stack-fallback -> 0x1411e42da (n=45056)
[SKIP] Execute-fault RIP=0x7ffc871f9240 direct-stack-fallback -> 0x1411e42da (n=49152)
[SKIP] Execute-fault RIP=0x7ffc871f9240 direct-stack-fallback -> 0x1411e42da (n=53248)
[SKIP] Execute-fault RIP=0x7ffc871f9240 direct-stack-fallback -> 0x1411e42da (n=57344)
[SKIP] Execute-fault RIP=0x7ffc871f9240 direct-stack-fallback -> 0x1411e42da (n=61440)
[SKIP] Execute-fault RIP=0x7ffc871f9240 direct-stack-fallback -> 0x1411e42da (n=65536)
[SKIP] Execute-fault RIP=0x7ffc871f9240 direct-stack-fallback -> 0x1411e42da (n=69632)
[SKIP] Execute-fault RIP=0x7ffc871f9240 direct-stack-fallback -> 0x1411e42da (n=73728)
[SKIP] Execute-fault RIP=0x7ffc871f9240 direct-stack-fallback -> 0x1411e42da (n=77824)
[SKIP] Execute-fault RIP=0x7ffc871f9240 direct-stack-fallback -> 0x1411e42da (n=81920)
[SKIP] Execute-fault RIP=0x7ffc871f9240 direct-stack-fallback -> 0x1411e42da (n=86016)
[SKIP] Execute-fault RIP=0x7ffc871f9240 direct-stack-fallback -> 0x1411e42da (n=90112)
[SKIP] Execute-fault RIP=0x7ffc871f9240 direct-stack-fallback -> 0x1411e42da (n=94208)
[SKIP] Execute-fault RIP=0x7ffc871f9240 direct-stack-fallback -> 0x1411e42da (n=98304)
[SKIP] Execute-fault RIP=0x7ffc871f9240 direct-stack-fallback -> 0x1411e42da (n=102400)
[SKIP] Execute-fault RIP=0x7ffc871f9240 direct-stack-fallback -> 0x1411e42da (n=106496)
[SKIP] Execute-fault RIP=0x7ffc871f9240 direct-stack-fallback -> 0x1411e42da (n=110592)
[SKIP] Execute-fault RIP=0x7ffc871f9240 direct-stack-fallback -> 0x1411e42da (n=114688)
[SKIP] Execute-fault RIP=0x7ffc871f9240 direct-stack-fallback -> 0x1411e42da (n=118784)
[SKIP] Execute-fault RIP=0x7ffc871f9240 direct-stack-fallback -> 0x1411e42da (n=122880)
[SKIP] Execute-fault RIP=0x7ffc871f9240 direct-stack-fallback -> 0x1411e42da (n=126976)
[SKIP] Execute-fault RIP=0x7ffc871f9240 direct-stack-fallback -> 0x1411e42da (n=131072)
[SKIP] Execute-fault RIP=0x7ffc871f9240 direct-stack-fallback -> 0x1411e42da (n=135168)
[SKIP] Execute-fault RIP=0x7ffc871f9240 direct-stack-fallback -> 0x1411e42da (n=139264)
[SKIP] Execute-fault RIP=0x7ffc871f9240 direct-stack-fallback -> 0x1411e42da (n=143360)
[SKIP] Execute-fault RIP=0x7ffc871f9240 direct-stack-fallback -> 0x1411e42da (n=147456)
[SKIP] Execute-fault RIP=0x7ffc871f9240 direct-stack-fallback -> 0x1411e42da (n=151552)
[SKIP] Execute-fault RIP=0x7ffc871f9240 direct-stack-fallback -> 0x1411e42da (n=155648)
[SKIP] Execute-fault RIP=0x7ffc871f9240 direct-stack-fallback -> 0x1411e42da (n=159744)
[SKIP] Execute-fault RIP=0x7ffc871f9240 direct-stack-fallback -> 0x1411e42da (n=163840)
[SKIP] Execute-fault RIP=0x7ffc871f9240 direct-stack-fallback -> 0x1411e42da (n=167936)
[SKIP] Execute-fault RIP=0x7ffc871f9240 direct-stack-fallback -> 0x1411e42da (n=172032)
[SKIP] Execute-fault RIP=0x7ffc871f9240 direct-stack-fallback -> 0x1411e42da (n=176128)
[SKIP] Execute-fault RIP=0x7ffc871f9240 direct-stack-fallback -> 0x1411e42da (n=180224)
[SKIP] Execute-fault RIP=0x7ffc871f9240 direct-stack-fallback -> 0x1411e42da (n=184320)
[SKIP] Execute-fault RIP=0x7ffc871f9240 direct-stack-fallback -> 0x1411e42da (n=188416)
[SKIP] Execute-fault RIP=0x7ffc871f9240 direct-stack-fallback -> 0x1411e42da (n=192512)
[SKIP] Execute-fault RIP=0x7ffc871f9240 direct-stack-fallback -> 0x1411e42da (n=196608)
[SKIP] Execute-fault RIP=0x7ffc871f9240 direct-stack-fallback -> 0x1411e42da (n=200704)
[SKIP] Execute-fault RIP=0x7ffc871f9240 direct-stack-fallback -> 0x1411e42da (n=204800)
[SKIP] Execute-fault RIP=0x7ffc871f9240 direct-stack-fallback -> 0x1411e42da (n=208896)
[SKIP] Execute-fault RIP=0x7ffc871f9240 direct-stack-fallback -> 0x1411e42da (n=212992)
[SKIP] Execute-fault RIP=0x7ffc871f9240 direct-stack-fallback -> 0x1411e42da (n=217088)
[SKIP] Execute-fault RIP=0x7ffc871f9240 direct-stack-fallback -> 0x1411e42da (n=221184)
[SKIP] Execute-fault RIP=0x7ffc871f9240 direct-stack-fallback -> 0x1411e42da (n=225280)
[SKIP] Execute-fault RIP=0x7ffc871f9240 direct-stack-fallback -> 0x1411e42da (n=229376)
[SKIP] Execute-fault RIP=0x7ffc871f9240 direct-stack-fallback -> 0x1411e42da (n=233472)
[SKIP] Execute-fault RIP=0x7ffc871f9240 direct-stack-fallback -> 0x1411e42da (n=237568)
[SKIP] Execute-fault RIP=0x7ffc871f9240 direct-stack-fallback -> 0x1411e42da (n=241664)
[SKIP] Execute-fault RIP=0x7ffc871f9240 direct-stack-fallback -> 0x1411e42da (n=245760)
[SKIP] Execute-fault RIP=0x7ffc871f9240 direct-stack-fallback -> 0x1411e42da (n=249856)
[SKIP] Execute-fault RIP=0x7ffc871f9240 direct-stack-fallback -> 0x1411e42da (n=253952)
[SKIP] Execute-fault RIP=0x7ffc871f9240 direct-stack-fallback -> 0x1411e42da (n=258048)
[SKIP] Execute-fault RIP=0x7ffc871f9240 direct-stack-fallback -> 0x1411e42da (n=262144)
[SKIP] Execute-fault RIP=0x7ffc871f9240 direct-stack-fallback -> 0x1411e42da (n=266240)
[SKIP] Execute-fault RIP=0x7ffc871f9240 direct-stack-fallback -> 0x1411e42da (n=270336)
[SKIP] Execute-fault RIP=0x7ffc871f9240 direct-stack-fallback -> 0x1411e42da (n=274432)
[SKIP] Execute-fault RIP=0x7ffc871f9240 direct-stack-fallback -> 0x1411e42da (n=278528)
[SKIP] Execute-fault RIP=0x7ffc871f9240 direct-stack-fallback -> 0x1411e42da (n=282624)
[SKIP] Execute-fault RIP=0x7ffc871f9240 direct-stack-fallback -> 0x1411e42da (n=286720)
[SKIP] Execute-fault RIP=0x7ffc871f9240 direct-stack-fallback -> 0x1411e42da (n=290816)
[SKIP] Execute-fault RIP=0x7ffc871f9240 direct-stack-fallback -> 0x1411e42da (n=294912)
[SKIP] Execute-fault RIP=0x7ffc871f9240 direct-stack-fallback -> 0x1411e42da (n=299008)
[SKIP] Execute-fault RIP=0x7ffc871f9240 direct-stack-fallback -> 0x1411e42da (n=303104)
[SKIP] Execute-fault RIP=0x7ffc871f9240 direct-stack-fallback -> 0x1411e42da (n=307200)
[SKIP] Execute-fault RIP=0x7ffc871f9240 direct-stack-fallback -> 0x1411e42da (n=311296)
[SKIP] Execute-fault RIP=0x7ffc871f9240 direct-stack-fallback -> 0x1411e42da (n=315392)
[SKIP] Execute-fault RIP=0x7ffc871f9240 direct-stack-fallback -> 0x1411e42da (n=319488)
[SKIP] Execute-fault RIP=0x7ffc871f9240 direct-stack-fallback -> 0x1411e42da (n=323584)
[SKIP] Execute-fault RIP=0x7ffc871f9240 direct-stack-fallback -> 0x1411e42da (n=327680)
[SKIP] Execute-fault RIP=0x7ffc871f9240 direct-stack-fallback -> 0x1411e42da (n=331776)
[SKIP] Execute-fault RIP=0x7ffc871f9240 direct-stack-fallback -> 0x1411e42da (n=335872)
[SKIP] Execute-fault RIP=0x7ffc871f9240 direct-stack-fallback -> 0x1411e42da (n=339968)
[SKIP] Execute-fault RIP=0x7ffc871f9240 direct-stack-fallback -> 0x1411e42da (n=344064)
[SKIP] Execute-fault RIP=0x7ffc871f9240 direct-stack-fallback -> 0x1411e42da (n=348160)
[SKIP] Execute-fault RIP=0x7ffc871f9240 direct-stack-fallback -> 0x1411e42da (n=352256)
[SKIP] Execute-fault RIP=0x7ffc871f9240 direct-stack-fallback -> 0x1411e42da (n=356352)
[SKIP] Execute-fault RIP=0x7ffc871f9240 direct-stack-fallback -> 0x1411e42da (n=360448)
[SKIP] Execute-fault RIP=0x7ffc871f9240 direct-stack-fallback -> 0x1411e42da (n=364544)
[SKIP] Execute-fault RIP=0x7ffc871f9240 direct-stack-fallback -> 0x1411e42da (n=368640)
[SKIP] Execute-fault RIP=0x7ffc871f9240 direct-stack-fallback -> 0x1411e42da (n=372736)
[SKIP] Execute-fault RIP=0x7ffc871f9240 direct-stack-fallback -> 0x1411e42da (n=376832)
[SKIP] Execute-fault RIP=0x7ffc871f9240 direct-stack-fallback -> 0x1411e42da (n=380928)
[SKIP] Execute-fault RIP=0x7ffc871f9240 direct-stack-fallback -> 0x1411e42da (n=385024)
[SKIP] Execute-fault RIP=0x7ffc871f9240 direct-stack-fallback -> 0x1411e42da (n=389120)
[SKIP] Execute-fault RIP=0x7ffc871f9240 direct-stack-fallback -> 0x1411e42da (n=393216)
[SKIP] Execute-fault RIP=0x7ffc871f9240 direct-stack-fallback -> 0x1411e42da (n=397312)
[SKIP] Execute-fault RIP=0x7ffc871f9240 direct-stack-fallback -> 0x1411e42da (n=401408)
[SKIP] Execute-fault RIP=0x7ffc871f9240 direct-stack-fallback -> 0x1411e42da (n=405504)
[SKIP] Execute-fault RIP=0x7ffc871f9240 direct-stack-fallback -> 0x1411e42da (n=409600)
[SKIP] Execute-fault RIP=0x7ffc871f9240 direct-stack-fallback -> 0x1411e42da (n=413696)
[SKIP] Execute-fault RIP=0x7ffc871f9240 direct-stack-fallback -> 0x1411e42da (n=417792)
[SKIP] Execute-fault RIP=0x7ffc871f9240 direct-stack-fallback -> 0x1411e42da (n=421888)
[SKIP] Execute-fault RIP=0x7ffc871f9240 direct-stack-fallback -> 0x1411e42da (n=425984)
[SKIP] Execute-fault RIP=0x7ffc871f9240 direct-stack-fallback -> 0x1411e42da (n=430080)
[SKIP] Execute-fault RIP=0x7ffc871f9240 direct-stack-fallback -> 0x1411e42da (n=434176)
[SKIP] Execute-fault RIP=0x7ffc871f9240 direct-stack-fallback -> 0x1411e42da (n=438272)
[SKIP] Execute-fault RIP=0x7ffc871f9240 direct-stack-fallback -> 0x1411e42da (n=442368)
[SKIP] Execute-fault RIP=0x7ffc871f9240 direct-stack-fallback -> 0x1411e42da (n=446464)
[SKIP] Execute-fault RIP=0x7ffc871f9240 direct-stack-fallback -> 0x1411e42da (n=450560)
[SKIP] Execute-fault RIP=0x7ffc871f9240 direct-stack-fallback -> 0x1411e42da (n=454656)
[SKIP] Execute-fault RIP=0x7ffc871f9240 direct-stack-fallback -> 0x1411e42da (n=458752)
[SKIP] Execute-fault RIP=0x7ffc871f9240 direct-stack-fallback -> 0x1411e42da (n=462848)
[SKIP] Execute-fault RIP=0x7ffc871f9240 direct-stack-fallback -> 0x1411e42da (n=466944)
[SKIP] Execute-fault RIP=0x7ffc871f9240 direct-stack-fallback -> 0x1411e42da (n=471040)
[SKIP] Execute-fault RIP=0x7ffc871f9240 direct-stack-fallback -> 0x1411e42da (n=475136)
[SKIP] Execute-fault RIP=0x7ffc871f9240 direct-stack-fallback -> 0x1411e42da (n=479232)
[SKIP] Execute-fault RIP=0x7ffc871f9240 direct-stack-fallback -> 0x1411e42da (n=483328)
[SKIP] Execute-fault RIP=0x7ffc871f9240 direct-stack-fallback -> 0x1411e42da (n=487424)
[SKIP] Execute-fault RIP=0x7ffc871f9240 direct-stack-fallback -> 0x1411e42da (n=491520)
[SKIP] Execute-fault RIP=0x7ffc871f9240 direct-stack-fallback -> 0x1411e42da (n=495616)
[SKIP] Execute-fault RIP=0x7ffc871f9240 direct-stack-fallback -> 0x1411e42da (n=499712)
[SKIP] Execute-fault RIP=0x7ffc871f9240 direct-stack-fallback -> 0x1411e42da (n=503808)
[SKIP] Execute-fault RIP=0x7ffc871f9240 direct-stack-fallback -> 0x1411e42da (n=507904)
[SKIP] Execute-fault RIP=0x7ffc871f9240 direct-stack-fallback -> 0x1411e42da (n=512000)
[SKIP] Execute-fault RIP=0x7ffc871f9240 direct-stack-fallback -> 0x1411e42da (n=516096)
[SKIP] Execute-fault RIP=0x7ffc871f9240 direct-stack-fallback -> 0x1411e42da (n=520192)
[SKIP] Execute-fault RIP=0x7ffc871f9240 direct-stack-fallback -> 0x1411e42da (n=524288)
[SKIP] Execute-fault RIP=0x7ffc871f9240 direct-stack-fallback -> 0x1411e42da (n=528384)
[SKIP] Execute-fault RIP=0x7ffc871f9240 direct-stack-fallback -> 0x1411e42da (n=532480)
[SKIP] Execute-fault RIP=0x7ffc871f9240 direct-stack-fallback -> 0x1411e42da (n=536576)
[SKIP] Execute-fault RIP=0x7ffc871f9240 direct-stack-fallback -> 0x1411e42da (n=540672)
[SKIP] Execute-fault RIP=0x7ffc871f9240 direct-stack-fallback -> 0x1411e42da (n=544768)
[SKIP] Execute-fault RIP=0x7ffc871f9240 direct-stack-fallback -> 0x1411e42da (n=548864)
[SKIP] Execute-fault RIP=0x7ffc871f9240 direct-stack-fallback -> 0x1411e42da (n=552960)
[SKIP] Execute-fault RIP=0x7ffc871f9240 direct-stack-fallback -> 0x1411e42da (n=557056)
[SKIP] Execute-fault RIP=0x7ffc871f9240 direct-stack-fallback -> 0x1411e42da (n=561152)
[SKIP] Execute-fault RIP=0x7ffc871f9240 direct-stack-fallback -> 0x1411e42da (n=565248)
[SKIP] Execute-fault RIP=0x7ffc871f9240 direct-stack-fallback -> 0x1411e42da (n=569344)
[SKIP] Execute-fault RIP=0x7ffc871f9240 direct-stack-fallback -> 0x1411e42da (n=573440)
[SKIP] Execute-fault RIP=0x7ffc871f9240 direct-stack-fallback -> 0x1411e42da (n=577536)
[SKIP] Execute-fault RIP=0x7ffc871f9240 direct-stack-fallback -> 0x1411e42da (n=581632)
[SKIP] Execute-fault RIP=0x7ffc871f9240 direct-stack-fallback -> 0x1411e42da (n=585728)
[SKIP] Execute-fault RIP=0x7ffc871f9240 direct-stack-fallback -> 0x1411e42da (n=589824)
[SKIP] Execute-fault RIP=0x7ffc871f9240 direct-stack-fallback -> 0x1411e42da (n=593920)
[SKIP] Execute-fault RIP=0x7ffc871f9240 direct-stack-fallback -> 0x1411e42da (n=598016)
[SKIP] Execute-fault RIP=0x7ffc871f9240 direct-stack-fallback -> 0x1411e42da (n=602112)
[SKIP] Execute-fault RIP=0x7ffc871f9240 direct-stack-fallback -> 0x1411e42da (n=606208)
[SKIP] Execute-fault RIP=0x7ffc871f9240 direct-stack-fallback -> 0x1411e42da (n=610304)
[SKIP] Execute-fault RIP=0x7ffc871f9240 direct-stack-fallback -> 0x1411e42da (n=614400)
[SKIP] Execute-fault RIP=0x7ffc871f9240 direct-stack-fallback -> 0x1411e42da (n=618496)
[SKIP] Execute-fault RIP=0x7ffc871f9240 direct-stack-fallback -> 0x1411e42da (n=622592)
[SKIP] Execute-fault RIP=0x7ffc871f9240 direct-stack-fallback -> 0x1411e42da (n=626688)
[SKIP] Execute-fault RIP=0x7ffc871f9240 direct-stack-fallback -> 0x1411e42da (n=630784)
[SKIP] Execute-fault RIP=0x7ffc871f9240 direct-stack-fallback -> 0x1411e42da (n=634880)
[SKIP] Execute-fault RIP=0x7ffc871f9240 direct-stack-fallback -> 0x1411e42da (n=638976)
[SKIP] Execute-fault RIP=0x7ffc871f9240 direct-stack-fallback -> 0x1411e42da (n=643072)
[SKIP] Execute-fault RIP=0x7ffc871f9240 direct-stack-fallback -> 0x1411e42da (n=647168)
[SKIP] Execute-fault RIP=0x7ffc871f9240 direct-stack-fallback -> 0x1411e42da (n=651264)
[SKIP] Execute-fault RIP=0x7ffc871f9240 direct-stack-fallback -> 0x1411e42da (n=655360)
[SKIP] Execute-fault RIP=0x7ffc871f9240 direct-stack-fallback -> 0x1411e42da (n=659456)
[SKIP] Execute-fault RIP=0x7ffc871f9240 direct-stack-fallback -> 0x1411e42da (n=663552)
[SKIP] Execute-fault RIP=0x7ffc871f9240 direct-stack-fallback -> 0x1411e42da (n=667648)
[SKIP] Execute-fault RIP=0x7ffc871f9240 direct-stack-fallback -> 0x1411e42da (n=671744)
[SKIP] Execute-fault RIP=0x7ffc871f9240 direct-stack-fallback -> 0x1411e42da (n=675840)
[SKIP] Execute-fault RIP=0x7ffc871f9240 direct-stack-fallback -> 0x1411e42da (n=679936)
[SKIP] Execute-fault RIP=0x7ffc871f9240 direct-stack-fallback -> 0x1411e42da (n=684032)
[SKIP] Execute-fault RIP=0x7ffc871f9240 direct-stack-fallback -> 0x1411e42da (n=688128)
[SKIP] Execute-fault RIP=0x7ffc871f9240 direct-stack-fallback -> 0x1411e42da (n=692224)
[SKIP] Execute-fault RIP=0x7ffc871f9240 direct-stack-fallback -> 0x1411e42da (n=696320)
[SKIP] Execute-fault RIP=0x7ffc871f9240 direct-stack-fallback -> 0x1411e42da (n=700416)
[SKIP] Execute-fault RIP=0x7ffc871f9240 direct-stack-fallback -> 0x1411e42da (n=704512)
[SKIP] Execute-fault RIP=0x7ffc871f9240 direct-stack-fallback -> 0x1411e42da (n=708608)
[SKIP] Execute-fault RIP=0x7ffc871f9240 direct-stack-fallback -> 0x1411e42da (n=712704)
[SKIP] Execute-fault RIP=0x7ffc871f9240 direct-stack-fallback -> 0x1411e42da (n=716800)
[SKIP] Execute-fault RIP=0x7ffc871f9240 direct-stack-fallback -> 0x1411e42da (n=720896)
[SKIP] Execute-fault RIP=0x7ffc871f9240 direct-stack-fallback -> 0x1411e42da (n=724992)
[SKIP] Execute-fault RIP=0x7ffc871f9240 direct-stack-fallback -> 0x1411e42da (n=729088)
[SKIP] Execute-fault RIP=0x7ffc871f9240 direct-stack-fallback -> 0x1411e42da (n=733184)
[SKIP] Execute-fault RIP=0x7ffc871f9240 direct-stack-fallback -> 0x1411e42da (n=737280)
[SKIP] Execute-fault RIP=0x7ffc871f9240 direct-stack-fallback -> 0x1411e42da (n=741376)
[SKIP] Execute-fault RIP=0x7ffc871f9240 direct-stack-fallback -> 0x1411e42da (n=745472)
[SKIP] Execute-fault RIP=0x7ffc871f9240 direct-stack-fallback -> 0x1411e42da (n=749568)
[SKIP] Execute-fault RIP=0x7ffc871f9240 direct-stack-fallback -> 0x1411e42da (n=753664)
[SKIP] Execute-fault RIP=0x7ffc871f9240 direct-stack-fallback -> 0x1411e42da (n=757760)
[SKIP] Execute-fault RIP=0x7ffc871f9240 direct-stack-fallback -> 0x1411e42da (n=761856)
[SKIP] Execute-fault RIP=0x7ffc871f9240 direct-stack-fallback -> 0x1411e42da (n=765952)
[SKIP] Execute-fault RIP=0x7ffc871f9240 direct-stack-fallback -> 0x1411e42da (n=770048)
[SKIP] Execute-fault RIP=0x7ffc871f9240 direct-stack-fallback -> 0x1411e42da (n=774144)
[SKIP] Execute-fault RIP=0x7ffc871f9240 direct-stack-fallback -> 0x1411e42da (n=778240)
[SKIP] Execute-fault RIP=0x7ffc871f9240 direct-stack-fallback -> 0x1411e42da (n=782336)
[SKIP] Execute-fault RIP=0x7ffc871f9240 direct-stack-fallback -> 0x1411e42da (n=786432)
[SKIP] Execute-fault RIP=0x7ffc871f9240 direct-stack-fallback -> 0x1411e42da (n=790528)
[SKIP] Execute-fault RIP=0x7ffc871f9240 direct-stack-fallback -> 0x1411e42da (n=794624)
[SKIP] Execute-fault RIP=0x7ffc871f9240 direct-stack-fallback -> 0x1411e42da (n=798720)
[SKIP] Execute-fault RIP=0x7ffc871f9240 direct-stack-fallback -> 0x1411e42da (n=802816)
[SKIP] Execute-fault RIP=0x7ffc871f9240 direct-stack-fallback -> 0x1411e42da (n=806912)
[SKIP] Execute-fault RIP=0x7ffc871f9240 direct-stack-fallback -> 0x1411e42da (n=811008)
[SKIP] Execute-fault RIP=0x7ffc871f9240 direct-stack-fallback -> 0x1411e42da (n=815104)
[SKIP] Execute-fault RIP=0x7ffc871f9240 direct-stack-fallback -> 0x1411e42da (n=819200)
[SKIP] Execute-fault RIP=0x7ffc871f9240 direct-stack-fallback -> 0x1411e42da (n=823296)
[SKIP] Execute-fault RIP=0x7ffc871f9240 direct-stack-fallback -> 0x1411e42da (n=827392)
[SKIP] Execute-fault RIP=0x7ffc871f9240 direct-stack-fallback -> 0x1411e42da (n=831488)
[SKIP] Execute-fault RIP=0x7ffc871f9240 direct-stack-fallback -> 0x1411e42da (n=835584)
[SKIP] Execute-fault RIP=0x7ffc871f9240 direct-stack-fallback -> 0x1411e42da (n=839680)
[SKIP] Execute-fault RIP=0x7ffc871f9240 direct-stack-fallback -> 0x1411e42da (n=843776)
[SKIP] Execute-fault RIP=0x7ffc871f9240 direct-stack-fallback -> 0x1411e42da (n=847872)
[SKIP] Execute-fault RIP=0x7ffc871f9240 direct-stack-fallback -> 0x1411e42da (n=851968)
[SKIP] Execute-fault RIP=0x7ffc871f9240 direct-stack-fallback -> 0x1411e42da (n=856064)
[SKIP] Execute-fault RIP=0x7ffc871f9240 direct-stack-fallback -> 0x1411e42da (n=860160)
[SKIP] Execute-fault RIP=0x7ffc871f9240 direct-stack-fallback -> 0x1411e42da (n=864256)
[SKIP] Execute-fault RIP=0x7ffc871f9240 direct-stack-fallback -> 0x1411e42da (n=868352)
[SKIP] Execute-fault RIP=0x7ffc871f9240 direct-stack-fallback -> 0x1411e42da (n=872448)
[SKIP] Execute-fault RIP=0x7ffc871f9240 direct-stack-fallback -> 0x1411e42da (n=876544)
[SKIP] Execute-fault RIP=0x7ffc871f9240 direct-stack-fallback -> 0x1411e42da (n=880640)
[SKIP] Execute-fault RIP=0x7ffc871f9240 direct-stack-fallback -> 0x1411e42da (n=884736)
[SKIP] Execute-fault RIP=0x7ffc871f9240 direct-stack-fallback -> 0x1411e42da (n=888832)
[SKIP] Execute-fault RIP=0x7ffc871f9240 direct-stack-fallback -> 0x1411e42da (n=892928)
[SKIP] Execute-fault RIP=0x7ffc871f9240 direct-stack-fallback -> 0x1411e42da (n=897024)
[SKIP] Execute-fault RIP=0x7ffc871f9240 direct-stack-fallback -> 0x1411e42da (n=901120)
[SKIP] Execute-fault RIP=0x7ffc871f9240 direct-stack-fallback -> 0x1411e42da (n=905216)
[SKIP] Execute-fault RIP=0x7ffc871f9240 direct-stack-fallback -> 0x1411e42da (n=909312)
[SKIP] Execute-fault RIP=0x7ffc871f9240 direct-stack-fallback -> 0x1411e42da (n=913408)
[SKIP] Execute-fault RIP=0x7ffc871f9240 direct-stack-fallback -> 0x1411e42da (n=917504)
[SKIP] Execute-fault RIP=0x7ffc871f9240 direct-stack-fallback -> 0x1411e42da (n=921600)
[SKIP] Execute-fault RIP=0x7ffc871f9240 direct-stack-fallback -> 0x1411e42da (n=925696)
[SKIP] Execute-fault RIP=0x7ffc871f9240 direct-stack-fallback -> 0x1411e42da (n=929792)
[SKIP] Execute-fault RIP=0x7ffc871f9240 direct-stack-fallback -> 0x1411e42da (n=933888)
[SKIP] Execute-fault RIP=0x7ffc871f9240 direct-stack-fallback -> 0x1411e42da (n=937984)
[SKIP] Execute-fault RIP=0x7ffc871f9240 direct-stack-fallback -> 0x1411e42da (n=942080)
[SKIP] Execute-fault RIP=0x7ffc871f9240 direct-stack-fallback -> 0x1411e42da (n=946176)
[SKIP] Execute-fault RIP=0x7ffc871f9240 direct-stack-fallback -> 0x1411e42da (n=950272)
[SKIP] Execute-fault RIP=0x7ffc871f9240 direct-stack-fallback -> 0x1411e42da (n=954368)
[SKIP] Execute-fault RIP=0x7ffc871f9240 direct-stack-fallback -> 0x1411e42da (n=958464)
[SKIP] Execute-fault RIP=0x7ffc871f9240 direct-stack-fallback -> 0x1411e42da (n=962560)
[SKIP] Execute-fault RIP=0x7ffc871f9240 direct-stack-fallback -> 0x1411e42da (n=966656)
[SKIP] Execute-fault RIP=0x7ffc871f9240 direct-stack-fallback -> 0x1411e42da (n=970752)
[SKIP] Execute-fault RIP=0x7ffc871f9240 direct-stack-fallback -> 0x1411e42da (n=974848)
[SKIP] Execute-fault RIP=0x7ffc871f9240 direct-stack-fallback -> 0x1411e42da (n=978944)
[SKIP] Execute-fault RIP=0x7ffc871f9240 direct-stack-fallback -> 0x1411e42da (n=983040)
[SKIP] Execute-fault RIP=0x7ffc871f9240 direct-stack-fallback -> 0x1411e42da (n=987136)
[SKIP] Execute-fault RIP=0x7ffc871f9240 direct-stack-fallback -> 0x1411e42da (n=991232)
[SKIP] Execute-fault RIP=0x7ffc871f9240 direct-stack-fallback -> 0x1411e42da (n=995328)
[SKIP] Execute-fault RIP=0x7ffc871f9240 direct-stack-fallback -> 0x1411e42da (n=999424)
[SKIP] Execute-fault RIP=0x7ffc871f9240 direct-stack-fallback -> 0x1411e42da (n=1003520)
[SKIP] Execute-fault RIP=0x7ffc871f9240 direct-stack-fallback -> 0x1411e42da (n=1007616)
[SKIP] Execute-fault RIP=0x7ffc871f9240 direct-stack-fallback -> 0x1411e42da (n=1011712)
[SKIP] Execute-fault RIP=0x7ffc871f9240 direct-stack-fallback -> 0x1411e42da (n=1015808)
[SKIP] Execute-fault RIP=0x7ffc871f9240 direct-stack-fallback -> 0x1411e42da (n=1019904)
[SKIP] Execute-fault RIP=0x7ffc871f9240 direct-stack-fallback -> 0x1411e42da (n=1024000)
[SKIP] Execute-fault RIP=0x7ffc871f9240 direct-stack-fallback -> 0x1411e42da (n=1028096)
[SKIP] Execute-fault RIP=0x7ffc871f9240 direct-stack-fallback -> 0x1411e42da (n=1032192)
[SKIP] Execute-fault RIP=0x7ffc871f9240 direct-stack-fallback -> 0x1411e42da (n=1036288)
[SKIP] Execute-fault RIP=0x7ffc871f9240 direct-stack-fallback -> 0x1411e42da (n=1040384)
[SKIP] Execute-fault RIP=0x7ffc871f9240 direct-stack-fallback -> 0x1411e42da (n=1044480)
[SKIP] Execute-fault RIP=0x7ffc871f9240 direct-stack-fallback -> 0x1411e42da (n=1048576)
[SKIP] Execute-fault RIP=0x7ffc871f9240 direct-stack-fallback -> 0x1411e42da (n=1052672)
[SKIP] Execute-fault RIP=0x7ffc871f9240 direct-stack-fallback -> 0x1411e42da (n=1056768)
[SKIP] Execute-fault RIP=0x7ffc871f9240 direct-stack-fallback -> 0x1411e42da (n=1060864)
[SKIP] Execute-fault RIP=0x7ffc871f9240 direct-stack-fallback -> 0x1411e42da (n=1064960)
[SKIP] Execute-fault RIP=0x7ffc871f9240 direct-stack-fallback -> 0x1411e42da (n=1069056)
[SKIP] Execute-fault RIP=0x7ffc871f9240 direct-stack-fallback -> 0x1411e42da (n=1073152)
[SKIP] Execute-fault RIP=0x7ffc871f9240 direct-stack-fallback -> 0x1411e42da (n=1077248)
[SKIP] Execute-fault RIP=0x7ffc871f9240 direct-stack-fallback -> 0x1411e42da (n=1081344)
[SKIP] Execute-fault RIP=0x7ffc871f9240 direct-stack-fallback -> 0x1411e42da (n=1085440)
[SKIP] Execute-fault RIP=0x7ffc871f9240 direct-stack-fallback -> 0x1411e42da (n=1089536)
[SKIP] Execute-fault RIP=0x7ffc871f9240 direct-stack-fallback -> 0x1411e42da (n=1093632)
[SKIP] Execute-fault RIP=0x7ffc871f9240 direct-stack-fallback -> 0x1411e42da (n=1097728)
[SKIP] Execute-fault RIP=0x7ffc871f9240 direct-stack-fallback -> 0x1411e42da (n=1101824)
[SKIP] Execute-fault RIP=0x7ffc871f9240 direct-stack-fallback -> 0x1411e42da (n=1105920)
[SKIP] Execute-fault RIP=0x7ffc871f9240 direct-stack-fallback -> 0x1411e42da (n=1110016)
[SKIP] Execute-fault RIP=0x7ffc871f9240 direct-stack-fallback -> 0x1411e42da (n=1114112)
[SKIP] Execute-fault RIP=0x7ffc871f9240 direct-stack-fallback -> 0x1411e42da (n=1118208)
[SKIP] Execute-fault RIP=0x7ffc871f9240 direct-stack-fallback -> 0x1411e42da (n=1122304)
[SKIP] Execute-fault RIP=0x7ffc871f9240 direct-stack-fallback -> 0x1411e42da (n=1126400)
[SKIP] Execute-fault RIP=0x7ffc871f9240 direct-stack-fallback -> 0x1411e42da (n=1130496)
[SKIP] Execute-fault RIP=0x7ffc871f9240 direct-stack-fallback -> 0x1411e42da (n=1134592)
[SKIP] Execute-fault RIP=0x7ffc871f9240 direct-stack-fallback -> 0x1411e42da (n=1138688)
[SKIP] Execute-fault RIP=0x7ffc871f9240 direct-stack-fallback -> 0x1411e42da (n=1142784)
[SKIP] Execute-fault RIP=0x7ffc871f9240 direct-stack-fallback -> 0x1411e42da (n=1146880)
[SKIP] Execute-fault RIP=0x7ffc871f9240 direct-stack-fallback -> 0x1411e42da (n=1150976)
[SKIP] Execute-fault RIP=0x7ffc871f9240 direct-stack-fallback -> 0x1411e42da (n=1155072)
[SKIP] Execute-fault RIP=0x7ffc871f9240 direct-stack-fallback -> 0x1411e42da (n=1159168)
[SKIP] Execute-fault RIP=0x7ffc871f9240 direct-stack-fallback -> 0x1411e42da (n=1163264)
[SKIP] Execute-fault RIP=0x7ffc871f9240 direct-stack-fallback -> 0x1411e42da (n=1167360)
[SKIP] Execute-fault RIP=0x7ffc871f9240 direct-stack-fallback -> 0x1411e42da (n=1171456)
[SKIP] Execute-fault RIP=0x7ffc871f9240 direct-stack-fallback -> 0x1411e42da (n=1175552)
[SKIP] Execute-fault RIP=0x7ffc871f9240 direct-stack-fallback -> 0x1411e42da (n=1179648)
[SKIP] Execute-fault RIP=0x7ffc871f9240 direct-stack-fallback -> 0x1411e42da (n=1183744)
[SKIP] Execute-fault RIP=0x7ffc871f9240 direct-stack-fallback -> 0x1411e42da (n=1187840)
[SKIP] Execute-fault RIP=0x7ffc871f9240 direct-stack-fallback -> 0x1411e42da (n=1191936)
[SKIP] Execute-fault RIP=0x7ffc871f9240 direct-stack-fallback -> 0x1411e42da (n=1196032)
[SKIP] Execute-fault RIP=0x7ffc871f9240 direct-stack-fallback -> 0x1411e42da (n=1200128)
[SKIP] Execute-fault RIP=0x7ffc871f9240 direct-stack-fallback -> 0x1411e42da (n=1204224)
[SKIP] Execute-fault RIP=0x7ffc871f9240 direct-stack-fallback -> 0x1411e42da (n=1208320)
[SKIP] Execute-fault RIP=0x7ffc871f9240 direct-stack-fallback -> 0x1411e42da (n=1212416)
[SKIP] Execute-fault RIP=0x7ffc871f9240 direct-stack-fallback -> 0x1411e42da (n=1216512)
[SKIP] Execute-fault RIP=0x7ffc871f9240 direct-stack-fallback -> 0x1411e42da (n=1220608)
[SKIP] Execute-fault RIP=0x7ffc871f9240 direct-stack-fallback -> 0x1411e42da (n=1224704)
[SKIP] Execute-fault RIP=0x7ffc871f9240 direct-stack-fallback -> 0x1411e42da (n=1228800)
[SKIP] Execute-fault RIP=0x7ffc871f9240 direct-stack-fallback -> 0x1411e42da (n=1232896)
[SKIP] Execute-fault RIP=0x7ffc871f9240 direct-stack-fallback -> 0x1411e42da (n=1236992)
[SKIP] Execute-fault RIP=0x7ffc871f9240 direct-stack-fallback -> 0x1411e42da (n=1241088)
[SKIP] Execute-fault RIP=0x7ffc871f9240 direct-stack-fallback -> 0x1411e42da (n=1245184)
[SKIP] Execute-fault RIP=0x7ffc871f9240 direct-stack-fallback -> 0x1411e42da (n=1249280)
[SKIP] Execute-fault RIP=0x7ffc871f9240 direct-stack-fallback -> 0x1411e42da (n=1253376)
[SKIP] Execute-fault RIP=0x7ffc871f9240 direct-stack-fallback -> 0x1411e42da (n=1257472)
[SKIP] Execute-fault RIP=0x7ffc871f9240 direct-stack-fallback -> 0x1411e42da (n=1261568)
[SKIP] Execute-fault RIP=0x7ffc871f9240 direct-stack-fallback -> 0x1411e42da (n=1265664)
[SKIP] Execute-fault RIP=0x7ffc871f9240 direct-stack-fallback -> 0x1411e42da (n=1269760)
[SKIP] Execute-fault RIP=0x7ffc871f9240 direct-stack-fallback -> 0x1411e42da (n=1273856)
[SKIP] Execute-fault RIP=0x7ffc871f9240 direct-stack-fallback -> 0x1411e42da (n=1277952)
[SKIP] Execute-fault RIP=0x7ffc871f9240 direct-stack-fallback -> 0x1411e42da (n=1282048)
[SKIP] Execute-fault RIP=0x7ffc871f9240 direct-stack-fallback -> 0x1411e42da (n=1286144)
[SKIP] Execute-fault RIP=0x7ffc871f9240 direct-stack-fallback -> 0x1411e42da (n=1290240)
[SKIP] Execute-fault RIP=0x7ffc871f9240 direct-stack-fallback -> 0x1411e42da (n=1294336)
[SKIP] Execute-fault RIP=0x7ffc871f9240 direct-stack-fallback -> 0x1411e42da (n=1298432)
[SKIP] Execute-fault RIP=0x7ffc871f9240 direct-stack-fallback -> 0x1411e42da (n=1302528)
[SKIP] Execute-fault RIP=0x7ffc871f9240 direct-stack-fallback -> 0x1411e42da (n=1306624)
[SKIP] Execute-fault RIP=0x7ffc871f9240 direct-stack-fallback -> 0x1411e42da (n=1310720)
[SKIP] Execute-fault RIP=0x7ffc871f9240 direct-stack-fallback -> 0x1411e42da (n=1314816)
[SKIP] Execute-fault RIP=0x7ffc871f9240 direct-stack-fallback -> 0x1411e42da (n=1318912)
[SKIP] Execute-fault RIP=0x7ffc871f9240 direct-stack-fallback -> 0x1411e42da (n=1323008)
[SKIP] Execute-fault RIP=0x7ffc871f9240 direct-stack-fallback -> 0x1411e42da (n=1327104)
[SKIP] Execute-fault RIP=0x7ffc871f9240 direct-stack-fallback -> 0x1411e42da (n=1331200)
[SKIP] Execute-fault RIP=0x7ffc871f9240 direct-stack-fallback -> 0x1411e42da (n=1335296)
[SKIP] Execute-fault RIP=0x7ffc871f9240 direct-stack-fallback -> 0x1411e42da (n=1339392)
[SKIP] Execute-fault RIP=0x7ffc871f9240 direct-stack-fallback -> 0x1411e42da (n=1343488)
[SKIP] Execute-fault RIP=0x7ffc871f9240 direct-stack-fallback -> 0x1411e42da (n=1347584)
[SKIP] Execute-fault RIP=0x7ffc871f9240 direct-stack-fallback -> 0x1411e42da (n=1351680)
[SKIP] Execute-fault RIP=0x7ffc871f9240 direct-stack-fallback -> 0x1411e42da (n=1355776)
[SKIP] Execute-fault RIP=0x7ffc871f9240 direct-stack-fallback -> 0x1411e42da (n=1359872)
[SKIP] Execute-fault RIP=0x7ffc871f9240 direct-stack-fallback -> 0x1411e42da (n=1363968)
[SKIP] Execute-fault RIP=0x7ffc871f9240 direct-stack-fallback -> 0x1411e42da (n=1368064)
[SKIP] Execute-fault RIP=0x7ffc871f9240 direct-stack-fallback -> 0x1411e42da (n=1372160)
[SKIP] Execute-fault RIP=0x7ffc871f9240 direct-stack-fallback -> 0x1411e42da (n=1376256)
[SKIP] Execute-fault RIP=0x7ffc871f9240 direct-stack-fallback -> 0x1411e42da (n=1380352)
[SKIP] Execute-fault RIP=0x7ffc871f9240 direct-stack-fallback -> 0x1411e42da (n=1384448)
[SKIP] Execute-fault RIP=0x7ffc871f9240 direct-stack-fallback -> 0x1411e42da (n=1388544)
[SKIP] Execute-fault RIP=0x7ffc871f9240 direct-stack-fallback -> 0x1411e42da (n=1392640)
[SKIP] Execute-fault RIP=0x7ffc871f9240 direct-stack-fallback -> 0x1411e42da (n=1396736)
[SKIP] Execute-fault RIP=0x7ffc871f9240 direct-stack-fallback -> 0x1411e42da (n=1400832)
[SKIP] Execute-fault RIP=0x7ffc871f9240 direct-stack-fallback -> 0x1411e42da (n=1404928)
[SKIP] Execute-fault RIP=0x7ffc871f9240 direct-stack-fallback -> 0x1411e42da (n=1409024)
[SKIP] Execute-fault RIP=0x7ffc871f9240 direct-stack-fallback -> 0x1411e42da (n=1413120)
[SKIP] Execute-fault RIP=0x7ffc871f9240 direct-stack-fallback -> 0x1411e42da (n=1417216)
[SKIP] Execute-fault RIP=0x7ffc871f9240 direct-stack-fallback -> 0x1411e42da (n=1421312)
[SKIP] Execute-fault RIP=0x7ffc871f9240 direct-stack-fallback -> 0x1411e42da (n=1425408)
[SKIP] Execute-fault RIP=0x7ffc871f9240 direct-stack-fallback -> 0x1411e42da (n=1429504)
[SKIP] Execute-fault RIP=0x7ffc871f9240 direct-stack-fallback -> 0x1411e42da (n=1433600)
[SKIP] Execute-fault RIP=0x7ffc871f9240 direct-stack-fallback -> 0x1411e42da (n=1437696)
[SKIP] Execute-fault RIP=0x7ffc871f9240 direct-stack-fallback -> 0x1411e42da (n=1441792)
[SKIP] Execute-fault RIP=0x7ffc871f9240 direct-stack-fallback -> 0x1411e42da (n=1445888)
[SKIP] Execute-fault RIP=0x7ffc871f9240 direct-stack-fallback -> 0x1411e42da (n=1449984)
[SKIP] Execute-fault RIP=0x7ffc871f9240 direct-stack-fallback -> 0x1411e42da (n=1454080)
[SKIP] Execute-fault RIP=0x7ffc871f9240 direct-stack-fallback -> 0x1411e42da (n=1458176)
[SKIP] Execute-fault RIP=0x7ffc871f9240 direct-stack-fallback -> 0x1411e42da (n=1462272)
[SKIP] Execute-fault RIP=0x7ffc871f9240 direct-stack-fallback -> 0x1411e42da (n=1466368)
[SKIP] Execute-fault RIP=0x7ffc871f9240 direct-stack-fallback -> 0x1411e42da (n=1470464)
[SKIP] Execute-fault RIP=0x7ffc871f9240 direct-stack-fallback -> 0x1411e42da (n=1474560)
[SKIP] Execute-fault RIP=0x7ffc871f9240 direct-stack-fallback -> 0x1411e42da (n=1478656)
[SKIP] Execute-fault RIP=0x7ffc871f9240 direct-stack-fallback -> 0x1411e42da (n=1482752)
[SKIP] Execute-fault RIP=0x7ffc871f9240 direct-stack-fallback -> 0x1411e42da (n=1486848)
[SKIP] Execute-fault RIP=0x7ffc871f9240 direct-stack-fallback -> 0x1411e42da (n=1490944)
[SKIP] Execute-fault RIP=0x7ffc871f9240 direct-stack-fallback -> 0x1411e42da (n=1495040)
[SKIP] Execute-fault RIP=0x7ffc871f9240 direct-stack-fallback -> 0x1411e42da (n=1499136)
[SKIP] Execute-fault RIP=0x7ffc871f9240 direct-stack-fallback -> 0x1411e42da (n=1503232)
[SKIP] Execute-fault RIP=0x7ffc871f9240 direct-stack-fallback -> 0x1411e42da (n=1507328)
[SKIP] Execute-fault RIP=0x7ffc871f9240 direct-stack-fallback -> 0x1411e42da (n=1511424)
[SKIP] Execute-fault RIP=0x7ffc871f9240 direct-stack-fallback -> 0x1411e42da (n=1515520)
[SKIP] Execute-fault RIP=0x7ffc871f9240 direct-stack-fallback -> 0x1411e42da (n=1519616)
[SKIP] Execute-fault RIP=0x7ffc871f9240 direct-stack-fallback -> 0x1411e42da (n=1523712)
[SKIP] Execute-fault RIP=0x7ffc871f9240 direct-stack-fallback -> 0x1411e42da (n=1527808)
[SKIP] Execute-fault RIP=0x7ffc871f9240 direct-stack-fallback -> 0x1411e42da (n=1531904)
[SKIP] Execute-fault RIP=0x7ffc871f9240 direct-stack-fallback -> 0x1411e42da (n=1536000)
[SKIP] Execute-fault RIP=0x7ffc871f9240 direct-stack-fallback -> 0x1411e42da (n=1540096)
[SKIP] Execute-fault RIP=0x7ffc871f9240 direct-stack-fallback -> 0x1411e42da (n=1544192)
[SKIP] Execute-fault RIP=0x7ffc871f9240 direct-stack-fallback -> 0x1411e42da (n=1548288)
[SKIP] Execute-fault RIP=0x7ffc871f9240 direct-stack-fallback -> 0x1411e42da (n=1552384)
[SKIP] Execute-fault RIP=0x7ffc871f9240 direct-stack-fallback -> 0x1411e42da (n=1556480)
[SKIP] Execute-fault RIP=0x7ffc871f9240 direct-stack-fallback -> 0x1411e42da (n=1560576)
[SKIP] Execute-fault RIP=0x7ffc871f9240 direct-stack-fallback -> 0x1411e42da (n=1564672)
[SKIP] Execute-fault RIP=0x7ffc871f9240 direct-stack-fallback -> 0x1411e42da (n=1568768)
[SKIP] Execute-fault RIP=0x7ffc871f9240 direct-stack-fallback -> 0x1411e42da (n=1572864)
[SKIP] Execute-fault RIP=0x7ffc871f9240 direct-stack-fallback -> 0x1411e42da (n=1576960)
[SKIP] Execute-fault RIP=0x7ffc871f9240 direct-stack-fallback -> 0x1411e42da (n=1581056)
[SKIP] Execute-fault RIP=0x7ffc871f9240 direct-stack-fallback -> 0x1411e42da (n=1585152)
[SKIP] Execute-fault RIP=0x7ffc871f9240 direct-stack-fallback -> 0x1411e42da (n=1589248)
[SKIP] Execute-fault RIP=0x7ffc871f9240 direct-stack-fallback -> 0x1411e42da (n=1593344)
[SKIP] Execute-fault RIP=0x7ffc871f9240 direct-stack-fallback -> 0x1411e42da (n=1597440)
[SKIP] Execute-fault RIP=0x7ffc871f9240 direct-stack-fallback -> 0x1411e42da (n=1601536)
[SKIP] Execute-fault RIP=0x7ffc871f9240 direct-stack-fallback -> 0x1411e42da (n=1605632)
[SKIP] Execute-fault RIP=0x7ffc871f9240 direct-stack-fallback -> 0x1411e42da (n=1609728)
[SKIP] Execute-fault RIP=0x7ffc871f9240 direct-stack-fallback -> 0x1411e42da (n=1613824)
[SKIP] Execute-fault RIP=0x7ffc871f9240 direct-stack-fallback -> 0x1411e42da (n=1617920)
[SKIP] Execute-fault RIP=0x7ffc871f9240 direct-stack-fallback -> 0x1411e42da (n=1622016)
[SKIP] Execute-fault RIP=0x7ffc871f9240 direct-stack-fallback -> 0x1411e42da (n=1626112)
[SKIP] Execute-fault RIP=0x7ffc871f9240 direct-stack-fallback -> 0x1411e42da (n=1630208)
[SKIP] Execute-fault RIP=0x7ffc871f9240 direct-stack-fallback -> 0x1411e42da (n=1634304)
[SKIP] Execute-fault RIP=0x7ffc871f9240 direct-stack-fallback -> 0x1411e42da (n=1638400)
[SKIP] Execute-fault RIP=0x7ffc871f9240 direct-stack-fallback -> 0x1411e42da (n=1642496)
[SKIP] Execute-fault RIP=0x7ffc871f9240 direct-stack-fallback -> 0x1411e42da (n=1646592)
[SKIP] Execute-fault RIP=0x7ffc871f9240 direct-stack-fallback -> 0x1411e42da (n=1650688)
[SKIP] Execute-fault RIP=0x7ffc871f9240 direct-stack-fallback -> 0x1411e42da (n=1654784)
[SKIP] Execute-fault RIP=0x7ffc871f9240 direct-stack-fallback -> 0x1411e42da (n=1658880)
[SKIP] Execute-fault RIP=0x7ffc871f9240 direct-stack-fallback -> 0x1411e42da (n=1662976)
[SKIP] Execute-fault RIP=0x7ffc871f9240 direct-stack-fallback -> 0x1411e42da (n=1667072)
[SKIP] Execute-fault RIP=0x7ffc871f9240 direct-stack-fallback -> 0x1411e42da (n=1671168)
[SKIP] Execute-fault RIP=0x7ffc871f9240 direct-stack-fallback -> 0x1411e42da (n=1675264)
[SKIP] Execute-fault RIP=0x7ffc871f9240 direct-stack-fallback -> 0x1411e42da (n=1679360)
[SKIP] Execute-fault RIP=0x7ffc871f9240 direct-stack-fallback -> 0x1411e42da (n=1683456)
[SKIP] Execute-fault RIP=0x7ffc871f9240 direct-stack-fallback -> 0x1411e42da (n=1687552)
[SKIP] Execute-fault RIP=0x7ffc871f9240 direct-stack-fallback -> 0x1411e42da (n=1691648)
[SKIP] Execute-fault RIP=0x7ffc871f9240 direct-stack-fallback -> 0x1411e42da (n=1695744)
[SKIP] Execute-fault RIP=0x7ffc871f9240 direct-stack-fallback -> 0x1411e42da (n=1699840)
[SKIP] Execute-fault RIP=0x7ffc871f9240 direct-stack-fallback -> 0x1411e42da (n=1703936)
[SKIP] Execute-fault RIP=0x7ffc871f9240 direct-stack-fallback -> 0x1411e42da (n=1708032)
[SKIP] Execute-fault RIP=0x7ffc871f9240 direct-stack-fallback -> 0x1411e42da (n=1712128)
[SKIP] Execute-fault RIP=0x7ffc871f9240 direct-stack-fallback -> 0x1411e42da (n=1716224)
[SKIP] Execute-fault RIP=0x7ffc871f9240 direct-stack-fallback -> 0x1411e42da (n=1720320)
[SKIP] Execute-fault RIP=0x7ffc871f9240 direct-stack-fallback -> 0x1411e42da (n=1724416)
[SKIP] Execute-fault RIP=0x7ffc871f9240 direct-stack-fallback -> 0x1411e42da (n=1728512)
[SKIP] Execute-fault RIP=0x7ffc871f9240 direct-stack-fallback -> 0x1411e42da (n=1732608)
[SKIP] Execute-fault RIP=0x7ffc871f9240 direct-stack-fallback -> 0x1411e42da (n=1736704)
[SKIP] Execute-fault RIP=0x7ffc871f9240 direct-stack-fallback -> 0x1411e42da (n=1740800)
[SKIP] Execute-fault RIP=0x7ffc871f9240 direct-stack-fallback -> 0x1411e42da (n=1744896)
[SKIP] Execute-fault RIP=0x7ffc871f9240 direct-stack-fallback -> 0x1411e42da (n=1748992)
[SKIP] Execute-fault RIP=0x7ffc871f9240 direct-stack-fallback -> 0x1411e42da (n=1753088)
[SKIP] Execute-fault RIP=0x7ffc871f9240 direct-stack-fallback -> 0x1411e42da (n=1757184)
[SKIP] Execute-fault RIP=0x7ffc871f9240 direct-stack-fallback -> 0x1411e42da (n=1761280)
[SKIP] Execute-fault RIP=0x7ffc871f9240 direct-stack-fallback -> 0x1411e42da (n=1765376)
[SKIP] Execute-fault RIP=0x7ffc871f9240 direct-stack-fallback -> 0x1411e42da (n=1769472)
[SKIP] Execute-fault RIP=0x7ffc871f9240 direct-stack-fallback -> 0x1411e42da (n=1773568)
[SKIP] Execute-fault RIP=0x7ffc871f9240 direct-stack-fallback -> 0x1411e42da (n=1777664)
[SKIP] Execute-fault RIP=0x7ffc871f9240 direct-stack-fallback -> 0x1411e42da (n=1781760)
[SKIP] Execute-fault RIP=0x7ffc871f9240 direct-stack-fallback -> 0x1411e42da (n=1785856)
[SKIP] Execute-fault RIP=0x7ffc871f9240 direct-stack-fallback -> 0x1411e42da (n=1789952)
[SKIP] Execute-fault RIP=0x7ffc871f9240 direct-stack-fallback -> 0x1411e42da (n=1794048)
[SKIP] Execute-fault RIP=0x7ffc871f9240 direct-stack-fallback -> 0x1411e42da (n=1798144)
[SKIP] Execute-fault RIP=0x7ffc871f9240 direct-stack-fallback -> 0x1411e42da (n=1802240)
[SKIP] Execute-fault RIP=0x7ffc871f9240 direct-stack-fallback -> 0x1411e42da (n=1806336)
[SKIP] Execute-fault RIP=0x7ffc871f9240 direct-stack-fallback -> 0x1411e42da (n=1810432)
[SKIP] Execute-fault RIP=0x7ffc871f9240 direct-stack-fallback -> 0x1411e42da (n=1814528)
[SKIP] Execute-fault RIP=0x7ffc871f9240 direct-stack-fallback -> 0x1411e42da (n=1818624)
[SKIP] Execute-fault RIP=0x7ffc871f9240 direct-stack-fallback -> 0x1411e42da (n=1822720)
[SKIP] Execute-fault RIP=0x7ffc871f9240 direct-stack-fallback -> 0x1411e42da (n=1826816)
[SKIP] Execute-fault RIP=0x7ffc871f9240 direct-stack-fallback -> 0x1411e42da (n=1830912)
[SKIP] Execute-fault RIP=0x7ffc871f9240 direct-stack-fallback -> 0x1411e42da (n=1835008)
[SKIP] Execute-fault RIP=0x7ffc871f9240 direct-stack-fallback -> 0x1411e42da (n=1839104)
[SKIP] Execute-fault RIP=0x7ffc871f9240 direct-stack-fallback -> 0x1411e42da (n=1843200)
[SKIP] Execute-fault RIP=0x7ffc871f9240 direct-stack-fallback -> 0x1411e42da (n=1847296)
[SKIP] Execute-fault RIP=0x7ffc871f9240 direct-stack-fallback -> 0x1411e42da (n=1851392)
[SKIP] Execute-fault RIP=0x7ffc871f9240 direct-stack-fallback -> 0x1411e42da (n=1855488)
[SKIP] Execute-fault RIP=0x7ffc871f9240 direct-stack-fallback -> 0x1411e42da (n=1859584)
[SKIP] Execute-fault RIP=0x7ffc871f9240 direct-stack-fallback -> 0x1411e42da (n=1863680)
[SKIP] Execute-fault RIP=0x7ffc871f9240 direct-stack-fallback -> 0x1411e42da (n=1867776)
[SKIP] Execute-fault RIP=0x7ffc871f9240 direct-stack-fallback -> 0x1411e42da (n=1871872)
[SKIP] Execute-fault RIP=0x7ffc871f9240 direct-stack-fallback -> 0x1411e42da (n=1875968)
[SKIP] Execute-fault RIP=0x7ffc871f9240 direct-stack-fallback -> 0x1411e42da (n=1880064)
[SKIP] Execute-fault RIP=0x7ffc871f9240 direct-stack-fallback -> 0x1411e42da (n=1884160)
[SKIP] Execute-fault RIP=0x7ffc871f9240 direct-stack-fallback -> 0x1411e42da (n=1888256)
[SKIP] Execute-fault RIP=0x7ffc871f9240 direct-stack-fallback -> 0x1411e42da (n=1892352)
[SKIP] Execute-fault RIP=0x7ffc871f9240 direct-stack-fallback -> 0x1411e42da (n=1896448)
[SKIP] Execute-fault RIP=0x7ffc871f9240 direct-stack-fallback -> 0x1411e42da (n=1900544)
[SKIP] Execute-fault RIP=0x7ffc871f9240 direct-stack-fallback -> 0x1411e42da (n=1904640)
[SKIP] Execute-fault RIP=0x7ffc871f9240 direct-stack-fallback -> 0x1411e42da (n=1908736)
[SKIP] Execute-fault RIP=0x7ffc871f9240 direct-stack-fallback -> 0x1411e42da (n=1912832)
[SKIP] Execute-fault RIP=0x7ffc871f9240 direct-stack-fallback -> 0x1411e42da (n=1916928)
[SKIP] Execute-fault RIP=0x7ffc871f9240 direct-stack-fallback -> 0x1411e42da (n=1921024)
[SKIP] Execute-fault RIP=0x7ffc871f9240 direct-stack-fallback -> 0x1411e42da (n=1925120)
[SKIP] Execute-fault RIP=0x7ffc871f9240 direct-stack-fallback -> 0x1411e42da (n=1929216)
[SKIP] Execute-fault RIP=0x7ffc871f9240 direct-stack-fallback -> 0x1411e42da (n=1933312)
[SKIP] Execute-fault RIP=0x7ffc871f9240 direct-stack-fallback -> 0x1411e42da (n=1937408)
[SKIP] Execute-fault RIP=0x7ffc871f9240 direct-stack-fallback -> 0x1411e42da (n=1941504)
[SKIP] Execute-fault RIP=0x7ffc871f9240 direct-stack-fallback -> 0x1411e42da (n=1945600)
[SKIP] Execute-fault RIP=0x7ffc871f9240 direct-stack-fallback -> 0x1411e42da (n=1949696)
[SKIP] Execute-fault RIP=0x7ffc871f9240 direct-stack-fallback -> 0x1411e42da (n=1953792)
[SKIP] Execute-fault RIP=0x7ffc871f9240 direct-stack-fallback -> 0x1411e42da (n=1957888)
[SKIP] Execute-fault RIP=0x7ffc871f9240 direct-stack-fallback -> 0x1411e42da (n=1961984)
[SKIP] Execute-fault RIP=0x7ffc871f9240 direct-stack-fallback -> 0x1411e42da (n=1966080)
[SKIP] Execute-fault RIP=0x7ffc871f9240 direct-stack-fallback -> 0x1411e42da (n=1970176)
[SKIP] Execute-fault RIP=0x7ffc871f9240 direct-stack-fallback -> 0x1411e42da (n=1974272)
[SKIP] Execute-fault RIP=0x7ffc871f9240 direct-stack-fallback -> 0x1411e42da (n=1978368)
[SKIP] Execute-fault RIP=0x7ffc871f9240 direct-stack-fallback -> 0x1411e42da (n=1982464)
[SKIP] Execute-fault RIP=0x7ffc871f9240 direct-stack-fallback -> 0x1411e42da (n=1986560)
[SKIP] Execute-fault RIP=0x7ffc871f9240 direct-stack-fallback -> 0x1411e42da (n=1990656)
[SKIP] Execute-fault RIP=0x7ffc871f9240 direct-stack-fallback -> 0x1411e42da (n=1994752)
[SKIP] Execute-fault RIP=0x7ffc871f9240 direct-stack-fallback -> 0x1411e42da (n=1998848)
[SKIP] Execute-fault RIP=0x7ffc871f9240 direct-stack-fallback -> 0x1411e42da (n=2002944)
[SKIP] Execute-fault RIP=0x7ffc871f9240 direct-stack-fallback -> 0x1411e42da (n=2007040)
[SKIP] Execute-fault RIP=0x7ffc871f9240 direct-stack-fallback -> 0x1411e42da (n=2011136)
[SKIP] Execute-fault RIP=0x7ffc871f9240 direct-stack-fallback -> 0x1411e42da (n=2015232)
[SKIP] Execute-fault RIP=0x7ffc871f9240 direct-stack-fallback -> 0x1411e42da (n=2019328)
[SKIP] Execute-fault RIP=0x7ffc871f9240 direct-stack-fallback -> 0x1411e42da (n=2023424)
[SKIP] Execute-fault RIP=0x7ffc871f9240 direct-stack-fallback -> 0x1411e42da (n=2027520)
[SKIP] Execute-fault RIP=0x7ffc871f9240 direct-stack-fallback -> 0x1411e42da (n=2031616)
[SKIP] Execute-fault RIP=0x7ffc871f9240 direct-stack-fallback -> 0x1411e42da (n=2035712)
[SKIP] Execute-fault RIP=0x7ffc871f9240 direct-stack-fallback -> 0x1411e42da (n=2039808)
[SKIP] Execute-fault RIP=0x7ffc871f9240 direct-stack-fallback -> 0x1411e42da (n=2043904)
[SKIP] Execute-fault RIP=0x7ffc871f9240 direct-stack-fallback -> 0x1411e42da (n=2048000)
[SKIP] Execute-fault RIP=0x7ffc871f9240 direct-stack-fallback -> 0x1411e42da (n=2052096)
[SKIP] Execute-fault RIP=0x7ffc871f9240 direct-stack-fallback -> 0x1411e42da (n=2056192)
[SKIP] Execute-fault RIP=0x7ffc871f9240 direct-stack-fallback -> 0x1411e42da (n=2060288)
[SKIP] Execute-fault RIP=0x7ffc871f9240 direct-stack-fallback -> 0x1411e42da (n=2064384)
[SKIP] Execute-fault RIP=0x7ffc871f9240 direct-stack-fallback -> 0x1411e42da (n=2068480)
[SKIP] Execute-fault RIP=0x7ffc871f9240 direct-stack-fallback -> 0x1411e42da (n=2072576)
[SKIP] Execute-fault RIP=0x7ffc871f9240 direct-stack-fallback -> 0x1411e42da (n=2076672)
[SKIP] Execute-fault RIP=0x7ffc871f9240 direct-stack-fallback -> 0x1411e42da (n=2080768)
[SKIP] Execute-fault RIP=0x7ffc871f9240 direct-stack-fallback -> 0x1411e42da (n=2084864)
[SKIP] Execute-fault RIP=0x7ffc871f9240 direct-stack-fallback -> 0x1411e42da (n=2088960)
[SKIP] Execute-fault RIP=0x7ffc871f9240 direct-stack-fallback -> 0x1411e42da (n=2093056)
[SKIP] Execute-fault RIP=0x7ffc871f9240 direct-stack-fallback -> 0x1411e42da (n=2097152)
[SKIP] Execute-fault RIP=0x7ffc871f9240 direct-stack-fallback -> 0x1411e42da (n=2101248)
[SKIP] Execute-fault RIP=0x7ffc871f9240 direct-stack-fallback -> 0x1411e42da (n=2105344)
[SKIP] Execute-fault RIP=0x7ffc871f9240 direct-stack-fallback -> 0x1411e42da (n=2109440)
[SKIP] Execute-fault RIP=0x7ffc871f9240 direct-stack-fallback -> 0x1411e42da (n=2113536)
[SKIP] Execute-fault RIP=0x7ffc871f9240 direct-stack-fallback -> 0x1411e42da (n=2117632)
[SKIP] Execute-fault RIP=0x7ffc871f9240 direct-stack-fallback -> 0x1411e42da (n=2121728)
[SKIP] Execute-fault RIP=0x7ffc871f9240 direct-stack-fallback -> 0x1411e42da (n=2125824)
[SKIP] Execute-fault RIP=0x7ffc871f9240 direct-stack-fallback -> 0x1411e42da (n=2129920)
[SKIP] Execute-fault RIP=0x7ffc871f9240 direct-stack-fallback -> 0x1411e42da (n=2134016)
[SKIP] Execute-fault RIP=0x7ffc871f9240 direct-stack-fallback -> 0x1411e42da (n=2138112)
[SKIP] Execute-fault RIP=0x7ffc871f9240 direct-stack-fallback -> 0x1411e42da (n=2142208)
[SKIP] Execute-fault RIP=0x7ffc871f9240 direct-stack-fallback -> 0x1411e42da (n=2146304)
[SKIP] Execute-fault RIP=0x7ffc871f9240 direct-stack-fallback -> 0x1411e42da (n=2150400)
[SKIP] Execute-fault RIP=0x7ffc871f9240 direct-stack-fallback -> 0x1411e42da (n=2154496)
[SKIP] Execute-fault RIP=0x7ffc871f9240 direct-stack-fallback -> 0x1411e42da (n=2158592)
[SKIP] Execute-fault RIP=0x7ffc871f9240 direct-stack-fallback -> 0x1411e42da (n=2162688)
[SKIP] Execute-fault RIP=0x7ffc871f9240 direct-stack-fallback -> 0x1411e42da (n=2166784)
[SKIP] Execute-fault RIP=0x7ffc871f9240 direct-stack-fallback -> 0x1411e42da (n=2170880)
[SKIP] Execute-fault RIP=0x7ffc871f9240 direct-stack-fallback -> 0x1411e42da (n=2174976)
[SKIP] Execute-fault RIP=0x7ffc871f9240 direct-stack-fallback -> 0x1411e42da (n=2179072)
[SKIP] Execute-fault RIP=0x7ffc871f9240 direct-stack-fallback -> 0x1411e42da (n=2183168)
[SKIP] Execute-fault RIP=0x7ffc871f9240 direct-stack-fallback -> 0x1411e42da (n=2187264)
[SKIP] Execute-fault RIP=0x7ffc871f9240 direct-stack-fallback -> 0x1411e42da (n=2191360)
[SKIP] Execute-fault RIP=0x7ffc871f9240 direct-stack-fallback -> 0x1411e42da (n=2195456)
[SKIP] Execute-fault RIP=0x7ffc871f9240 direct-stack-fallback -> 0x1411e42da (n=2199552)
[SKIP] Execute-fault RIP=0x7ffc871f9240 direct-stack-fallback -> 0x1411e42da (n=2203648)
[SKIP] Execute-fault RIP=0x7ffc871f9240 direct-stack-fallback -> 0x1411e42da (n=2207744)
[SKIP] Execute-fault RIP=0x7ffc871f9240 direct-stack-fallback -> 0x1411e42da (n=2211840)
[SKIP] Execute-fault RIP=0x7ffc871f9240 direct-stack-fallback -> 0x1411e42da (n=2215936)
[SKIP] Execute-fault RIP=0x7ffc871f9240 direct-stack-fallback -> 0x1411e42da (n=2220032)
[SKIP] Execute-fault RIP=0x7ffc871f9240 direct-stack-fallback -> 0x1411e42da (n=2224128)
[SKIP] Execute-fault RIP=0x7ffc871f9240 direct-stack-fallback -> 0x1411e42da (n=2228224)
[SKIP] Execute-fault RIP=0x7ffc871f9240 direct-stack-fallback -> 0x1411e42da (n=2232320)
[SKIP] Execute-fault RIP=0x7ffc871f9240 direct-stack-fallback -> 0x1411e42da (n=2236416)
[SKIP] Execute-fault RIP=0x7ffc871f9240 direct-stack-fallback -> 0x1411e42da (n=2240512)
[SKIP] Execute-fault RIP=0x7ffc871f9240 direct-stack-fallback -> 0x1411e42da (n=2244608)
[SKIP] Execute-fault RIP=0x7ffc871f9240 direct-stack-fallback -> 0x1411e42da (n=2248704)
[SKIP] Execute-fault RIP=0x7ffc871f9240 direct-stack-fallback -> 0x1411e42da (n=2252800)
[SKIP] Execute-fault RIP=0x7ffc871f9240 direct-stack-fallback -> 0x1411e42da (n=2256896)
[SKIP] Execute-fault RIP=0x7ffc871f9240 direct-stack-fallback -> 0x1411e42da (n=2260992)
[SKIP] Execute-fault RIP=0x7ffc871f9240 direct-stack-fallback -> 0x1411e42da (n=2265088)
[SKIP] Execute-fault RIP=0x7ffc871f9240 direct-stack-fallback -> 0x1411e42da (n=2269184)
[SKIP] Execute-fault RIP=0x7ffc871f9240 direct-stack-fallback -> 0x1411e42da (n=2273280)
[SKIP] Execute-fault RIP=0x7ffc871f9240 direct-stack-fallback -> 0x1411e42da (n=2277376)
[SKIP] Execute-fault RIP=0x7ffc871f9240 direct-stack-fallback -> 0x1411e42da (n=2281472)
[SKIP] Execute-fault RIP=0x7ffc871f9240 direct-stack-fallback -> 0x1411e42da (n=2285568)
[SKIP] Execute-fault RIP=0x7ffc871f9240 direct-stack-fallback -> 0x1411e42da (n=2289664)
[SKIP] Execute-fault RIP=0x7ffc871f9240 direct-stack-fallback -> 0x1411e42da (n=2293760)
[SKIP] Execute-fault RIP=0x7ffc871f9240 direct-stack-fallback -> 0x1411e42da (n=2297856)
[SKIP] Execute-fault RIP=0x7ffc871f9240 direct-stack-fallback -> 0x1411e42da (n=2301952)
[SKIP] Execute-fault RIP=0x7ffc871f9240 direct-stack-fallback -> 0x1411e42da (n=2306048)
[SKIP] Execute-fault RIP=0x7ffc871f9240 direct-stack-fallback -> 0x1411e42da (n=2310144)
[SKIP] Execute-fault RIP=0x7ffc871f9240 direct-stack-fallback -> 0x1411e42da (n=2314240)
[SKIP] Execute-fault RIP=0x7ffc871f9240 direct-stack-fallback -> 0x1411e42da (n=2318336)
[SKIP] Execute-fault RIP=0x7ffc871f9240 direct-stack-fallback -> 0x1411e42da (n=2322432)
[SKIP] Execute-fault RIP=0x7ffc871f9240 direct-stack-fallback -> 0x1411e42da (n=2326528)
[SKIP] Execute-fault RIP=0x7ffc871f9240 direct-stack-fallback -> 0x1411e42da (n=2330624)
[SKIP] Execute-fault RIP=0x7ffc871f9240 direct-stack-fallback -> 0x1411e42da (n=2334720)
[SKIP] Execute-fault RIP=0x7ffc871f9240 direct-stack-fallback -> 0x1411e42da (n=2338816)
[SKIP] Execute-fault RIP=0x7ffc871f9240 direct-stack-fallback -> 0x1411e42da (n=2342912)
[SKIP] Execute-fault RIP=0x7ffc871f9240 direct-stack-fallback -> 0x1411e42da (n=2347008)
[SKIP] Execute-fault RIP=0x7ffc871f9240 direct-stack-fallback -> 0x1411e42da (n=2351104)
[SKIP] Execute-fault RIP=0x7ffc871f9240 direct-stack-fallback -> 0x1411e42da (n=2355200)
[SKIP] Execute-fault RIP=0x7ffc871f9240 direct-stack-fallback -> 0x1411e42da (n=2359296)
[SKIP] Execute-fault RIP=0x7ffc871f9240 direct-stack-fallback -> 0x1411e42da (n=2363392)
[SKIP] Execute-fault RIP=0x7ffc871f9240 direct-stack-fallback -> 0x1411e42da (n=2367488)
[SKIP] Execute-fault RIP=0x7ffc871f9240 direct-stack-fallback -> 0x1411e42da (n=2371584)
[SKIP] Execute-fault RIP=0x7ffc871f9240 direct-stack-fallback -> 0x1411e42da (n=2375680)
[SKIP] Execute-fault RIP=0x7ffc871f9240 direct-stack-fallback -> 0x1411e42da (n=2379776)
[SKIP] Execute-fault RIP=0x7ffc871f9240 direct-stack-fallback -> 0x1411e42da (n=2383872)
[SKIP] Execute-fault RIP=0x7ffc871f9240 direct-stack-fallback -> 0x1411e42da (n=2387968)
[SKIP] Execute-fault RIP=0x7ffc871f9240 direct-stack-fallback -> 0x1411e42da (n=2392064)
[SKIP] Execute-fault RIP=0x7ffc871f9240 direct-stack-fallback -> 0x1411e42da (n=2396160)
[SKIP] Execute-fault RIP=0x7ffc871f9240 direct-stack-fallback -> 0x1411e42da (n=2400256)
[SKIP] Execute-fault RIP=0x7ffc871f9240 direct-stack-fallback -> 0x1411e42da (n=2404352)
[SKIP] Execute-fault RIP=0x7ffc871f9240 direct-stack-fallback -> 0x1411e42da (n=2408448)
[SKIP] Execute-fault RIP=0x7ffc871f9240 direct-stack-fallback -> 0x1411e42da (n=2412544)
[SKIP] Execute-fault RIP=0x7ffc871f9240 direct-stack-fallback -> 0x1411e42da (n=2416640)
[SKIP] Execute-fault RIP=0x7ffc871f9240 direct-stack-fallback -> 0x1411e42da (n=2420736)
[SKIP] Execute-fault RIP=0x7ffc871f9240 direct-stack-fallback -> 0x1411e42da (n=2424832)
[SKIP] Execute-fault RIP=0x7ffc871f9240 direct-stack-fallback -> 0x1411e42da (n=2428928)
[SKIP] Execute-fault RIP=0x7ffc871f9240 direct-stack-fallback -> 0x1411e42da (n=2433024)
[SKIP] Execute-fault RIP=0x7ffc871f9240 direct-stack-fallback -> 0x1411e42da (n=2437120)
[SKIP] Execute-fault RIP=0x7ffc871f9240 direct-stack-fallback -> 0x1411e42da (n=2441216)
[SKIP] Execute-fault RIP=0x7ffc871f9240 direct-stack-fallback -> 0x1411e42da (n=2445312)
[SKIP] Execute-fault RIP=0x7ffc871f9240 direct-stack-fallback -> 0x1411e42da (n=2449408)
[SKIP] Execute-fault RIP=0x7ffc871f9240 direct-stack-fallback -> 0x1411e42da (n=2453504)
[SKIP] Execute-fault RIP=0x7ffc871f9240 direct-stack-fallback -> 0x1411e42da (n=2457600)
[SKIP] Execute-fault RIP=0x7ffc871f9240 direct-stack-fallback -> 0x1411e42da (n=2461696)
[SKIP] Execute-fault RIP=0x7ffc871f9240 direct-stack-fallback -> 0x1411e42da (n=2465792)
[SKIP] Execute-fault RIP=0x7ffc871f9240 direct-stack-fallback -> 0x1411e42da (n=2469888)
[SKIP] Execute-fault RIP=0x7ffc871f9240 direct-stack-fallback -> 0x1411e42da (n=2473984)
[SKIP] Execute-fault RIP=0x7ffc871f9240 direct-stack-fallback -> 0x1411e42da (n=2478080)
[SKIP] Execute-fault RIP=0x7ffc871f9240 direct-stack-fallback -> 0x1411e42da (n=2482176)
[SKIP] Execute-fault RIP=0x7ffc871f9240 direct-stack-fallback -> 0x1411e42da (n=2486272)
[SKIP] Execute-fault RIP=0x7ffc871f9240 direct-stack-fallback -> 0x1411e42da (n=2490368)
[SKIP] Execute-fault RIP=0x7ffc871f9240 direct-stack-fallback -> 0x1411e42da (n=2494464)
[SKIP] Execute-fault RIP=0x7ffc871f9240 direct-stack-fallback -> 0x1411e42da (n=2498560)
[SKIP] Execute-fault RIP=0x7ffc871f9240 direct-stack-fallback -> 0x1411e42da (n=2502656)
[SKIP] Execute-fault RIP=0x7ffc871f9240 direct-stack-fallback -> 0x1411e42da (n=2506752)
[SKIP] Execute-fault RIP=0x7ffc871f9240 direct-stack-fallback -> 0x1411e42da (n=2510848)
[SKIP] Execute-fault RIP=0x7ffc871f9240 direct-stack-fallback -> 0x1411e42da (n=2514944)
[SKIP] Execute-fault RIP=0x7ffc871f9240 direct-stack-fallback -> 0x1411e42da (n=2519040)
[SKIP] Execute-fault RIP=0x7ffc871f9240 direct-stack-fallback -> 0x1411e42da (n=2523136)
[SKIP] Execute-fault RIP=0x7ffc871f9240 direct-stack-fallback -> 0x1411e42da (n=2527232)
[SKIP] Execute-fault RIP=0x7ffc871f9240 direct-stack-fallback -> 0x1411e42da (n=2531328)
[SKIP] Execute-fault RIP=0x7ffc871f9240 direct-stack-fallback -> 0x1411e42da (n=2535424)
[SKIP] Execute-fault RIP=0x7ffc871f9240 direct-stack-fallback -> 0x1411e42da (n=2539520)
[SKIP] Execute-fault RIP=0x7ffc871f9240 direct-stack-fallback -> 0x1411e42da (n=2543616)
[SKIP] Execute-fault RIP=0x7ffc871f9240 direct-stack-fallback -> 0x1411e42da (n=2547712)
[SKIP] Execute-fault RIP=0x7ffc871f9240 direct-stack-fallback -> 0x1411e42da (n=2551808)
[SKIP] Execute-fault RIP=0x7ffc871f9240 direct-stack-fallback -> 0x1411e42da (n=2555904)
[SKIP] Execute-fault RIP=0x7ffc871f9240 direct-stack-fallback -> 0x1411e42da (n=2560000)
[SKIP] Execute-fault RIP=0x7ffc871f9240 direct-stack-fallback -> 0x1411e42da (n=2564096)
[SKIP] Execute-fault RIP=0x7ffc871f9240 direct-stack-fallback -> 0x1411e42da (n=2568192)
[SKIP] Execute-fault RIP=0x7ffc871f9240 direct-stack-fallback -> 0x1411e42da (n=2572288)
[SKIP] Execute-fault RIP=0x7ffc871f9240 direct-stack-fallback -> 0x1411e42da (n=2576384)
[SKIP] Execute-fault RIP=0x7ffc871f9240 direct-stack-fallback -> 0x1411e42da (n=2580480)
[SKIP] Execute-fault RIP=0x7ffc871f9240 direct-stack-fallback -> 0x1411e42da (n=2584576)
[SKIP] Execute-fault RIP=0x7ffc871f9240 direct-stack-fallback -> 0x1411e42da (n=2588672)
[SKIP] Execute-fault RIP=0x7ffc871f9240 direct-stack-fallback -> 0x1411e42da (n=2592768)
[SKIP] Execute-fault RIP=0x7ffc871f9240 direct-stack-fallback -> 0x1411e42da (n=2596864)
[SKIP] Execute-fault RIP=0x7ffc871f9240 direct-stack-fallback -> 0x1411e42da (n=2600960)
[SKIP] Execute-fault RIP=0x7ffc871f9240 direct-stack-fallback -> 0x1411e42da (n=2605056)
[SKIP] Execute-fault RIP=0x7ffc871f9240 direct-stack-fallback -> 0x1411e42da (n=2609152)
[SKIP] Execute-fault RIP=0x7ffc871f9240 direct-stack-fallback -> 0x1411e42da (n=2613248)
[SKIP] Execute-fault RIP=0x7ffc871f9240 direct-stack-fallback -> 0x1411e42da (n=2617344)
[SKIP] Execute-fault RIP=0x7ffc871f9240 direct-stack-fallback -> 0x1411e42da (n=2621440)
[SKIP] Execute-fault RIP=0x7ffc871f9240 direct-stack-fallback -> 0x1411e42da (n=2625536)
[SKIP] Execute-fault RIP=0x7ffc871f9240 direct-stack-fallback -> 0x1411e42da (n=2629632)
[SKIP] Execute-fault RIP=0x7ffc871f9240 direct-stack-fallback -> 0x1411e42da (n=2633728)
[SKIP] Execute-fault RIP=0x7ffc871f9240 direct-stack-fallback -> 0x1411e42da (n=2637824)
[SKIP] Execute-fault RIP=0x7ffc871f9240 direct-stack-fallback -> 0x1411e42da (n=2641920)
[SKIP] Execute-fault RIP=0x7ffc871f9240 direct-stack-fallback -> 0x1411e42da (n=2646016)
[SKIP] Execute-fault RIP=0x7ffc871f9240 direct-stack-fallback -> 0x1411e42da (n=2650112)
[SKIP] Execute-fault RIP=0x7ffc871f9240 direct-stack-fallback -> 0x1411e42da (n=2654208)
[SKIP] Execute-fault RIP=0x7ffc871f9240 direct-stack-fallback -> 0x1411e42da (n=2658304)
[SKIP] Execute-fault RIP=0x7ffc871f9240 direct-stack-fallback -> 0x1411e42da (n=2662400)
[SKIP] Execute-fault RIP=0x7ffc871f9240 direct-stack-fallback -> 0x1411e42da (n=2666496)
[SKIP] Execute-fault RIP=0x7ffc871f9240 direct-stack-fallback -> 0x1411e42da (n=2670592)
[SKIP] Execute-fault RIP=0x7ffc871f9240 direct-stack-fallback -> 0x1411e42da (n=2674688)
[SKIP] Execute-fault RIP=0x7ffc871f9240 direct-stack-fallback -> 0x1411e42da (n=2678784)
[SKIP] Execute-fault RIP=0x7ffc871f9240 direct-stack-fallback -> 0x1411e42da (n=2682880)
[SKIP] Execute-fault RIP=0x7ffc871f9240 direct-stack-fallback -> 0x1411e42da (n=2686976)
[SKIP] Execute-fault RIP=0x7ffc871f9240 direct-stack-fallback -> 0x1411e42da (n=2691072)
[SKIP] Execute-fault RIP=0x7ffc871f9240 direct-stack-fallback -> 0x1411e42da (n=2695168)
[SKIP] Execute-fault RIP=0x7ffc871f9240 direct-stack-fallback -> 0x1411e42da (n=2699264)
[SKIP] Execute-fault RIP=0x7ffc871f9240 direct-stack-fallback -> 0x1411e42da (n=2703360)
[SKIP] Execute-fault RIP=0x7ffc871f9240 direct-stack-fallback -> 0x1411e42da (n=2707456)
[SKIP] Execute-fault RIP=0x7ffc871f9240 direct-stack-fallback -> 0x1411e42da (n=2711552)
[SKIP] Execute-fault RIP=0x7ffc871f9240 direct-stack-fallback -> 0x1411e42da (n=2715648)
[SKIP] Execute-fault RIP=0x7ffc871f9240 direct-stack-fallback -> 0x1411e42da (n=2719744)
[SKIP] Execute-fault RIP=0x7ffc871f9240 direct-stack-fallback -> 0x1411e42da (n=2723840)
[SKIP] Execute-fault RIP=0x7ffc871f9240 direct-stack-fallback -> 0x1411e42da (n=2727936)
[SKIP] Execute-fault RIP=0x7ffc871f9240 direct-stack-fallback -> 0x1411e42da (n=2732032)
[SKIP] Execute-fault RIP=0x7ffc871f9240 direct-stack-fallback -> 0x1411e42da (n=2736128)
[SKIP] Execute-fault RIP=0x7ffc871f9240 direct-stack-fallback -> 0x1411e42da (n=2740224)
[SKIP] Execute-fault RIP=0x7ffc871f9240 direct-stack-fallback -> 0x1411e42da (n=2744320)
[SKIP] Execute-fault RIP=0x7ffc871f9240 direct-stack-fallback -> 0x1411e42da (n=2748416)
[SKIP] Execute-fault RIP=0x7ffc871f9240 direct-stack-fallback -> 0x1411e42da (n=2752512)
[SKIP] Execute-fault RIP=0x7ffc871f9240 direct-stack-fallback -> 0x1411e42da (n=2756608)
[SKIP] Execute-fault RIP=0x7ffc871f9240 direct-stack-fallback -> 0x1411e42da (n=2760704)
[SKIP] Execute-fault RIP=0x7ffc871f9240 direct-stack-fallback -> 0x1411e42da (n=2764800)
[SKIP] Execute-fault RIP=0x7ffc871f9240 direct-stack-fallback -> 0x1411e42da (n=2768896)
[SKIP] Execute-fault RIP=0x7ffc871f9240 direct-stack-fallback -> 0x1411e42da (n=2772992)
[SKIP] Execute-fault RIP=0x7ffc871f9240 direct-stack-fallback -> 0x1411e42da (n=2777088)
[SKIP] Execute-fault RIP=0x7ffc871f9240 direct-stack-fallback -> 0x1411e42da (n=2781184)
[SKIP] Execute-fault RIP=0x7ffc871f9240 direct-stack-fallback -> 0x1411e42da (n=2785280)
[SKIP] Execute-fault RIP=0x7ffc871f9240 direct-stack-fallback -> 0x1411e42da (n=2789376)
[SKIP] Execute-fault RIP=0x7ffc871f9240 direct-stack-fallback -> 0x1411e42da (n=2793472)
[SKIP] Execute-fault RIP=0x7ffc871f9240 direct-stack-fallback -> 0x1411e42da (n=2797568)
[SKIP] Execute-fault RIP=0x7ffc871f9240 direct-stack-fallback -> 0x1411e42da (n=2801664)
[SKIP] Execute-fault RIP=0x7ffc871f9240 direct-stack-fallback -> 0x1411e42da (n=2805760)
[SKIP] Execute-fault RIP=0x7ffc871f9240 direct-stack-fallback -> 0x1411e42da (n=2809856)
[SKIP] Execute-fault RIP=0x7ffc871f9240 direct-stack-fallback -> 0x1411e42da (n=2813952)
[SKIP] Execute-fault RIP=0x7ffc871f9240 direct-stack-fallback -> 0x1411e42da (n=2818048)
[SKIP] Execute-fault RIP=0x7ffc871f9240 direct-stack-fallback -> 0x1411e42da (n=2822144)
[SKIP] Execute-fault RIP=0x7ffc871f9240 direct-stack-fallback -> 0x1411e42da (n=2826240)
[SKIP] Execute-fault RIP=0x7ffc871f9240 direct-stack-fallback -> 0x1411e42da (n=2830336)
[SKIP] Execute-fault RIP=0x7ffc871f9240 direct-stack-fallback -> 0x1411e42da (n=2834432)
[SKIP] Execute-fault RIP=0x7ffc871f9240 direct-stack-fallback -> 0x1411e42da (n=2838528)
[SKIP] Execute-fault RIP=0x7ffc871f9240 direct-stack-fallback -> 0x1411e42da (n=2842624)
[SKIP] Execute-fault RIP=0x7ffc871f9240 direct-stack-fallback -> 0x1411e42da (n=2846720)
[SKIP] Execute-fault RIP=0x7ffc871f9240 direct-stack-fallback -> 0x1411e42da (n=2850816)
[SKIP] Execute-fault RIP=0x7ffc871f9240 direct-stack-fallback -> 0x1411e42da (n=2854912)
[SKIP] Execute-fault RIP=0x7ffc871f9240 direct-stack-fallback -> 0x1411e42da (n=2859008)
[SKIP] Execute-fault RIP=0x7ffc871f9240 direct-stack-fallback -> 0x1411e42da (n=2863104)
[SKIP] Execute-fault RIP=0x7ffc871f9240 direct-stack-fallback -> 0x1411e42da (n=2867200)
[SKIP] Execute-fault RIP=0x7ffc871f9240 direct-stack-fallback -> 0x1411e42da (n=2871296)
[SKIP] Execute-fault RIP=0x7ffc871f9240 direct-stack-fallback -> 0x1411e42da (n=2875392)
[SKIP] Execute-fault RIP=0x7ffc871f9240 direct-stack-fallback -> 0x1411e42da (n=2879488)
[SKIP] Execute-fault RIP=0x7ffc871f9240 direct-stack-fallback -> 0x1411e42da (n=2883584)
[SKIP] Execute-fault RIP=0x7ffc871f9240 direct-stack-fallback -> 0x1411e42da (n=2887680)
[SKIP] Execute-fault RIP=0x7ffc871f9240 direct-stack-fallback -> 0x1411e42da (n=2891776)
[SKIP] Execute-fault RIP=0x7ffc871f9240 direct-stack-fallback -> 0x1411e42da (n=2895872)
[SKIP] Execute-fault RIP=0x7ffc871f9240 direct-stack-fallback -> 0x1411e42da (n=2899968)
[SKIP] Execute-fault RIP=0x7ffc871f9240 direct-stack-fallback -> 0x1411e42da (n=2904064)
[SKIP] Execute-fault RIP=0x7ffc871f9240 direct-stack-fallback -> 0x1411e42da (n=2908160)
[SKIP] Execute-fault RIP=0x7ffc871f9240 direct-stack-fallback -> 0x1411e42da (n=2912256)
[SKIP] Execute-fault RIP=0x7ffc871f9240 direct-stack-fallback -> 0x1411e42da (n=2916352)
[SKIP] Execute-fault RIP=0x7ffc871f9240 direct-stack-fallback -> 0x1411e42da (n=2920448)
[SKIP] Execute-fault RIP=0x7ffc871f9240 direct-stack-fallback -> 0x1411e42da (n=2924544)
[SKIP] Execute-fault RIP=0x7ffc871f9240 direct-stack-fallback -> 0x1411e42da (n=2928640)
[SKIP] Execute-fault RIP=0x7ffc871f9240 direct-stack-fallback -> 0x1411e42da (n=2932736)
[SKIP] Execute-fault RIP=0x7ffc871f9240 direct-stack-fallback -> 0x1411e42da (n=2936832)
[SKIP] Execute-fault RIP=0x7ffc871f9240 direct-stack-fallback -> 0x1411e42da (n=2940928)
[SKIP] Execute-fault RIP=0x7ffc871f9240 direct-stack-fallback -> 0x1411e42da (n=2945024)
[SKIP] Execute-fault RIP=0x7ffc871f9240 direct-stack-fallback -> 0x1411e42da (n=2949120)
[SKIP] Execute-fault RIP=0x7ffc871f9240 direct-stack-fallback -> 0x1411e42da (n=2953216)
[SKIP] Execute-fault RIP=0x7ffc871f9240 direct-stack-fallback -> 0x1411e42da (n=2957312)
[SKIP] Execute-fault RIP=0x7ffc871f9240 direct-stack-fallback -> 0x1411e42da (n=2961408)
[SKIP] Execute-fault RIP=0x7ffc871f9240 direct-stack-fallback -> 0x1411e42da (n=2965504)
[SKIP] Execute-fault RIP=0x7ffc871f9240 direct-stack-fallback -> 0x1411e42da (n=2969600)
[SKIP] Execute-fault RIP=0x7ffc871f9240 direct-stack-fallback -> 0x1411e42da (n=2973696)
[SKIP] Execute-fault RIP=0x7ffc871f9240 direct-stack-fallback -> 0x1411e42da (n=2977792)
[SKIP] Execute-fault RIP=0x7ffc871f9240 direct-stack-fallback -> 0x1411e42da (n=2981888)
[SKIP] Execute-fault RIP=0x7ffc871f9240 direct-stack-fallback -> 0x1411e42da (n=2985984)
[SKIP] Execute-fault RIP=0x7ffc871f9240 direct-stack-fallback -> 0x1411e42da (n=2990080)
[SKIP] Execute-fault RIP=0x7ffc871f9240 direct-stack-fallback -> 0x1411e42da (n=2994176)
[SKIP] Execute-fault RIP=0x7ffc871f9240 direct-stack-fallback -> 0x1411e42da (n=2998272)
[SKIP] Execute-fault RIP=0x7ffc871f9240 direct-stack-fallback -> 0x1411e42da (n=3002368)
[SKIP] Execute-fault RIP=0x7ffc871f9240 direct-stack-fallback -> 0x1411e42da (n=3006464)
[SKIP] Execute-fault RIP=0x7ffc871f9240 direct-stack-fallback -> 0x1411e42da (n=3010560)
[SKIP] Execute-fault RIP=0x7ffc871f9240 direct-stack-fallback -> 0x1411e42da (n=3014656)
[SKIP] Execute-fault RIP=0x7ffc871f9240 direct-stack-fallback -> 0x1411e42da (n=3018752)
[SKIP] Execute-fault RIP=0x7ffc871f9240 direct-stack-fallback -> 0x1411e42da (n=3022848)
[SKIP] Execute-fault RIP=0x7ffc871f9240 direct-stack-fallback -> 0x1411e42da (n=3026944)
[SKIP] Execute-fault RIP=0x7ffc871f9240 direct-stack-fallback -> 0x1411e42da (n=3031040)
[SKIP] Execute-fault RIP=0x7ffc871f9240 direct-stack-fallback -> 0x1411e42da (n=3035136)
[SKIP] Execute-fault RIP=0x7ffc871f9240 direct-stack-fallback -> 0x1411e42da (n=3039232)
[SKIP] Execute-fault RIP=0x7ffc871f9240 direct-stack-fallback -> 0x1411e42da (n=3043328)
[SKIP] Execute-fault RIP=0x7ffc871f9240 direct-stack-fallback -> 0x1411e42da (n=3047424)
[SKIP] Execute-fault RIP=0x7ffc871f9240 direct-stack-fallback -> 0x1411e42da (n=3051520)
[SKIP] Execute-fault RIP=0x7ffc871f9240 direct-stack-fallback -> 0x1411e42da (n=3055616)
[SKIP] Execute-fault RIP=0x7ffc871f9240 direct-stack-fallback -> 0x1411e42da (n=3059712)
[SKIP] Execute-fault RIP=0x7ffc871f9240 direct-stack-fallback -> 0x1411e42da (n=3063808)
[SKIP] Execute-fault RIP=0x7ffc871f9240 direct-stack-fallback -> 0x1411e42da (n=3067904)
[SKIP] Execute-fault RIP=0x7ffc871f9240 direct-stack-fallback -> 0x1411e42da (n=3072000)
[SKIP] Execute-fault RIP=0x7ffc871f9240 direct-stack-fallback -> 0x1411e42da (n=3076096)
[SKIP] Execute-fault RIP=0x7ffc871f9240 direct-stack-fallback -> 0x1411e42da (n=3080192)
[SKIP] Execute-fault RIP=0x7ffc871f9240 direct-stack-fallback -> 0x1411e42da (n=3084288)
[SKIP] Execute-fault RIP=0x7ffc871f9240 direct-stack-fallback -> 0x1411e42da (n=3088384)
[SKIP] Execute-fault RIP=0x7ffc871f9240 direct-stack-fallback -> 0x1411e42da (n=3092480)
[SKIP] Execute-fault RIP=0x7ffc871f9240 direct-stack-fallback -> 0x1411e42da (n=3096576)
[SKIP] Execute-fault RIP=0x7ffc871f9240 direct-stack-fallback -> 0x1411e42da (n=3100672)
[SKIP] Execute-fault RIP=0x7ffc871f9240 direct-stack-fallback -> 0x1411e42da (n=3104768)
[SKIP] Execute-fault RIP=0x7ffc871f9240 direct-stack-fallback -> 0x1411e42da (n=3108864)
[SKIP] Execute-fault RIP=0x7ffc871f9240 direct-stack-fallback -> 0x1411e42da (n=3112960)
[SKIP] Execute-fault RIP=0x7ffc871f9240 direct-stack-fallback -> 0x1411e42da (n=3117056)
[SKIP] Execute-fault RIP=0x7ffc871f9240 direct-stack-fallback -> 0x1411e42da (n=3121152)
[SKIP] Execute-fault RIP=0x7ffc871f9240 direct-stack-fallback -> 0x1411e42da (n=3125248)
[SKIP] Execute-fault RIP=0x7ffc871f9240 direct-stack-fallback -> 0x1411e42da (n=3129344)
[SKIP] Execute-fault RIP=0x7ffc871f9240 direct-stack-fallback -> 0x1411e42da (n=3133440)
[SKIP] Execute-fault RIP=0x7ffc871f9240 direct-stack-fallback -> 0x1411e42da (n=3137536)
[SKIP] Execute-fault RIP=0x7ffc871f9240 direct-stack-fallback -> 0x1411e42da (n=3141632)
[SKIP] Execute-fault RIP=0x7ffc871f9240 direct-stack-fallback -> 0x1411e42da (n=3145728)
[SKIP] Execute-fault RIP=0x7ffc871f9240 direct-stack-fallback -> 0x1411e42da (n=3149824)
[SKIP] Execute-fault RIP=0x7ffc871f9240 direct-stack-fallback -> 0x1411e42da (n=3153920)
[SKIP] Execute-fault RIP=0x7ffc871f9240 direct-stack-fallback -> 0x1411e42da (n=3158016)
[SKIP] Execute-fault RIP=0x7ffc871f9240 direct-stack-fallback -> 0x1411e42da (n=3162112)
[SKIP] Execute-fault RIP=0x7ffc871f9240 direct-stack-fallback -> 0x1411e42da (n=3166208)
[SKIP] Execute-fault RIP=0x7ffc871f9240 direct-stack-fallback -> 0x1411e42da (n=3170304)
[SKIP] Execute-fault RIP=0x7ffc871f9240 direct-stack-fallback -> 0x1411e42da (n=3174400)
[SKIP] Execute-fault RIP=0x7ffc871f9240 direct-stack-fallback -> 0x1411e42da (n=3178496)
[SKIP] Execute-fault RIP=0x7ffc871f9240 direct-stack-fallback -> 0x1411e42da (n=3182592)
[SKIP] Execute-fault RIP=0x7ffc871f9240 direct-stack-fallback -> 0x1411e42da (n=3186688)
[SKIP] Execute-fault RIP=0x7ffc871f9240 direct-stack-fallback -> 0x1411e42da (n=3190784)
[SKIP] Execute-fault RIP=0x7ffc871f9240 direct-stack-fallback -> 0x1411e42da (n=3194880)
[SKIP] Execute-fault RIP=0x7ffc871f9240 direct-stack-fallback -> 0x1411e42da (n=3198976)
[SKIP] Execute-fault RIP=0x7ffc871f9240 direct-stack-fallback -> 0x1411e42da (n=3203072)
[SKIP] Execute-fault RIP=0x7ffc871f9240 direct-stack-fallback -> 0x1411e42da (n=3207168)
[SKIP] Execute-fault RIP=0x7ffc871f9240 direct-stack-fallback -> 0x1411e42da (n=3211264)
[SKIP] Execute-fault RIP=0x7ffc871f9240 direct-stack-fallback -> 0x1411e42da (n=3215360)
[SKIP] Execute-fault RIP=0x7ffc871f9240 direct-stack-fallback -> 0x1411e42da (n=3219456)
[SKIP] Execute-fault RIP=0x7ffc871f9240 direct-stack-fallback -> 0x1411e42da (n=3223552)
[SKIP] Execute-fault RIP=0x7ffc871f9240 direct-stack-fallback -> 0x1411e42da (n=3227648)
[SKIP] Execute-fault RIP=0x7ffc871f9240 direct-stack-fallback -> 0x1411e42da (n=3231744)
[SKIP] Execute-fault RIP=0x7ffc871f9240 direct-stack-fallback -> 0x1411e42da (n=3235840)
[SKIP] Execute-fault RIP=0x7ffc871f9240 direct-stack-fallback -> 0x1411e42da (n=3239936)
[SKIP] Execute-fault RIP=0x7ffc871f9240 direct-stack-fallback -> 0x1411e42da (n=3244032)
[SKIP] Execute-fault RIP=0x7ffc871f9240 direct-stack-fallback -> 0x1411e42da (n=3248128)
[SKIP] Execute-fault RIP=0x7ffc871f9240 direct-stack-fallback -> 0x1411e42da (n=3252224)
[SKIP] Execute-fault RIP=0x7ffc871f9240 direct-stack-fallback -> 0x1411e42da (n=3256320)
[SKIP] Execute-fault RIP=0x7ffc871f9240 direct-stack-fallback -> 0x1411e42da (n=3260416)
[SKIP] Execute-fault RIP=0x7ffc871f9240 direct-stack-fallback -> 0x1411e42da (n=3264512)
[SKIP] Execute-fault RIP=0x7ffc871f9240 direct-stack-fallback -> 0x1411e42da (n=3268608)
[SKIP] Execute-fault RIP=0x7ffc871f9240 direct-stack-fallback -> 0x1411e42da (n=3272704)
[SKIP] Execute-fault RIP=0x7ffc871f9240 direct-stack-fallback -> 0x1411e42da (n=3276800)
[SKIP] Execute-fault RIP=0x7ffc871f9240 direct-stack-fallback -> 0x1411e42da (n=3280896)
[SKIP] Execute-fault RIP=0x7ffc871f9240 direct-stack-fallback -> 0x1411e42da (n=3284992)
[SKIP] Execute-fault RIP=0x7ffc871f9240 direct-stack-fallback -> 0x1411e42da (n=3289088)
[SKIP] Execute-fault RIP=0x7ffc871f9240 direct-stack-fallback -> 0x1411e42da (n=3293184)
[SKIP] Execute-fault RIP=0x7ffc871f9240 direct-stack-fallback -> 0x1411e42da (n=3297280)
[SKIP] Execute-fault RIP=0x7ffc871f9240 direct-stack-fallback -> 0x1411e42da (n=3301376)
[SKIP] Execute-fault RIP=0x7ffc871f9240 direct-stack-fallback -> 0x1411e42da (n=3305472)
[SKIP] Execute-fault RIP=0x7ffc871f9240 direct-stack-fallback -> 0x1411e42da (n=3309568)
[SKIP] Execute-fault RIP=0x7ffc871f9240 direct-stack-fallback -> 0x1411e42da (n=3313664)
[SKIP] Execute-fault RIP=0x7ffc871f9240 direct-stack-fallback -> 0x1411e42da (n=3317760)
[SKIP] Execute-fault RIP=0x7ffc871f9240 direct-stack-fallback -> 0x1411e42da (n=3321856)
[SKIP] Execute-fault RIP=0x7ffc871f9240 direct-stack-fallback -> 0x1411e42da (n=3325952)
[SKIP] Execute-fault RIP=0x7ffc871f9240 direct-stack-fallback -> 0x1411e42da (n=3330048)
[SKIP] Execute-fault RIP=0x7ffc871f9240 direct-stack-fallback -> 0x1411e42da (n=3334144)
[SKIP] Execute-fault RIP=0x7ffc871f9240 direct-stack-fallback -> 0x1411e42da (n=3338240)
[SKIP] Execute-fault RIP=0x7ffc871f9240 direct-stack-fallback -> 0x1411e42da (n=3342336)
[SKIP] Execute-fault RIP=0x7ffc871f9240 direct-stack-fallback -> 0x1411e42da (n=3346432)
[SKIP] Execute-fault RIP=0x7ffc871f9240 direct-stack-fallback -> 0x1411e42da (n=3350528)
[SKIP] Execute-fault RIP=0x7ffc871f9240 direct-stack-fallback -> 0x1411e42da (n=3354624)
[SKIP] Execute-fault RIP=0x7ffc871f9240 direct-stack-fallback -> 0x1411e42da (n=3358720)
[SKIP] Execute-fault RIP=0x7ffc871f9240 direct-stack-fallback -> 0x1411e42da (n=3362816)
[SKIP] Execute-fault RIP=0x7ffc871f9240 direct-stack-fallback -> 0x1411e42da (n=3366912)
[SKIP] Execute-fault RIP=0x7ffc871f9240 direct-stack-fallback -> 0x1411e42da (n=3371008)
[SKIP] Execute-fault RIP=0x7ffc871f9240 direct-stack-fallback -> 0x1411e42da (n=3375104)
[SKIP] Execute-fault RIP=0x7ffc871f9240 direct-stack-fallback -> 0x1411e42da (n=3379200)
[SKIP] Execute-fault RIP=0x7ffc871f9240 direct-stack-fallback -> 0x1411e42da (n=3383296)
[SKIP] Execute-fault RIP=0x7ffc871f9240 direct-stack-fallback -> 0x1411e42da (n=3387392)
[SKIP] Execute-fault RIP=0x7ffc871f9240 direct-stack-fallback -> 0x1411e42da (n=3391488)
[SKIP] Execute-fault RIP=0x7ffc871f9240 direct-stack-fallback -> 0x1411e42da (n=3395584)
[SKIP] Execute-fault RIP=0x7ffc871f9240 direct-stack-fallback -> 0x1411e42da (n=3399680)
[SKIP] Execute-fault RIP=0x7ffc871f9240 direct-stack-fallback -> 0x1411e42da (n=3403776)
[SKIP] Execute-fault RIP=0x7ffc871f9240 direct-stack-fallback -> 0x1411e42da (n=3407872)
[SKIP] Execute-fault RIP=0x7ffc871f9240 direct-stack-fallback -> 0x1411e42da (n=3411968)
[SKIP] Execute-fault RIP=0x7ffc871f9240 direct-stack-fallback -> 0x1411e42da (n=3416064)
[SKIP] Execute-fault RIP=0x7ffc871f9240 direct-stack-fallback -> 0x1411e42da (n=3420160)
[SKIP] Execute-fault RIP=0x7ffc871f9240 direct-stack-fallback -> 0x1411e42da (n=3424256)
[SKIP] Execute-fault RIP=0x7ffc871f9240 direct-stack-fallback -> 0x1411e42da (n=3428352)
[SKIP] Execute-fault RIP=0x7ffc871f9240 direct-stack-fallback -> 0x1411e42da (n=3432448)
[SKIP] Execute-fault RIP=0x7ffc871f9240 direct-stack-fallback -> 0x1411e42da (n=3436544)
[SKIP] Execute-fault RIP=0x7ffc871f9240 direct-stack-fallback -> 0x1411e42da (n=3440640)
[SKIP] Execute-fault RIP=0x7ffc871f9240 direct-stack-fallback -> 0x1411e42da (n=3444736)
[SKIP] Execute-fault RIP=0x7ffc871f9240 direct-stack-fallback -> 0x1411e42da (n=3448832)
[SKIP] Execute-fault RIP=0x7ffc871f9240 direct-stack-fallback -> 0x1411e42da (n=3452928)
[SKIP] Execute-fault RIP=0x7ffc871f9240 direct-stack-fallback -> 0x1411e42da (n=3457024)
[SKIP] Execute-fault RIP=0x7ffc871f9240 direct-stack-fallback -> 0x1411e42da (n=3461120)
[SKIP] Execute-fault RIP=0x7ffc871f9240 direct-stack-fallback -> 0x1411e42da (n=3465216)
[SKIP] Execute-fault RIP=0x7ffc871f9240 direct-stack-fallback -> 0x1411e42da (n=3469312)
[SKIP] Execute-fault RIP=0x7ffc871f9240 direct-stack-fallback -> 0x1411e42da (n=3473408)
[SKIP] Execute-fault RIP=0x7ffc871f9240 direct-stack-fallback -> 0x1411e42da (n=3477504)
[SKIP] Execute-fault RIP=0x7ffc871f9240 direct-stack-fallback -> 0x1411e42da (n=3481600)
[SKIP] Execute-fault RIP=0x7ffc871f9240 direct-stack-fallback -> 0x1411e42da (n=3485696)
[SKIP] Execute-fault RIP=0x7ffc871f9240 direct-stack-fallback -> 0x1411e42da (n=3489792)
[SKIP] Execute-fault RIP=0x7ffc871f9240 direct-stack-fallback -> 0x1411e42da (n=3493888)
[SKIP] Execute-fault RIP=0x7ffc871f9240 direct-stack-fallback -> 0x1411e42da (n=3497984)
[SKIP] Execute-fault RIP=0x7ffc871f9240 direct-stack-fallback -> 0x1411e42da (n=3502080)
[SKIP] Execute-fault RIP=0x7ffc871f9240 direct-stack-fallback -> 0x1411e42da (n=3506176)
[SKIP] Execute-fault RIP=0x7ffc871f9240 direct-stack-fallback -> 0x1411e42da (n=3510272)
[SKIP] Execute-fault RIP=0x7ffc871f9240 direct-stack-fallback -> 0x1411e42da (n=3514368)
[SKIP] Execute-fault RIP=0x7ffc871f9240 direct-stack-fallback -> 0x1411e42da (n=3518464)
[SKIP] Execute-fault RIP=0x7ffc871f9240 direct-stack-fallback -> 0x1411e42da (n=3522560)
[SKIP] Execute-fault RIP=0x7ffc871f9240 direct-stack-fallback -> 0x1411e42da (n=3526656)
[SKIP] Execute-fault RIP=0x7ffc871f9240 direct-stack-fallback -> 0x1411e42da (n=3530752)
[SKIP] Execute-fault RIP=0x7ffc871f9240 direct-stack-fallback -> 0x1411e42da (n=3534848)
[SKIP] Execute-fault RIP=0x7ffc871f9240 direct-stack-fallback -> 0x1411e42da (n=3538944)
[SKIP] Execute-fault RIP=0x7ffc871f9240 direct-stack-fallback -> 0x1411e42da (n=3543040)
[SKIP] Execute-fault RIP=0x7ffc871f9240 direct-stack-fallback -> 0x1411e42da (n=3547136)
[SKIP] Execute-fault RIP=0x7ffc871f9240 direct-stack-fallback -> 0x1411e42da (n=3551232)
[SKIP] Execute-fault RIP=0x7ffc871f9240 direct-stack-fallback -> 0x1411e42da (n=3555328)
[SKIP] Execute-fault RIP=0x7ffc871f9240 direct-stack-fallback -> 0x1411e42da (n=3559424)
[SKIP] Execute-fault RIP=0x7ffc871f9240 direct-stack-fallback -> 0x1411e42da (n=3563520)
[SKIP] Execute-fault RIP=0x7ffc871f9240 direct-stack-fallback -> 0x1411e42da (n=3567616)
[SKIP] Execute-fault RIP=0x7ffc871f9240 direct-stack-fallback -> 0x1411e42da (n=3571712)
[SKIP] Execute-fault RIP=0x7ffc871f9240 direct-stack-fallback -> 0x1411e42da (n=3575808)
[SKIP] Execute-fault RIP=0x7ffc871f9240 direct-stack-fallback -> 0x1411e42da (n=3579904)
[SKIP] Execute-fault RIP=0x7ffc871f9240 direct-stack-fallback -> 0x1411e42da (n=3584000)
[SKIP] Execute-fault RIP=0x7ffc871f9240 direct-stack-fallback -> 0x1411e42da (n=3588096)
[SKIP] Execute-fault RIP=0x7ffc871f9240 direct-stack-fallback -> 0x1411e42da (n=3592192)
[SKIP] Execute-fault RIP=0x7ffc871f9240 direct-stack-fallback -> 0x1411e42da (n=3596288)
[SKIP] Execute-fault RIP=0x7ffc871f9240 direct-stack-fallback -> 0x1411e42da (n=3600384)
[SKIP] Execute-fault RIP=0x7ffc871f9240 direct-stack-fallback -> 0x1411e42da (n=3604480)
[SKIP] Execute-fault RIP=0x7ffc871f9240 direct-stack-fallback -> 0x1411e42da (n=3608576)
[SKIP] Execute-fault RIP=0x7ffc871f9240 direct-stack-fallback -> 0x1411e42da (n=3612672)
[SKIP] Execute-fault RIP=0x7ffc871f9240 direct-stack-fallback -> 0x1411e42da (n=3616768)
[SKIP] Execute-fault RIP=0x7ffc871f9240 direct-stack-fallback -> 0x1411e42da (n=3620864)
[SKIP] Execute-fault RIP=0x7ffc871f9240 direct-stack-fallback -> 0x1411e42da (n=3624960)
[SKIP] Execute-fault RIP=0x7ffc871f9240 direct-stack-fallback -> 0x1411e42da (n=3629056)
[SKIP] Execute-fault RIP=0x7ffc871f9240 direct-stack-fallback -> 0x1411e42da (n=3633152)
[SKIP] Execute-fault RIP=0x7ffc871f9240 direct-stack-fallback -> 0x1411e42da (n=3637248)
[SKIP] Execute-fault RIP=0x7ffc871f9240 direct-stack-fallback -> 0x1411e42da (n=3641344)
[SKIP] Execute-fault RIP=0x7ffc871f9240 direct-stack-fallback -> 0x1411e42da (n=3645440)
[SKIP] Execute-fault RIP=0x7ffc871f9240 direct-stack-fallback -> 0x1411e42da (n=3649536)
[SKIP] Execute-fault RIP=0x7ffc871f9240 direct-stack-fallback -> 0x1411e42da (n=3653632)
[SKIP] Execute-fault RIP=0x7ffc871f9240 direct-stack-fallback -> 0x1411e42da (n=3657728)
[SKIP] Execute-fault RIP=0x7ffc871f9240 direct-stack-fallback -> 0x1411e42da (n=3661824)
[SKIP] Execute-fault RIP=0x7ffc871f9240 direct-stack-fallback -> 0x1411e42da (n=3665920)
[SKIP] Execute-fault RIP=0x7ffc871f9240 direct-stack-fallback -> 0x1411e42da (n=3670016)
[SKIP] Execute-fault RIP=0x7ffc871f9240 direct-stack-fallback -> 0x1411e42da (n=3674112)
[SKIP] Execute-fault RIP=0x7ffc871f9240 direct-stack-fallback -> 0x1411e42da (n=3678208)
[SKIP] Execute-fault RIP=0x7ffc871f9240 direct-stack-fallback -> 0x1411e42da (n=3682304)
[SKIP] Execute-fault RIP=0x7ffc871f9240 direct-stack-fallback -> 0x1411e42da (n=3686400)
[SKIP] Execute-fault RIP=0x7ffc871f9240 direct-stack-fallback -> 0x1411e42da (n=3690496)
[SKIP] Execute-fault RIP=0x7ffc871f9240 direct-stack-fallback -> 0x1411e42da (n=3694592)
[SKIP] Execute-fault RIP=0x7ffc871f9240 direct-stack-fallback -> 0x1411e42da (n=3698688)
[SKIP] Execute-fault RIP=0x7ffc871f9240 direct-stack-fallback -> 0x1411e42da (n=3702784)
[SKIP] Execute-fault RIP=0x7ffc871f9240 direct-stack-fallback -> 0x1411e42da (n=3706880)
[SKIP] Execute-fault RIP=0x7ffc871f9240 direct-stack-fallback -> 0x1411e42da (n=3710976)
[SKIP] Execute-fault RIP=0x7ffc871f9240 direct-stack-fallback -> 0x1411e42da (n=3715072)
[SKIP] Execute-fault RIP=0x7ffc871f9240 direct-stack-fallback -> 0x1411e42da (n=3719168)
[SKIP] Execute-fault RIP=0x7ffc871f9240 direct-stack-fallback -> 0x1411e42da (n=3723264)
[SKIP] Execute-fault RIP=0x7ffc871f9240 direct-stack-fallback -> 0x1411e42da (n=3727360)
[SKIP] Execute-fault RIP=0x7ffc871f9240 direct-stack-fallback -> 0x1411e42da (n=3731456)
[SKIP] Execute-fault RIP=0x7ffc871f9240 direct-stack-fallback -> 0x1411e42da (n=3735552)
[SKIP] Execute-fault RIP=0x7ffc871f9240 direct-stack-fallback -> 0x1411e42da (n=3739648)
[SKIP] Execute-fault RIP=0x7ffc871f9240 direct-stack-fallback -> 0x1411e42da (n=3743744)
[SKIP] Execute-fault RIP=0x7ffc871f9240 direct-stack-fallback -> 0x1411e42da (n=3747840)
[SKIP] Execute-fault RIP=0x7ffc871f9240 direct-stack-fallback -> 0x1411e42da (n=3751936)
[SKIP] Execute-fault RIP=0x7ffc871f9240 direct-stack-fallback -> 0x1411e42da (n=3756032)
[SKIP] Execute-fault RIP=0x7ffc871f9240 direct-stack-fallback -> 0x1411e42da (n=3760128)
[SKIP] Execute-fault RIP=0x7ffc871f9240 direct-stack-fallback -> 0x1411e42da (n=3764224)
[SKIP] Execute-fault RIP=0x7ffc871f9240 direct-stack-fallback -> 0x1411e42da (n=3768320)
[SKIP] Execute-fault RIP=0x7ffc871f9240 direct-stack-fallback -> 0x1411e42da (n=3772416)
[SKIP] Execute-fault RIP=0x7ffc871f9240 direct-stack-fallback -> 0x1411e42da (n=3776512)
[SKIP] Execute-fault RIP=0x7ffc871f9240 direct-stack-fallback -> 0x1411e42da (n=3780608)
[SKIP] Execute-fault RIP=0x7ffc871f9240 direct-stack-fallback -> 0x1411e42da (n=3784704)
[SKIP] Execute-fault RIP=0x7ffc871f9240 direct-stack-fallback -> 0x1411e42da (n=3788800)
[SKIP] Execute-fault RIP=0x7ffc871f9240 direct-stack-fallback -> 0x1411e42da (n=3792896)
[SKIP] Execute-fault RIP=0x7ffc871f9240 direct-stack-fallback -> 0x1411e42da (n=3796992)
[SKIP] Execute-fault RIP=0x7ffc871f9240 direct-stack-fallback -> 0x1411e42da (n=3801088)
[SKIP] Execute-fault RIP=0x7ffc871f9240 direct-stack-fallback -> 0x1411e42da (n=3805184)
[SKIP] Execute-fault RIP=0x7ffc871f9240 direct-stack-fallback -> 0x1411e42da (n=3809280)
[SKIP] Execute-fault RIP=0x7ffc871f9240 direct-stack-fallback -> 0x1411e42da (n=3813376)
[SKIP] Execute-fault RIP=0x7ffc871f9240 direct-stack-fallback -> 0x1411e42da (n=3817472)
[SKIP] Execute-fault RIP=0x7ffc871f9240 direct-stack-fallback -> 0x1411e42da (n=3821568)
[SKIP] Execute-fault RIP=0x7ffc871f9240 direct-stack-fallback -> 0x1411e42da (n=3825664)
[SKIP] Execute-fault RIP=0x7ffc871f9240 direct-stack-fallback -> 0x1411e42da (n=3829760)
[SKIP] Execute-fault RIP=0x7ffc871f9240 direct-stack-fallback -> 0x1411e42da (n=3833856)
[SKIP] Execute-fault RIP=0x7ffc871f9240 direct-stack-fallback -> 0x1411e42da (n=3837952)
[SKIP] Execute-fault RIP=0x7ffc871f9240 direct-stack-fallback -> 0x1411e42da (n=3842048)
[SKIP] Execute-fault RIP=0x7ffc871f9240 direct-stack-fallback -> 0x1411e42da (n=3846144)
[SKIP] Execute-fault RIP=0x7ffc871f9240 direct-stack-fallback -> 0x1411e42da (n=3850240)
[SKIP] Execute-fault RIP=0x7ffc871f9240 direct-stack-fallback -> 0x1411e42da (n=3854336)
[SKIP] Execute-fault RIP=0x7ffc871f9240 direct-stack-fallback -> 0x1411e42da (n=3858432)
[SKIP] Execute-fault RIP=0x7ffc871f9240 direct-stack-fallback -> 0x1411e42da (n=3862528)
[SKIP] Execute-fault RIP=0x7ffc871f9240 direct-stack-fallback -> 0x1411e42da (n=3866624)
[SKIP] Execute-fault RIP=0x7ffc871f9240 direct-stack-fallback -> 0x1411e42da (n=3870720)
[SKIP] Execute-fault RIP=0x7ffc871f9240 direct-stack-fallback -> 0x1411e42da (n=3874816)
[SKIP] Execute-fault RIP=0x7ffc871f9240 direct-stack-fallback -> 0x1411e42da (n=3878912)
[SKIP] Execute-fault RIP=0x7ffc871f9240 direct-stack-fallback -> 0x1411e42da (n=3883008)
[SKIP] Execute-fault RIP=0x7ffc871f9240 direct-stack-fallback -> 0x1411e42da (n=3887104)
[SKIP] Execute-fault RIP=0x7ffc871f9240 direct-stack-fallback -> 0x1411e42da (n=3891200)
[SKIP] Execute-fault RIP=0x7ffc871f9240 direct-stack-fallback -> 0x1411e42da (n=3895296)
[SKIP] Execute-fault RIP=0x7ffc871f9240 direct-stack-fallback -> 0x1411e42da (n=3899392)
[SKIP] Execute-fault RIP=0x7ffc871f9240 direct-stack-fallback -> 0x1411e42da (n=3903488)
[SKIP] Execute-fault RIP=0x7ffc871f9240 direct-stack-fallback -> 0x1411e42da (n=3907584)
[SKIP] Execute-fault RIP=0x7ffc871f9240 direct-stack-fallback -> 0x1411e42da (n=3911680)
[SKIP] Execute-fault RIP=0x7ffc871f9240 direct-stack-fallback -> 0x1411e42da (n=3915776)
[SKIP] Execute-fault RIP=0x7ffc871f9240 direct-stack-fallback -> 0x1411e42da (n=3919872)
[SKIP] Execute-fault RIP=0x7ffc871f9240 direct-stack-fallback -> 0x1411e42da (n=3923968)
[SKIP] Execute-fault RIP=0x7ffc871f9240 direct-stack-fallback -> 0x1411e42da (n=3928064)
[SKIP] Execute-fault RIP=0x7ffc871f9240 direct-stack-fallback -> 0x1411e42da (n=3932160)
[SKIP] Execute-fault RIP=0x7ffc871f9240 direct-stack-fallback -> 0x1411e42da (n=3936256)
[SKIP] Execute-fault RIP=0x7ffc871f9240 direct-stack-fallback -> 0x1411e42da (n=3940352)
[SKIP] Execute-fault RIP=0x7ffc871f9240 direct-stack-fallback -> 0x1411e42da (n=3944448)
[SKIP] Execute-fault RIP=0x7ffc871f9240 direct-stack-fallback -> 0x1411e42da (n=3948544)
[SKIP] Execute-fault RIP=0x7ffc871f9240 direct-stack-fallback -> 0x1411e42da (n=3952640)
[SKIP] Execute-fault RIP=0x7ffc871f9240 direct-stack-fallback -> 0x1411e42da (n=3956736)
[SKIP] Execute-fault RIP=0x7ffc871f9240 direct-stack-fallback -> 0x1411e42da (n=3960832)
[SKIP] Execute-fault RIP=0x7ffc871f9240 direct-stack-fallback -> 0x1411e42da (n=3964928)
[SKIP] Execute-fault RIP=0x7ffc871f9240 direct-stack-fallback -> 0x1411e42da (n=3969024)
[SKIP] Execute-fault RIP=0x7ffc871f9240 direct-stack-fallback -> 0x1411e42da (n=3973120)
[SKIP] Execute-fault RIP=0x7ffc871f9240 direct-stack-fallback -> 0x1411e42da (n=3977216)
[SKIP] Execute-fault RIP=0x7ffc871f9240 direct-stack-fallback -> 0x1411e42da (n=3981312)
[SKIP] Execute-fault RIP=0x7ffc871f9240 direct-stack-fallback -> 0x1411e42da (n=3985408)
[SKIP] Execute-fault RIP=0x7ffc871f9240 direct-stack-fallback -> 0x1411e42da (n=3989504)
[SKIP] Execute-fault RIP=0x7ffc871f9240 direct-stack-fallback -> 0x1411e42da (n=3993600)
[SKIP] Execute-fault RIP=0x7ffc871f9240 direct-stack-fallback -> 0x1411e42da (n=3997696)
[SKIP] Execute-fault RIP=0x7ffc871f9240 direct-stack-fallback -> 0x1411e42da (n=4001792)
[SKIP] Execute-fault RIP=0x7ffc871f9240 direct-stack-fallback -> 0x1411e42da (n=4005888)
[SKIP] Execute-fault RIP=0x7ffc871f9240 direct-stack-fallback -> 0x1411e42da (n=4009984)
[SKIP] Execute-fault RIP=0x7ffc871f9240 direct-stack-fallback -> 0x1411e42da (n=4014080)
[SKIP] Execute-fault RIP=0x7ffc871f9240 direct-stack-fallback -> 0x1411e42da (n=4018176)
[SKIP] Execute-fault RIP=0x7ffc871f9240 direct-stack-fallback -> 0x1411e42da (n=4022272)
[SKIP] Execute-fault RIP=0x7ffc871f9240 direct-stack-fallback -> 0x1411e42da (n=4026368)
[SKIP] Execute-fault RIP=0x7ffc871f9240 direct-stack-fallback -> 0x1411e42da (n=4030464)
[SKIP] Execute-fault RIP=0x7ffc871f9240 direct-stack-fallback -> 0x1411e42da (n=4034560)
[SKIP] Execute-fault RIP=0x7ffc871f9240 direct-stack-fallback -> 0x1411e42da (n=4038656)
[SKIP] Execute-fault RIP=0x7ffc871f9240 direct-stack-fallback -> 0x1411e42da (n=4042752)
[SKIP] Execute-fault RIP=0x7ffc871f9240 direct-stack-fallback -> 0x1411e42da (n=4046848)
[SKIP] Execute-fault RIP=0x7ffc871f9240 direct-stack-fallback -> 0x1411e42da (n=4050944)
[SKIP] Execute-fault RIP=0x7ffc871f9240 direct-stack-fallback -> 0x1411e42da (n=4055040)
[SKIP] Execute-fault RIP=0x7ffc871f9240 direct-stack-fallback -> 0x1411e42da (n=4059136)
[SKIP] Execute-fault RIP=0x7ffc871f9240 direct-stack-fallback -> 0x1411e42da (n=4063232)
[SKIP] Execute-fault RIP=0x7ffc871f9240 direct-stack-fallback -> 0x1411e42da (n=4067328)
[SKIP] Execute-fault RIP=0x7ffc871f9240 direct-stack-fallback -> 0x1411e42da (n=4071424)
[SKIP] Execute-fault RIP=0x7ffc871f9240 direct-stack-fallback -> 0x1411e42da (n=4075520)
[SKIP] Execute-fault RIP=0x7ffc871f9240 direct-stack-fallback -> 0x1411e42da (n=4079616)
[SKIP] Execute-fault RIP=0x7ffc871f9240 direct-stack-fallback -> 0x1411e42da (n=4083712)
[SKIP] Execute-fault RIP=0x7ffc871f9240 direct-stack-fallback -> 0x1411e42da (n=4087808)
[SKIP] Execute-fault RIP=0x7ffc871f9240 direct-stack-fallback -> 0x1411e42da (n=4091904)
[SKIP] Execute-fault RIP=0x7ffc871f9240 direct-stack-fallback -> 0x1411e42da (n=4096000)
[SKIP] Execute-fault RIP=0x7ffc871f9240 direct-stack-fallback -> 0x1411e42da (n=4100096)
[SKIP] Execute-fault RIP=0x7ffc871f9240 direct-stack-fallback -> 0x1411e42da (n=4104192)
[SKIP] Execute-fault RIP=0x7ffc871f9240 direct-stack-fallback -> 0x1411e42da (n=4108288)
[SKIP] Execute-fault RIP=0x7ffc871f9240 direct-stack-fallback -> 0x1411e42da (n=4112384)
[SKIP] Execute-fault RIP=0x7ffc871f9240 direct-stack-fallback -> 0x1411e42da (n=4116480)
[SKIP] Execute-fault RIP=0x7ffc871f9240 direct-stack-fallback -> 0x1411e42da (n=4120576)
[SKIP] Execute-fault RIP=0x7ffc871f9240 direct-stack-fallback -> 0x1411e42da (n=4124672)
[SKIP] Execute-fault RIP=0x7ffc871f9240 direct-stack-fallback -> 0x1411e42da (n=4128768)
[SKIP] Execute-fault RIP=0x7ffc871f9240 direct-stack-fallback -> 0x1411e42da (n=4132864)
[SKIP] Execute-fault RIP=0x7ffc871f9240 direct-stack-fallback -> 0x1411e42da (n=4136960)
[SKIP] Execute-fault RIP=0x7ffc871f9240 direct-stack-fallback -> 0x1411e42da (n=4141056)
[SKIP] Execute-fault RIP=0x7ffc871f9240 direct-stack-fallback -> 0x1411e42da (n=4145152)
[SKIP] Execute-fault RIP=0x7ffc871f9240 direct-stack-fallback -> 0x1411e42da (n=4149248)
[SKIP] Execute-fault RIP=0x7ffc871f9240 direct-stack-fallback -> 0x1411e42da (n=4153344)
[SKIP] Execute-fault RIP=0x7ffc871f9240 direct-stack-fallback -> 0x1411e42da (n=4157440)
[SKIP] Execute-fault RIP=0x7ffc871f9240 direct-stack-fallback -> 0x1411e42da (n=4161536)
[SKIP] Execute-fault RIP=0x7ffc871f9240 direct-stack-fallback -> 0x1411e42da (n=4165632)
[SKIP] Execute-fault RIP=0x7ffc871f9240 direct-stack-fallback -> 0x1411e42da (n=4169728)
[SKIP] Execute-fault RIP=0x7ffc871f9240 direct-stack-fallback -> 0x1411e42da (n=4173824)
[SKIP] Execute-fault RIP=0x7ffc871f9240 direct-stack-fallback -> 0x1411e42da (n=4177920)
[SKIP] Execute-fault RIP=0x7ffc871f9240 direct-stack-fallback -> 0x1411e42da (n=4182016)
[SKIP] Execute-fault RIP=0x7ffc871f9240 direct-stack-fallback -> 0x1411e42da (n=4186112)
[SKIP] Execute-fault RIP=0x7ffc871f9240 direct-stack-fallback -> 0x1411e42da (n=4190208)
[SKIP] Execute-fault RIP=0x7ffc871f9240 direct-stack-fallback -> 0x1411e42da (n=4194304)
[SKIP] Execute-fault RIP=0x7ffc871f9240 direct-stack-fallback -> 0x1411e42da (n=4198400)
[SKIP] Execute-fault RIP=0x7ffc871f9240 direct-stack-fallback -> 0x1411e42da (n=4202496)
[SKIP] Execute-fault RIP=0x7ffc871f9240 direct-stack-fallback -> 0x1411e42da (n=4206592)
[SKIP] Execute-fault RIP=0x7ffc871f9240 direct-stack-fallback -> 0x1411e42da (n=4210688)
[SKIP] Execute-fault RIP=0x7ffc871f9240 direct-stack-fallback -> 0x1411e42da (n=4214784)
[SKIP] Execute-fault RIP=0x7ffc871f9240 direct-stack-fallback -> 0x1411e42da (n=4218880)
[SKIP] Execute-fault RIP=0x7ffc871f9240 direct-stack-fallback -> 0x1411e42da (n=4222976)
[SKIP] Execute-fault RIP=0x7ffc871f9240 direct-stack-fallback -> 0x1411e42da (n=4227072)
[SKIP] Execute-fault RIP=0x7ffc871f9240 direct-stack-fallback -> 0x1411e42da (n=4231168)
[SKIP] Execute-fault RIP=0x7ffc871f9240 direct-stack-fallback -> 0x1411e42da (n=4235264)
[SKIP] Execute-fault RIP=0x7ffc871f9240 direct-stack-fallback -> 0x1411e42da (n=4239360)
[SKIP] Execute-fault RIP=0x7ffc871f9240 direct-stack-fallback -> 0x1411e42da (n=4243456)
[SKIP] Execute-fault RIP=0x7ffc871f9240 direct-stack-fallback -> 0x1411e42da (n=4247552)
[SKIP] Execute-fault RIP=0x7ffc871f9240 direct-stack-fallback -> 0x1411e42da (n=4251648)
[SKIP] Execute-fault RIP=0x7ffc871f9240 direct-stack-fallback -> 0x1411e42da (n=4255744)
[SKIP] Execute-fault RIP=0x7ffc871f9240 direct-stack-fallback -> 0x1411e42da (n=4259840)
[SKIP] Execute-fault RIP=0x7ffc871f9240 direct-stack-fallback -> 0x1411e42da (n=4263936)
[SKIP] Execute-fault RIP=0x7ffc871f9240 direct-stack-fallback -> 0x1411e42da (n=4268032)
[SKIP] Execute-fault RIP=0x7ffc871f9240 direct-stack-fallback -> 0x1411e42da (n=4272128)
[SKIP] Execute-fault RIP=0x7ffc871f9240 direct-stack-fallback -> 0x1411e42da (n=4276224)
[SKIP] Execute-fault RIP=0x7ffc871f9240 direct-stack-fallback -> 0x1411e42da (n=4280320)
[SKIP] Execute-fault RIP=0x7ffc871f9240 direct-stack-fallback -> 0x1411e42da (n=4284416)
[SKIP] Execute-fault RIP=0x7ffc871f9240 direct-stack-fallback -> 0x1411e42da (n=4288512)
[SKIP] Execute-fault RIP=0x7ffc871f9240 direct-stack-fallback -> 0x1411e42da (n=4292608)
[SKIP] Execute-fault RIP=0x7ffc871f9240 direct-stack-fallback -> 0x1411e42da (n=4296704)
[SKIP] Execute-fault RIP=0x7ffc871f9240 direct-stack-fallback -> 0x1411e42da (n=4300800)
[SKIP] Execute-fault RIP=0x7ffc871f9240 direct-stack-fallback -> 0x1411e42da (n=4304896)
[SKIP] Execute-fault RIP=0x7ffc871f9240 direct-stack-fallback -> 0x1411e42da (n=4308992)
[SKIP] Execute-fault RIP=0x7ffc871f9240 direct-stack-fallback -> 0x1411e42da (n=4313088)
[SKIP] Execute-fault RIP=0x7ffc871f9240 direct-stack-fallback -> 0x1411e42da (n=4317184)
[SKIP] Execute-fault RIP=0x7ffc871f9240 direct-stack-fallback -> 0x1411e42da (n=4321280)
[SKIP] Execute-fault RIP=0x7ffc871f9240 direct-stack-fallback -> 0x1411e42da (n=4325376)
[SKIP] Execute-fault RIP=0x7ffc871f9240 direct-stack-fallback -> 0x1411e42da (n=4329472)
[SKIP] Execute-fault RIP=0x7ffc871f9240 direct-stack-fallback -> 0x1411e42da (n=4333568)
[SKIP] Execute-fault RIP=0x7ffc871f9240 direct-stack-fallback -> 0x1411e42da (n=4337664)
[SKIP] Execute-fault RIP=0x7ffc871f9240 direct-stack-fallback -> 0x1411e42da (n=4341760)
[SKIP] Execute-fault RIP=0x7ffc871f9240 direct-stack-fallback -> 0x1411e42da (n=4345856)
[SKIP] Execute-fault RIP=0x7ffc871f9240 direct-stack-fallback -> 0x1411e42da (n=4349952)
[SKIP] Execute-fault RIP=0x7ffc871f9240 direct-stack-fallback -> 0x1411e42da (n=4354048)
[SKIP] Execute-fault RIP=0x7ffc871f9240 direct-stack-fallback -> 0x1411e42da (n=4358144)
[SKIP] Execute-fault RIP=0x7ffc871f9240 direct-stack-fallback -> 0x1411e42da (n=4362240)
[SKIP] Execute-fault RIP=0x7ffc871f9240 direct-stack-fallback -> 0x1411e42da (n=4366336)
[SKIP] Execute-fault RIP=0x7ffc871f9240 direct-stack-fallback -> 0x1411e42da (n=4370432)
[SKIP] Execute-fault RIP=0x7ffc871f9240 direct-stack-fallback -> 0x1411e42da (n=4374528)
[SKIP] Execute-fault RIP=0x7ffc871f9240 direct-stack-fallback -> 0x1411e42da (n=4378624)
[SKIP] Execute-fault RIP=0x7ffc871f9240 direct-stack-fallback -> 0x1411e42da (n=4382720)
[SKIP] Execute-fault RIP=0x7ffc871f9240 direct-stack-fallback -> 0x1411e42da (n=4386816)
[SKIP] Execute-fault RIP=0x7ffc871f9240 direct-stack-fallback -> 0x1411e42da (n=4390912)
[SKIP] Execute-fault RIP=0x7ffc871f9240 direct-stack-fallback -> 0x1411e42da (n=4395008)
[SKIP] Execute-fault RIP=0x7ffc871f9240 direct-stack-fallback -> 0x1411e42da (n=4399104)
[SKIP] Execute-fault RIP=0x7ffc871f9240 direct-stack-fallback -> 0x1411e42da (n=4403200)
[SKIP] Execute-fault RIP=0x7ffc871f9240 direct-stack-fallback -> 0x1411e42da (n=4407296)
[SKIP] Execute-fault RIP=0x7ffc871f9240 direct-stack-fallback -> 0x1411e42da (n=4411392)
[SKIP] Execute-fault RIP=0x7ffc871f9240 direct-stack-fallback -> 0x1411e42da (n=4415488)
[SKIP] Execute-fault RIP=0x7ffc871f9240 direct-stack-fallback -> 0x1411e42da (n=4419584)
[SKIP] Execute-fault RIP=0x7ffc871f9240 direct-stack-fallback -> 0x1411e42da (n=4423680)
[SKIP] Execute-fault RIP=0x7ffc871f9240 direct-stack-fallback -> 0x1411e42da (n=4427776)
[SKIP] Execute-fault RIP=0x7ffc871f9240 direct-stack-fallback -> 0x1411e42da (n=4431872)
[SKIP] Execute-fault RIP=0x7ffc871f9240 direct-stack-fallback -> 0x1411e42da (n=4435968)
[SKIP] Execute-fault RIP=0x7ffc871f9240 direct-stack-fallback -> 0x1411e42da (n=4440064)
[SKIP] Execute-fault RIP=0x7ffc871f9240 direct-stack-fallback -> 0x1411e42da (n=4444160)
[SKIP] Execute-fault RIP=0x7ffc871f9240 direct-stack-fallback -> 0x1411e42da (n=4448256)
[SKIP] Execute-fault RIP=0x7ffc871f9240 direct-stack-fallback -> 0x1411e42da (n=4452352)
[SKIP] Execute-fault RIP=0x7ffc871f9240 direct-stack-fallback -> 0x1411e42da (n=4456448)
[SKIP] Execute-fault RIP=0x7ffc871f9240 direct-stack-fallback -> 0x1411e42da (n=4460544)
[SKIP] Execute-fault RIP=0x7ffc871f9240 direct-stack-fallback -> 0x1411e42da (n=4464640)
[SKIP] Execute-fault RIP=0x7ffc871f9240 direct-stack-fallback -> 0x1411e42da (n=4468736)
[SKIP] Execute-fault RIP=0x7ffc871f9240 direct-stack-fallback -> 0x1411e42da (n=4472832)
[SKIP] Execute-fault RIP=0x7ffc871f9240 direct-stack-fallback -> 0x1411e42da (n=4476928)
[SKIP] Execute-fault RIP=0x7ffc871f9240 direct-stack-fallback -> 0x1411e42da (n=4481024)
[SKIP] Execute-fault RIP=0x7ffc871f9240 direct-stack-fallback -> 0x1411e42da (n=4485120)
[SKIP] Execute-fault RIP=0x7ffc871f9240 direct-stack-fallback -> 0x1411e42da (n=4489216)
[SKIP] Execute-fault RIP=0x7ffc871f9240 direct-stack-fallback -> 0x1411e42da (n=4493312)
[SKIP] Execute-fault RIP=0x7ffc871f9240 direct-stack-fallback -> 0x1411e42da (n=4497408)
[SKIP] Execute-fault RIP=0x7ffc871f9240 direct-stack-fallback -> 0x1411e42da (n=4501504)
[SKIP] Execute-fault RIP=0x7ffc871f9240 direct-stack-fallback -> 0x1411e42da (n=4505600)
[SKIP] Execute-fault RIP=0x7ffc871f9240 direct-stack-fallback -> 0x1411e42da (n=4509696)
[SKIP] Execute-fault RIP=0x7ffc871f9240 direct-stack-fallback -> 0x1411e42da (n=4513792)
[SKIP] Execute-fault RIP=0x7ffc871f9240 direct-stack-fallback -> 0x1411e42da (n=4517888)
[SKIP] Execute-fault RIP=0x7ffc871f9240 direct-stack-fallback -> 0x1411e42da (n=4521984)
[SKIP] Execute-fault RIP=0x7ffc871f9240 direct-stack-fallback -> 0x1411e42da (n=4526080)
[SKIP] Execute-fault RIP=0x7ffc871f9240 direct-stack-fallback -> 0x1411e42da (n=4530176)
[SKIP] Execute-fault RIP=0x7ffc871f9240 direct-stack-fallback -> 0x1411e42da (n=4534272)
[SKIP] Execute-fault RIP=0x7ffc871f9240 direct-stack-fallback -> 0x1411e42da (n=4538368)
[SKIP] Execute-fault RIP=0x7ffc871f9240 direct-stack-fallback -> 0x1411e42da (n=4542464)
[SKIP] Execute-fault RIP=0x7ffc871f9240 direct-stack-fallback -> 0x1411e42da (n=4546560)
[SKIP] Execute-fault RIP=0x7ffc871f9240 direct-stack-fallback -> 0x1411e42da (n=4550656)
[SKIP] Execute-fault RIP=0x7ffc871f9240 direct-stack-fallback -> 0x1411e42da (n=4554752)
[SKIP] Execute-fault RIP=0x7ffc871f9240 direct-stack-fallback -> 0x1411e42da (n=4558848)
[SKIP] Execute-fault RIP=0x7ffc871f9240 direct-stack-fallback -> 0x1411e42da (n=4562944)
[SKIP] Execute-fault RIP=0x7ffc871f9240 direct-stack-fallback -> 0x1411e42da (n=4567040)
[SKIP] Execute-fault RIP=0x7ffc871f9240 direct-stack-fallback -> 0x1411e42da (n=4571136)
[SKIP] Execute-fault RIP=0x7ffc871f9240 direct-stack-fallback -> 0x1411e42da (n=4575232)
[SKIP] Execute-fault RIP=0x7ffc871f9240 direct-stack-fallback -> 0x1411e42da (n=4579328)
[SKIP] Execute-fault RIP=0x7ffc871f9240 direct-stack-fallback -> 0x1411e42da (n=4583424)
[SKIP] Execute-fault RIP=0x7ffc871f9240 direct-stack-fallback -> 0x1411e42da (n=4587520)
[SKIP] Execute-fault RIP=0x7ffc871f9240 direct-stack-fallback -> 0x1411e42da (n=4591616)
[SKIP] Execute-fault RIP=0x7ffc871f9240 direct-stack-fallback -> 0x1411e42da (n=4595712)
[SKIP] Execute-fault RIP=0x7ffc871f9240 direct-stack-fallback -> 0x1411e42da (n=4599808)
[SKIP] Execute-fault RIP=0x7ffc871f9240 direct-stack-fallback -> 0x1411e42da (n=4603904)
[SKIP] Execute-fault RIP=0x7ffc871f9240 direct-stack-fallback -> 0x1411e42da (n=4608000)
[SKIP] Execute-fault RIP=0x7ffc871f9240 direct-stack-fallback -> 0x1411e42da (n=4612096)
[SKIP] Execute-fault RIP=0x7ffc871f9240 direct-stack-fallback -> 0x1411e42da (n=4616192)
[SKIP] Execute-fault RIP=0x7ffc871f9240 direct-stack-fallback -> 0x1411e42da (n=4620288)
[SKIP] Execute-fault RIP=0x7ffc871f9240 direct-stack-fallback -> 0x1411e42da (n=4624384)
[SKIP] Execute-fault RIP=0x7ffc871f9240 direct-stack-fallback -> 0x1411e42da (n=4628480)
[SKIP] Execute-fault RIP=0x7ffc871f9240 direct-stack-fallback -> 0x1411e42da (n=4632576)
[SKIP] Execute-fault RIP=0x7ffc871f9240 direct-stack-fallback -> 0x1411e42da (n=4636672)
[SKIP] Execute-fault RIP=0x7ffc871f9240 direct-stack-fallback -> 0x1411e42da (n=4640768)
[SKIP] Execute-fault RIP=0x7ffc871f9240 direct-stack-fallback -> 0x1411e42da (n=4644864)
[SKIP] Execute-fault RIP=0x7ffc871f9240 direct-stack-fallback -> 0x1411e42da (n=4648960)
[SKIP] Execute-fault RIP=0x7ffc871f9240 direct-stack-fallback -> 0x1411e42da (n=4653056)
[SKIP] Execute-fault RIP=0x7ffc871f9240 direct-stack-fallback -> 0x1411e42da (n=4657152)
[SKIP] Execute-fault RIP=0x7ffc871f9240 direct-stack-fallback -> 0x1411e42da (n=4661248)
[SKIP] Execute-fault RIP=0x7ffc871f9240 direct-stack-fallback -> 0x1411e42da (n=4665344)
[SKIP] Execute-fault RIP=0x7ffc871f9240 direct-stack-fallback -> 0x1411e42da (n=4669440)
[SKIP] Execute-fault RIP=0x7ffc871f9240 direct-stack-fallback -> 0x1411e42da (n=4673536)
[SKIP] Execute-fault RIP=0x7ffc871f9240 direct-stack-fallback -> 0x1411e42da (n=4677632)
[SKIP] Execute-fault RIP=0x7ffc871f9240 direct-stack-fallback -> 0x1411e42da (n=4681728)
[SKIP] Execute-fault RIP=0x7ffc871f9240 direct-stack-fallback -> 0x1411e42da (n=4685824)
[SKIP] Execute-fault RIP=0x7ffc871f9240 direct-stack-fallback -> 0x1411e42da (n=4689920)
[SKIP] Execute-fault RIP=0x7ffc871f9240 direct-stack-fallback -> 0x1411e42da (n=4694016)
[SKIP] Execute-fault RIP=0x7ffc871f9240 direct-stack-fallback -> 0x1411e42da (n=4698112)
[SKIP] Execute-fault RIP=0x7ffc871f9240 direct-stack-fallback -> 0x1411e42da (n=4702208)
[SKIP] Execute-fault RIP=0x7ffc871f9240 direct-stack-fallback -> 0x1411e42da (n=4706304)
[SKIP] Execute-fault RIP=0x7ffc871f9240 direct-stack-fallback -> 0x1411e42da (n=4710400)
[SKIP] Execute-fault RIP=0x7ffc871f9240 direct-stack-fallback -> 0x1411e42da (n=4714496)
[SKIP] Execute-fault RIP=0x7ffc871f9240 direct-stack-fallback -> 0x1411e42da (n=4718592)
[SKIP] Execute-fault RIP=0x7ffc871f9240 direct-stack-fallback -> 0x1411e42da (n=4722688)
[SKIP] Execute-fault RIP=0x7ffc871f9240 direct-stack-fallback -> 0x1411e42da (n=4726784)
[SKIP] Execute-fault RIP=0x7ffc871f9240 direct-stack-fallback -> 0x1411e42da (n=4730880)
[SKIP] Execute-fault RIP=0x7ffc871f9240 direct-stack-fallback -> 0x1411e42da (n=4734976)
[SKIP] Execute-fault RIP=0x7ffc871f9240 direct-stack-fallback -> 0x1411e42da (n=4739072)
[SKIP] Execute-fault RIP=0x7ffc871f9240 direct-stack-fallback -> 0x1411e42da (n=4743168)
[SKIP] Execute-fault RIP=0x7ffc871f9240 direct-stack-fallback -> 0x1411e42da (n=4747264)
[SKIP] Execute-fault RIP=0x7ffc871f9240 direct-stack-fallback -> 0x1411e42da (n=4751360)
[SKIP] Execute-fault RIP=0x7ffc871f9240 direct-stack-fallback -> 0x1411e42da (n=4755456)
[SKIP] Execute-fault RIP=0x7ffc871f9240 direct-stack-fallback -> 0x1411e42da (n=4759552)
[SKIP] Execute-fault RIP=0x7ffc871f9240 direct-stack-fallback -> 0x1411e42da (n=4763648)
[SKIP] Execute-fault RIP=0x7ffc871f9240 direct-stack-fallback -> 0x1411e42da (n=4767744)
[SKIP] Execute-fault RIP=0x7ffc871f9240 direct-stack-fallback -> 0x1411e42da (n=4771840)
[SKIP] Execute-fault RIP=0x7ffc871f9240 direct-stack-fallback -> 0x1411e42da (n=4775936)
[SKIP] Execute-fault RIP=0x7ffc871f9240 direct-stack-fallback -> 0x1411e42da (n=4780032)
[SKIP] Execute-fault RIP=0x7ffc871f9240 direct-stack-fallback -> 0x1411e42da (n=4784128)
[SKIP] Execute-fault RIP=0x7ffc871f9240 direct-stack-fallback -> 0x1411e42da (n=4788224)
[SKIP] Execute-fault RIP=0x7ffc871f9240 direct-stack-fallback -> 0x1411e42da (n=4792320)
[SKIP] Execute-fault RIP=0x7ffc871f9240 direct-stack-fallback -> 0x1411e42da (n=4796416)
[SKIP] Execute-fault RIP=0x7ffc871f9240 direct-stack-fallback -> 0x1411e42da (n=4800512)
[SKIP] Execute-fault RIP=0x7ffc871f9240 direct-stack-fallback -> 0x1411e42da (n=4804608)
[SKIP] Execute-fault RIP=0x7ffc871f9240 direct-stack-fallback -> 0x1411e42da (n=4808704)
[SKIP] Execute-fault RIP=0x7ffc871f9240 direct-stack-fallback -> 0x1411e42da (n=4812800)
[SKIP] Execute-fault RIP=0x7ffc871f9240 direct-stack-fallback -> 0x1411e42da (n=4816896)
[SKIP] Execute-fault RIP=0x7ffc871f9240 direct-stack-fallback -> 0x1411e42da (n=4820992)
[SKIP] Execute-fault RIP=0x7ffc871f9240 direct-stack-fallback -> 0x1411e42da (n=4825088)
[SKIP] Execute-fault RIP=0x7ffc871f9240 direct-stack-fallback -> 0x1411e42da (n=4829184)
[SKIP] Execute-fault RIP=0x7ffc871f9240 direct-stack-fallback -> 0x1411e42da (n=4833280)
[SKIP] Execute-fault RIP=0x7ffc871f9240 direct-stack-fallback -> 0x1411e42da (n=4837376)
[SKIP] Execute-fault RIP=0x7ffc871f9240 direct-stack-fallback -> 0x1411e42da (n=4841472)
[SKIP] Execute-fault RIP=0x7ffc871f9240 direct-stack-fallback -> 0x1411e42da (n=4845568)
[SKIP] Execute-fault RIP=0x7ffc871f9240 direct-stack-fallback -> 0x1411e42da (n=4849664)
[SKIP] Execute-fault RIP=0x7ffc871f9240 direct-stack-fallback -> 0x1411e42da (n=4853760)
[SKIP] Execute-fault RIP=0x7ffc871f9240 direct-stack-fallback -> 0x1411e42da (n=4857856)
[SKIP] Execute-fault RIP=0x7ffc871f9240 direct-stack-fallback -> 0x1411e42da (n=4861952)
[SKIP] Execute-fault RIP=0x7ffc871f9240 direct-stack-fallback -> 0x1411e42da (n=4866048)
[SKIP] Execute-fault RIP=0x7ffc871f9240 direct-stack-fallback -> 0x1411e42da (n=4870144)
[SKIP] Execute-fault RIP=0x7ffc871f9240 direct-stack-fallback -> 0x1411e42da (n=4874240)
[SKIP] Execute-fault RIP=0x7ffc871f9240 direct-stack-fallback -> 0x1411e42da (n=4878336)
[SKIP] Execute-fault RIP=0x7ffc871f9240 direct-stack-fallback -> 0x1411e42da (n=4882432)
[SKIP] Execute-fault RIP=0x7ffc871f9240 direct-stack-fallback -> 0x1411e42da (n=4886528)
[SKIP] Execute-fault RIP=0x7ffc871f9240 direct-stack-fallback -> 0x1411e42da (n=4890624)
[SKIP] Execute-fault RIP=0x7ffc871f9240 direct-stack-fallback -> 0x1411e42da (n=4894720)
[SKIP] Execute-fault RIP=0x7ffc871f9240 direct-stack-fallback -> 0x1411e42da (n=4898816)
[SKIP] Execute-fault RIP=0x7ffc871f9240 direct-stack-fallback -> 0x1411e42da (n=4902912)
[SKIP] Execute-fault RIP=0x7ffc871f9240 direct-stack-fallback -> 0x1411e42da (n=4907008)
[SKIP] Execute-fault RIP=0x7ffc871f9240 direct-stack-fallback -> 0x1411e42da (n=4911104)
[SKIP] Execute-fault RIP=0x7ffc871f9240 direct-stack-fallback -> 0x1411e42da (n=4915200)
[SKIP] Execute-fault RIP=0x7ffc871f9240 direct-stack-fallback -> 0x1411e42da (n=4919296)
[SKIP] Execute-fault RIP=0x7ffc871f9240 direct-stack-fallback -> 0x1411e42da (n=4923392)
[SKIP] Execute-fault RIP=0x7ffc871f9240 direct-stack-fallback -> 0x1411e42da (n=4927488)
[SKIP] Execute-fault RIP=0x7ffc871f9240 direct-stack-fallback -> 0x1411e42da (n=4931584)
[SKIP] Execute-fault RIP=0x7ffc871f9240 direct-stack-fallback -> 0x1411e42da (n=4935680)
[SKIP] Execute-fault RIP=0x7ffc871f9240 direct-stack-fallback -> 0x1411e42da (n=4939776)
[SKIP] Execute-fault RIP=0x7ffc871f9240 direct-stack-fallback -> 0x1411e42da (n=4943872)
[SKIP] Execute-fault RIP=0x7ffc871f9240 direct-stack-fallback -> 0x1411e42da (n=4947968)
[SKIP] Execute-fault RIP=0x7ffc871f9240 direct-stack-fallback -> 0x1411e42da (n=4952064)
[SKIP] Execute-fault RIP=0x7ffc871f9240 direct-stack-fallback -> 0x1411e42da (n=4956160)
[SKIP] Execute-fault RIP=0x7ffc871f9240 direct-stack-fallback -> 0x1411e42da (n=4960256)
[SKIP] Execute-fault RIP=0x7ffc871f9240 direct-stack-fallback -> 0x1411e42da (n=4964352)
[SKIP] Execute-fault RIP=0x7ffc871f9240 direct-stack-fallback -> 0x1411e42da (n=4968448)
[SKIP] Execute-fault RIP=0x7ffc871f9240 direct-stack-fallback -> 0x1411e42da (n=4972544)
[SKIP] Execute-fault RIP=0x7ffc871f9240 direct-stack-fallback -> 0x1411e42da (n=4976640)
[SKIP] Execute-fault RIP=0x7ffc871f9240 direct-stack-fallback -> 0x1411e42da (n=4980736)
[SKIP] Execute-fault RIP=0x7ffc871f9240 direct-stack-fallback -> 0x1411e42da (n=4984832)
[SKIP] Execute-fault RIP=0x7ffc871f9240 direct-stack-fallback -> 0x1411e42da (n=4988928)
[SKIP] Execute-fault RIP=0x7ffc871f9240 direct-stack-fallback -> 0x1411e42da (n=4993024)
[SKIP] Execute-fault RIP=0x7ffc871f9240 direct-stack-fallback -> 0x1411e42da (n=4997120)
[SKIP] Execute-fault RIP=0x7ffc871f9240 direct-stack-fallback -> 0x1411e42da (n=5001216)
[SKIP] Execute-fault RIP=0x7ffc871f9240 direct-stack-fallback -> 0x1411e42da (n=5005312)
[SKIP] Execute-fault RIP=0x7ffc871f9240 direct-stack-fallback -> 0x1411e42da (n=5009408)
[SKIP] Execute-fault RIP=0x7ffc871f9240 direct-stack-fallback -> 0x1411e42da (n=5013504)
[SKIP] Execute-fault RIP=0x7ffc871f9240 direct-stack-fallback -> 0x1411e42da (n=5017600)
[SKIP] Execute-fault RIP=0x7ffc871f9240 direct-stack-fallback -> 0x1411e42da (n=5021696)
[SKIP] Execute-fault RIP=0x7ffc871f9240 direct-stack-fallback -> 0x1411e42da (n=5025792)
[SKIP] Execute-fault RIP=0x7ffc871f9240 direct-stack-fallback -> 0x1411e42da (n=5029888)
[SKIP] Execute-fault RIP=0x7ffc871f9240 direct-stack-fallback -> 0x1411e42da (n=5033984)
[SKIP] Execute-fault RIP=0x7ffc871f9240 direct-stack-fallback -> 0x1411e42da (n=5038080)
[SKIP] Execute-fault RIP=0x7ffc871f9240 direct-stack-fallback -> 0x1411e42da (n=5042176)
[SKIP] Execute-fault RIP=0x7ffc871f9240 direct-stack-fallback -> 0x1411e42da (n=5046272)
[SKIP] Execute-fault RIP=0x7ffc871f9240 direct-stack-fallback -> 0x1411e42da (n=5050368)
[SKIP] Execute-fault RIP=0x7ffc871f9240 direct-stack-fallback -> 0x1411e42da (n=5054464)
[SKIP] Execute-fault RIP=0x7ffc871f9240 direct-stack-fallback -> 0x1411e42da (n=5058560)
[SKIP] Execute-fault RIP=0x7ffc871f9240 direct-stack-fallback -> 0x1411e42da (n=5062656)
[SKIP] Execute-fault RIP=0x7ffc871f9240 direct-stack-fallback -> 0x1411e42da (n=5066752)
[SKIP] Execute-fault RIP=0x7ffc871f9240 direct-stack-fallback -> 0x1411e42da (n=5070848)
[SKIP] Execute-fault RIP=0x7ffc871f9240 direct-stack-fallback -> 0x1411e42da (n=5074944)
[SKIP] Execute-fault RIP=0x7ffc871f9240 direct-stack-fallback -> 0x1411e42da (n=5079040)
[SKIP] Execute-fault RIP=0x7ffc871f9240 direct-stack-fallback -> 0x1411e42da (n=5083136)
[SKIP] Execute-fault RIP=0x7ffc871f9240 direct-stack-fallback -> 0x1411e42da (n=5087232)
[SKIP] Execute-fault RIP=0x7ffc871f9240 direct-stack-fallback -> 0x1411e42da (n=5091328)
[SKIP] Execute-fault RIP=0x7ffc871f9240 direct-stack-fallback -> 0x1411e42da (n=5095424)
[SKIP] Execute-fault RIP=0x7ffc871f9240 direct-stack-fallback -> 0x1411e42da (n=5099520)
[SKIP] Execute-fault RIP=0x7ffc871f9240 direct-stack-fallback -> 0x1411e42da (n=5103616)
[SKIP] Execute-fault RIP=0x7ffc871f9240 direct-stack-fallback -> 0x1411e42da (n=5107712)
[SKIP] Execute-fault RIP=0x7ffc871f9240 direct-stack-fallback -> 0x1411e42da (n=5111808)
[SKIP] Execute-fault RIP=0x7ffc871f9240 direct-stack-fallback -> 0x1411e42da (n=5115904)
[SKIP] Execute-fault RIP=0x7ffc871f9240 direct-stack-fallback -> 0x1411e42da (n=5120000)
[SKIP] Execute-fault RIP=0x7ffc871f9240 direct-stack-fallback -> 0x1411e42da (n=5124096)
[SKIP] Execute-fault RIP=0x7ffc871f9240 direct-stack-fallback -> 0x1411e42da (n=5128192)
[SKIP] Execute-fault RIP=0x7ffc871f9240 direct-stack-fallback -> 0x1411e42da (n=5132288)
[SKIP] Execute-fault RIP=0x7ffc871f9240 direct-stack-fallback -> 0x1411e42da (n=5136384)
[SKIP] Execute-fault RIP=0x7ffc871f9240 direct-stack-fallback -> 0x1411e42da (n=5140480)
[SKIP] Execute-fault RIP=0x7ffc871f9240 direct-stack-fallback -> 0x1411e42da (n=5144576)
[SKIP] Execute-fault RIP=0x7ffc871f9240 direct-stack-fallback -> 0x1411e42da (n=5148672)
[SKIP] Execute-fault RIP=0x7ffc871f9240 direct-stack-fallback -> 0x1411e42da (n=5152768)
[SKIP] Execute-fault RIP=0x7ffc871f9240 direct-stack-fallback -> 0x1411e42da (n=5156864)
[SKIP] Execute-fault RIP=0x7ffc871f9240 direct-stack-fallback -> 0x1411e42da (n=5160960)
[SKIP] Execute-fault RIP=0x7ffc871f9240 direct-stack-fallback -> 0x1411e42da (n=5165056)
[SKIP] Execute-fault RIP=0x7ffc871f9240 direct-stack-fallback -> 0x1411e42da (n=5169152)
[SKIP] Execute-fault RIP=0x7ffc871f9240 direct-stack-fallback -> 0x1411e42da (n=5173248)
[SKIP] Execute-fault RIP=0x7ffc871f9240 direct-stack-fallback -> 0x1411e42da (n=5177344)
[SKIP] Execute-fault RIP=0x7ffc871f9240 direct-stack-fallback -> 0x1411e42da (n=5181440)
[SKIP] Execute-fault RIP=0x7ffc871f9240 direct-stack-fallback -> 0x1411e42da (n=5185536)
[SKIP] Execute-fault RIP=0x7ffc871f9240 direct-stack-fallback -> 0x1411e42da (n=5189632)
[SKIP] Execute-fault RIP=0x7ffc871f9240 direct-stack-fallback -> 0x1411e42da (n=5193728)
[SKIP] Execute-fault RIP=0x7ffc871f9240 direct-stack-fallback -> 0x1411e42da (n=5197824)
[SKIP] Execute-fault RIP=0x7ffc871f9240 direct-stack-fallback -> 0x1411e42da (n=5201920)
[SKIP] Execute-fault RIP=0x7ffc871f9240 direct-stack-fallback -> 0x1411e42da (n=5206016)
[SKIP] Execute-fault RIP=0x7ffc871f9240 direct-stack-fallback -> 0x1411e42da (n=5210112)
[SKIP] Execute-fault RIP=0x7ffc871f9240 direct-stack-fallback -> 0x1411e42da (n=5214208)
[SKIP] Execute-fault RIP=0x7ffc871f9240 direct-stack-fallback -> 0x1411e42da (n=5218304)
[SKIP] Execute-fault RIP=0x7ffc871f9240 direct-stack-fallback -> 0x1411e42da (n=5222400)
[SKIP] Execute-fault RIP=0x7ffc871f9240 direct-stack-fallback -> 0x1411e42da (n=5226496)
[SKIP] Execute-fault RIP=0x7ffc871f9240 direct-stack-fallback -> 0x1411e42da (n=5230592)
[SKIP] Execute-fault RIP=0x7ffc871f9240 direct-stack-fallback -> 0x1411e42da (n=5234688)
[SKIP] Execute-fault RIP=0x7ffc871f9240 direct-stack-fallback -> 0x1411e42da (n=5238784)
[SKIP] Execute-fault RIP=0x7ffc871f9240 direct-stack-fallback -> 0x1411e42da (n=5242880)
[SKIP] Execute-fault RIP=0x7ffc871f9240 direct-stack-fallback -> 0x1411e42da (n=5246976)
[SKIP] Execute-fault RIP=0x7ffc871f9240 direct-stack-fallback -> 0x1411e42da (n=5251072)
[SKIP] Execute-fault RIP=0x7ffc871f9240 direct-stack-fallback -> 0x1411e42da (n=5255168)
[SKIP] Execute-fault RIP=0x7ffc871f9240 direct-stack-fallback -> 0x1411e42da (n=5259264)
[SKIP] Execute-fault RIP=0x7ffc871f9240 direct-stack-fallback -> 0x1411e42da (n=5263360)
[SKIP] Execute-fault RIP=0x7ffc871f9240 direct-stack-fallback -> 0x1411e42da (n=5267456)
[SKIP] Execute-fault RIP=0x7ffc871f9240 direct-stack-fallback -> 0x1411e42da (n=5271552)
[SKIP] Execute-fault RIP=0x7ffc871f9240 direct-stack-fallback -> 0x1411e42da (n=5275648)
[SKIP] Execute-fault RIP=0x7ffc871f9240 direct-stack-fallback -> 0x1411e42da (n=5279744)
[SKIP] Execute-fault RIP=0x7ffc871f9240 direct-stack-fallback -> 0x1411e42da (n=5283840)
[SKIP] Execute-fault RIP=0x7ffc871f9240 direct-stack-fallback -> 0x1411e42da (n=5287936)
[SKIP] Execute-fault RIP=0x7ffc871f9240 direct-stack-fallback -> 0x1411e42da (n=5292032)
[SKIP] Execute-fault RIP=0x7ffc871f9240 direct-stack-fallback -> 0x1411e42da (n=5296128)
[SKIP] Execute-fault RIP=0x7ffc871f9240 direct-stack-fallback -> 0x1411e42da (n=5300224)
[SKIP] Execute-fault RIP=0x7ffc871f9240 direct-stack-fallback -> 0x1411e42da (n=5304320)
[SKIP] Execute-fault RIP=0x7ffc871f9240 direct-stack-fallback -> 0x1411e42da (n=5308416)
[SKIP] Execute-fault RIP=0x7ffc871f9240 direct-stack-fallback -> 0x1411e42da (n=5312512)
[SKIP] Execute-fault RIP=0x7ffc871f9240 direct-stack-fallback -> 0x1411e42da (n=5316608)
[SKIP] Execute-fault RIP=0x7ffc871f9240 direct-stack-fallback -> 0x1411e42da (n=5320704)
[SKIP] Execute-fault RIP=0x7ffc871f9240 direct-stack-fallback -> 0x1411e42da (n=5324800)
[SKIP] Execute-fault RIP=0x7ffc871f9240 direct-stack-fallback -> 0x1411e42da (n=5328896)
[SKIP] Execute-fault RIP=0x7ffc871f9240 direct-stack-fallback -> 0x1411e42da (n=5332992)
[SKIP] Execute-fault RIP=0x7ffc871f9240 direct-stack-fallback -> 0x1411e42da (n=5337088)
[SKIP] Execute-fault RIP=0x7ffc871f9240 direct-stack-fallback -> 0x1411e42da (n=5341184)
[SKIP] Execute-fault RIP=0x7ffc871f9240 direct-stack-fallback -> 0x1411e42da (n=5345280)
[SKIP] Execute-fault RIP=0x7ffc871f9240 direct-stack-fallback -> 0x1411e42da (n=5349376)
[SKIP] Execute-fault RIP=0x7ffc871f9240 direct-stack-fallback -> 0x1411e42da (n=5353472)
[SKIP] Execute-fault RIP=0x7ffc871f9240 direct-stack-fallback -> 0x1411e42da (n=5357568)
[SKIP] Execute-fault RIP=0x7ffc871f9240 direct-stack-fallback -> 0x1411e42da (n=5361664)
[SKIP] Execute-fault RIP=0x7ffc871f9240 direct-stack-fallback -> 0x1411e42da (n=5365760)
[SKIP] Execute-fault RIP=0x7ffc871f9240 direct-stack-fallback -> 0x1411e42da (n=5369856)
[SKIP] Execute-fault RIP=0x7ffc871f9240 direct-stack-fallback -> 0x1411e42da (n=5373952)
[SKIP] Execute-fault RIP=0x7ffc871f9240 direct-stack-fallback -> 0x1411e42da (n=5378048)
[SKIP] Execute-fault RIP=0x7ffc871f9240 direct-stack-fallback -> 0x1411e42da (n=5382144)
[SKIP] Execute-fault RIP=0x7ffc871f9240 direct-stack-fallback -> 0x1411e42da (n=5386240)
[SKIP] Execute-fault RIP=0x7ffc871f9240 direct-stack-fallback -> 0x1411e42da (n=5390336)
[SKIP] Execute-fault RIP=0x7ffc871f9240 direct-stack-fallback -> 0x1411e42da (n=5394432)
[SKIP] Execute-fault RIP=0x7ffc871f9240 direct-stack-fallback -> 0x1411e42da (n=5398528)
[SKIP] Execute-fault RIP=0x7ffc871f9240 direct-stack-fallback -> 0x1411e42da (n=5402624)
[SKIP] Execute-fault RIP=0x7ffc871f9240 direct-stack-fallback -> 0x1411e42da (n=5406720)
[SKIP] Execute-fault RIP=0x7ffc871f9240 direct-stack-fallback -> 0x1411e42da (n=5410816)
[SKIP] Execute-fault RIP=0x7ffc871f9240 direct-stack-fallback -> 0x1411e42da (n=5414912)
[SKIP] Execute-fault RIP=0x7ffc871f9240 direct-stack-fallback -> 0x1411e42da (n=5419008)
[SKIP] Execute-fault RIP=0x7ffc871f9240 direct-stack-fallback -> 0x1411e42da (n=5423104)
[SKIP] Execute-fault RIP=0x7ffc871f9240 direct-stack-fallback -> 0x1411e42da (n=5427200)
[SKIP] Execute-fault RIP=0x7ffc871f9240 direct-stack-fallback -> 0x1411e42da (n=5431296)
[SKIP] Execute-fault RIP=0x7ffc871f9240 direct-stack-fallback -> 0x1411e42da (n=5435392)
[SKIP] Execute-fault RIP=0x7ffc871f9240 direct-stack-fallback -> 0x1411e42da (n=5439488)
[SKIP] Execute-fault RIP=0x7ffc871f9240 direct-stack-fallback -> 0x1411e42da (n=5443584)
[SKIP] Execute-fault RIP=0x7ffc871f9240 direct-stack-fallback -> 0x1411e42da (n=5447680)
[SKIP] Execute-fault RIP=0x7ffc871f9240 direct-stack-fallback -> 0x1411e42da (n=5451776)
[SKIP] Execute-fault RIP=0x7ffc871f9240 direct-stack-fallback -> 0x1411e42da (n=5455872)
[SKIP] Execute-fault RIP=0x7ffc871f9240 direct-stack-fallback -> 0x1411e42da (n=5459968)
[SKIP] Execute-fault RIP=0x7ffc871f9240 direct-stack-fallback -> 0x1411e42da (n=5464064)
[SKIP] Execute-fault RIP=0x7ffc871f9240 direct-stack-fallback -> 0x1411e42da (n=5468160)
[SKIP] Execute-fault RIP=0x7ffc871f9240 direct-stack-fallback -> 0x1411e42da (n=5472256)
[SKIP] Execute-fault RIP=0x7ffc871f9240 direct-stack-fallback -> 0x1411e42da (n=5476352)
[SKIP] Execute-fault RIP=0x7ffc871f9240 direct-stack-fallback -> 0x1411e42da (n=5480448)
[SKIP] Execute-fault RIP=0x7ffc871f9240 direct-stack-fallback -> 0x1411e42da (n=5484544)
[SKIP] Execute-fault RIP=0x7ffc871f9240 direct-stack-fallback -> 0x1411e42da (n=5488640)
[SKIP] Execute-fault RIP=0x7ffc871f9240 direct-stack-fallback -> 0x1411e42da (n=5492736)
[SKIP] Execute-fault RIP=0x7ffc871f9240 direct-stack-fallback -> 0x1411e42da (n=5496832)
[SKIP] Execute-fault RIP=0x7ffc871f9240 direct-stack-fallback -> 0x1411e42da (n=5500928)
[SKIP] Execute-fault RIP=0x7ffc871f9240 direct-stack-fallback -> 0x1411e42da (n=5505024)
[SKIP] Execute-fault RIP=0x7ffc871f9240 direct-stack-fallback -> 0x1411e42da (n=5509120)
[SKIP] Execute-fault RIP=0x7ffc871f9240 direct-stack-fallback -> 0x1411e42da (n=5513216)
[SKIP] Execute-fault RIP=0x7ffc871f9240 direct-stack-fallback -> 0x1411e42da (n=5517312)
[SKIP] Execute-fault RIP=0x7ffc871f9240 direct-stack-fallback -> 0x1411e42da (n=5521408)
[SKIP] Execute-fault RIP=0x7ffc871f9240 direct-stack-fallback -> 0x1411e42da (n=5525504)
[SKIP] Execute-fault RIP=0x7ffc871f9240 direct-stack-fallback -> 0x1411e42da (n=5529600)
[SKIP] Execute-fault RIP=0x7ffc871f9240 direct-stack-fallback -> 0x1411e42da (n=5533696)
[SKIP] Execute-fault RIP=0x7ffc871f9240 direct-stack-fallback -> 0x1411e42da (n=5537792)
[SKIP] Execute-fault RIP=0x7ffc871f9240 direct-stack-fallback -> 0x1411e42da (n=5541888)
[SKIP] Execute-fault RIP=0x7ffc871f9240 direct-stack-fallback -> 0x1411e42da (n=5545984)
[SKIP] Execute-fault RIP=0x7ffc871f9240 direct-stack-fallback -> 0x1411e42da (n=5550080)
[SKIP] Execute-fault RIP=0x7ffc871f9240 direct-stack-fallback -> 0x1411e42da (n=5554176)
[SKIP] Execute-fault RIP=0x7ffc871f9240 direct-stack-fallback -> 0x1411e42da (n=5558272)
[SKIP] Execute-fault RIP=0x7ffc871f9240 direct-stack-fallback -> 0x1411e42da (n=5562368)
[SKIP] Execute-fault RIP=0x7ffc871f9240 direct-stack-fallback -> 0x1411e42da (n=5566464)
[SKIP] Execute-fault RIP=0x7ffc871f9240 direct-stack-fallback -> 0x1411e42da (n=5570560)
[SKIP] Execute-fault RIP=0x7ffc871f9240 direct-stack-fallback -> 0x1411e42da (n=5574656)
[SKIP] Execute-fault RIP=0x7ffc871f9240 direct-stack-fallback -> 0x1411e42da (n=5578752)
[SKIP] Execute-fault RIP=0x7ffc871f9240 direct-stack-fallback -> 0x1411e42da (n=5582848)
[SKIP] Execute-fault RIP=0x7ffc871f9240 direct-stack-fallback -> 0x1411e42da (n=5586944)
[SKIP] Execute-fault RIP=0x7ffc871f9240 direct-stack-fallback -> 0x1411e42da (n=5591040)
[SKIP] Execute-fault RIP=0x7ffc871f9240 direct-stack-fallback -> 0x1411e42da (n=5595136)
[SKIP] Execute-fault RIP=0x7ffc871f9240 direct-stack-fallback -> 0x1411e42da (n=5599232)
[SKIP] Execute-fault RIP=0x7ffc871f9240 direct-stack-fallback -> 0x1411e42da (n=5603328)
[SKIP] Execute-fault RIP=0x7ffc871f9240 direct-stack-fallback -> 0x1411e42da (n=5607424)
[SKIP] Execute-fault RIP=0x7ffc871f9240 direct-stack-fallback -> 0x1411e42da (n=5611520)
[SKIP] Execute-fault RIP=0x7ffc871f9240 direct-stack-fallback -> 0x1411e42da (n=5615616)
[SKIP] Execute-fault RIP=0x7ffc871f9240 direct-stack-fallback -> 0x1411e42da (n=5619712)
[SKIP] Execute-fault RIP=0x7ffc871f9240 direct-stack-fallback -> 0x1411e42da (n=5623808)
[SKIP] Execute-fault RIP=0x7ffc871f9240 direct-stack-fallback -> 0x1411e42da (n=5627904)
[SKIP] Execute-fault RIP=0x7ffc871f9240 direct-stack-fallback -> 0x1411e42da (n=5632000)
[SKIP] Execute-fault RIP=0x7ffc871f9240 direct-stack-fallback -> 0x1411e42da (n=5636096)
[SKIP] Execute-fault RIP=0x7ffc871f9240 direct-stack-fallback -> 0x1411e42da (n=5640192)
[SKIP] Execute-fault RIP=0x7ffc871f9240 direct-stack-fallback -> 0x1411e42da (n=5644288)
[SKIP] Execute-fault RIP=0x7ffc871f9240 direct-stack-fallback -> 0x1411e42da (n=5648384)
[SKIP] Execute-fault RIP=0x7ffc871f9240 direct-stack-fallback -> 0x1411e42da (n=5652480)
[SKIP] Execute-fault RIP=0x7ffc871f9240 direct-stack-fallback -> 0x1411e42da (n=5656576)
[SKIP] Execute-fault RIP=0x7ffc871f9240 direct-stack-fallback -> 0x1411e42da (n=5660672)
[SKIP] Execute-fault RIP=0x7ffc871f9240 direct-stack-fallback -> 0x1411e42da (n=5664768)
[SKIP] Execute-fault RIP=0x7ffc871f9240 direct-stack-fallback -> 0x1411e42da (n=5668864)
[SKIP] Execute-fault RIP=0x7ffc871f9240 direct-stack-fallback -> 0x1411e42da (n=5672960)
[SKIP] Execute-fault RIP=0x7ffc871f9240 direct-stack-fallback -> 0x1411e42da (n=5677056)
[SKIP] Execute-fault RIP=0x7ffc871f9240 direct-stack-fallback -> 0x1411e42da (n=5681152)
[SKIP] Execute-fault RIP=0x7ffc871f9240 direct-stack-fallback -> 0x1411e42da (n=5685248)
[SKIP] Execute-fault RIP=0x7ffc871f9240 direct-stack-fallback -> 0x1411e42da (n=5689344)
[SKIP] Execute-fault RIP=0x7ffc871f9240 direct-stack-fallback -> 0x1411e42da (n=5693440)
[SKIP] Execute-fault RIP=0x7ffc871f9240 direct-stack-fallback -> 0x1411e42da (n=5697536)
[SKIP] Execute-fault RIP=0x7ffc871f9240 direct-stack-fallback -> 0x1411e42da (n=5701632)
[SKIP] Execute-fault RIP=0x7ffc871f9240 direct-stack-fallback -> 0x1411e42da (n=5705728)
[SKIP] Execute-fault RIP=0x7ffc871f9240 direct-stack-fallback -> 0x1411e42da (n=5709824)
[SKIP] Execute-fault RIP=0x7ffc871f9240 direct-stack-fallback -> 0x1411e42da (n=5713920)
[SKIP] Execute-fault RIP=0x7ffc871f9240 direct-stack-fallback -> 0x1411e42da (n=5718016)
[SKIP] Execute-fault RIP=0x7ffc871f9240 direct-stack-fallback -> 0x1411e42da (n=5722112)
[SKIP] Execute-fault RIP=0x7ffc871f9240 direct-stack-fallback -> 0x1411e42da (n=5726208)
[SKIP] Execute-fault RIP=0x7ffc871f9240 direct-stack-fallback -> 0x1411e42da (n=5730304)
[SKIP] Execute-fault RIP=0x7ffc871f9240 direct-stack-fallback -> 0x1411e42da (n=5734400)
[SKIP] Execute-fault RIP=0x7ffc871f9240 direct-stack-fallback -> 0x1411e42da (n=5738496)
[SKIP] Execute-fault RIP=0x7ffc871f9240 direct-stack-fallback -> 0x1411e42da (n=5742592)
[SKIP] Execute-fault RIP=0x7ffc871f9240 direct-stack-fallback -> 0x1411e42da (n=5746688)
[SKIP] Execute-fault RIP=0x7ffc871f9240 direct-stack-fallback -> 0x1411e42da (n=5750784)
[SKIP] Execute-fault RIP=0x7ffc871f9240 direct-stack-fallback -> 0x1411e42da (n=5754880)
[SKIP] Execute-fault RIP=0x7ffc871f9240 direct-stack-fallback -> 0x1411e42da (n=5758976)
[SKIP] Execute-fault RIP=0x7ffc871f9240 direct-stack-fallback -> 0x1411e42da (n=5763072)
[SKIP] Execute-fault RIP=0x7ffc871f9240 direct-stack-fallback -> 0x1411e42da (n=5767168)
[SKIP] Execute-fault RIP=0x7ffc871f9240 direct-stack-fallback -> 0x1411e42da (n=5771264)
[SKIP] Execute-fault RIP=0x7ffc871f9240 direct-stack-fallback -> 0x1411e42da (n=5775360)
[SKIP] Execute-fault RIP=0x7ffc871f9240 direct-stack-fallback -> 0x1411e42da (n=5779456)
[SKIP] Execute-fault RIP=0x7ffc871f9240 direct-stack-fallback -> 0x1411e42da (n=5783552)
[SKIP] Execute-fault RIP=0x7ffc871f9240 direct-stack-fallback -> 0x1411e42da (n=5787648)
[SKIP] Execute-fault RIP=0x7ffc871f9240 direct-stack-fallback -> 0x1411e42da (n=5791744)
[SKIP] Execute-fault RIP=0x7ffc871f9240 direct-stack-fallback -> 0x1411e42da (n=5795840)
[SKIP] Execute-fault RIP=0x7ffc871f9240 direct-stack-fallback -> 0x1411e42da (n=5799936)
[SKIP] Execute-fault RIP=0x7ffc871f9240 direct-stack-fallback -> 0x1411e42da (n=5804032)
[SKIP] Execute-fault RIP=0x7ffc871f9240 direct-stack-fallback -> 0x1411e42da (n=5808128)
[SKIP] Execute-fault RIP=0x7ffc871f9240 direct-stack-fallback -> 0x1411e42da (n=5812224)
[SKIP] Execute-fault RIP=0x7ffc871f9240 direct-stack-fallback -> 0x1411e42da (n=5816320)
[SKIP] Execute-fault RIP=0x7ffc871f9240 direct-stack-fallback -> 0x1411e42da (n=5820416)
[SKIP] Execute-fault RIP=0x7ffc871f9240 direct-stack-fallback -> 0x1411e42da (n=5824512)
[SKIP] Execute-fault RIP=0x7ffc871f9240 direct-stack-fallback -> 0x1411e42da (n=5828608)
[SKIP] Execute-fault RIP=0x7ffc871f9240 direct-stack-fallback -> 0x1411e42da (n=5832704)
[SKIP] Execute-fault RIP=0x7ffc871f9240 direct-stack-fallback -> 0x1411e42da (n=5836800)
[SKIP] Execute-fault RIP=0x7ffc871f9240 direct-stack-fallback -> 0x1411e42da (n=5840896)
[SKIP] Execute-fault RIP=0x7ffc871f9240 direct-stack-fallback -> 0x1411e42da (n=5844992)
[SKIP] Execute-fault RIP=0x7ffc871f9240 direct-stack-fallback -> 0x1411e42da (n=5849088)
[SKIP] Execute-fault RIP=0x7ffc871f9240 direct-stack-fallback -> 0x1411e42da (n=5853184)
[SKIP] Execute-fault RIP=0x7ffc871f9240 direct-stack-fallback -> 0x1411e42da (n=5857280)
[SKIP] Execute-fault RIP=0x7ffc871f9240 direct-stack-fallback -> 0x1411e42da (n=5861376)
[SKIP] Execute-fault RIP=0x7ffc871f9240 direct-stack-fallback -> 0x1411e42da (n=5865472)
[SKIP] Execute-fault RIP=0x7ffc871f9240 direct-stack-fallback -> 0x1411e42da (n=5869568)
[SKIP] Execute-fault RIP=0x7ffc871f9240 direct-stack-fallback -> 0x1411e42da (n=5873664)
[SKIP] Execute-fault RIP=0x7ffc871f9240 direct-stack-fallback -> 0x1411e42da (n=5877760)
[SKIP] Execute-fault RIP=0x7ffc871f9240 direct-stack-fallback -> 0x1411e42da (n=5881856)
[SKIP] Execute-fault RIP=0x7ffc871f9240 direct-stack-fallback -> 0x1411e42da (n=5885952)
[SKIP] Execute-fault RIP=0x7ffc871f9240 direct-stack-fallback -> 0x1411e42da (n=5890048)
[SKIP] Execute-fault RIP=0x7ffc871f9240 direct-stack-fallback -> 0x1411e42da (n=5894144)
[SKIP] Execute-fault RIP=0x7ffc871f9240 direct-stack-fallback -> 0x1411e42da (n=5898240)
[SKIP] Execute-fault RIP=0x7ffc871f9240 direct-stack-fallback -> 0x1411e42da (n=5902336)
[SKIP] Execute-fault RIP=0x7ffc871f9240 direct-stack-fallback -> 0x1411e42da (n=5906432)
[SKIP] Execute-fault RIP=0x7ffc871f9240 direct-stack-fallback -> 0x1411e42da (n=5910528)
[SKIP] Execute-fault RIP=0x7ffc871f9240 direct-stack-fallback -> 0x1411e42da (n=5914624)
[SKIP] Execute-fault RIP=0x7ffc871f9240 direct-stack-fallback -> 0x1411e42da (n=5918720)
[SKIP] Execute-fault RIP=0x7ffc871f9240 direct-stack-fallback -> 0x1411e42da (n=5922816)
[SKIP] Execute-fault RIP=0x7ffc871f9240 direct-stack-fallback -> 0x1411e42da (n=5926912)
[SKIP] Execute-fault RIP=0x7ffc871f9240 direct-stack-fallback -> 0x1411e42da (n=5931008)
[SKIP] Execute-fault RIP=0x7ffc871f9240 direct-stack-fallback -> 0x1411e42da (n=5935104)
[SKIP] Execute-fault RIP=0x7ffc871f9240 direct-stack-fallback -> 0x1411e42da (n=5939200)
[SKIP] Execute-fault RIP=0x7ffc871f9240 direct-stack-fallback -> 0x1411e42da (n=5943296)
[SKIP] Execute-fault RIP=0x7ffc871f9240 direct-stack-fallback -> 0x1411e42da (n=5947392)
[SKIP] Execute-fault RIP=0x7ffc871f9240 direct-stack-fallback -> 0x1411e42da (n=5951488)
[SKIP] Execute-fault RIP=0x7ffc871f9240 direct-stack-fallback -> 0x1411e42da (n=5955584)
[SKIP] Execute-fault RIP=0x7ffc871f9240 direct-stack-fallback -> 0x1411e42da (n=5959680)
[SKIP] Execute-fault RIP=0x7ffc871f9240 direct-stack-fallback -> 0x1411e42da (n=5963776)
[SKIP] Execute-fault RIP=0x7ffc871f9240 direct-stack-fallback -> 0x1411e42da (n=5967872)
[SKIP] Execute-fault RIP=0x7ffc871f9240 direct-stack-fallback -> 0x1411e42da (n=5971968)
[SKIP] Execute-fault RIP=0x7ffc871f9240 direct-stack-fallback -> 0x1411e42da (n=5976064)
[SKIP] Execute-fault RIP=0x7ffc871f9240 direct-stack-fallback -> 0x1411e42da (n=5980160)
[SKIP] Execute-fault RIP=0x7ffc871f9240 direct-stack-fallback -> 0x1411e42da (n=5984256)
[SKIP] Execute-fault RIP=0x7ffc871f9240 direct-stack-fallback -> 0x1411e42da (n=5988352)
[SKIP] Execute-fault RIP=0x7ffc871f9240 direct-stack-fallback -> 0x1411e42da (n=5992448)
[SKIP] Execute-fault RIP=0x7ffc871f9240 direct-stack-fallback -> 0x1411e42da (n=5996544)
[SKIP] Execute-fault RIP=0x7ffc871f9240 direct-stack-fallback -> 0x1411e42da (n=6000640)
[SKIP] Execute-fault RIP=0x7ffc871f9240 direct-stack-fallback -> 0x1411e42da (n=6004736)
[SKIP] Execute-fault RIP=0x7ffc871f9240 direct-stack-fallback -> 0x1411e42da (n=6008832)
[SKIP] Execute-fault RIP=0x7ffc871f9240 direct-stack-fallback -> 0x1411e42da (n=6012928)
[SKIP] Execute-fault RIP=0x7ffc871f9240 direct-stack-fallback -> 0x1411e42da (n=6017024)
[SKIP] Execute-fault RIP=0x7ffc871f9240 direct-stack-fallback -> 0x1411e42da (n=6021120)
[SKIP] Execute-fault RIP=0x7ffc871f9240 direct-stack-fallback -> 0x1411e42da (n=6025216)
[SKIP] Execute-fault RIP=0x7ffc871f9240 direct-stack-fallback -> 0x1411e42da (n=6029312)
[SKIP] Execute-fault RIP=0x7ffc871f9240 direct-stack-fallback -> 0x1411e42da (n=6033408)
[SKIP] Execute-fault RIP=0x7ffc871f9240 direct-stack-fallback -> 0x1411e42da (n=6037504)
[SKIP] Execute-fault RIP=0x7ffc871f9240 direct-stack-fallback -> 0x1411e42da (n=6041600)
[SKIP] Execute-fault RIP=0x7ffc871f9240 direct-stack-fallback -> 0x1411e42da (n=6045696)
[SKIP] Execute-fault RIP=0x7ffc871f9240 direct-stack-fallback -> 0x1411e42da (n=6049792)
[SKIP] Execute-fault RIP=0x7ffc871f9240 direct-stack-fallback -> 0x1411e42da (n=6053888)
[SKIP] Execute-fault RIP=0x7ffc871f9240 direct-stack-fallback -> 0x1411e42da (n=6057984)
[SKIP] Execute-fault RIP=0x7ffc871f9240 direct-stack-fallback -> 0x1411e42da (n=6062080)
[SKIP] Execute-fault RIP=0x7ffc871f9240 direct-stack-fallback -> 0x1411e42da (n=6066176)
[SKIP] Execute-fault RIP=0x7ffc871f9240 direct-stack-fallback -> 0x1411e42da (n=6070272)
[SKIP] Execute-fault RIP=0x7ffc871f9240 direct-stack-fallback -> 0x1411e42da (n=6074368)
[SKIP] Execute-fault RIP=0x7ffc871f9240 direct-stack-fallback -> 0x1411e42da (n=6078464)
[SKIP] Execute-fault RIP=0x7ffc871f9240 direct-stack-fallback -> 0x1411e42da (n=6082560)
[SKIP] Execute-fault RIP=0x7ffc871f9240 direct-stack-fallback -> 0x1411e42da (n=6086656)
[SKIP] Execute-fault RIP=0x7ffc871f9240 direct-stack-fallback -> 0x1411e42da (n=6090752)
[SKIP] Execute-fault RIP=0x7ffc871f9240 direct-stack-fallback -> 0x1411e42da (n=6094848)
[SKIP] Execute-fault RIP=0x7ffc871f9240 direct-stack-fallback -> 0x1411e42da (n=6098944)
[SKIP] Execute-fault RIP=0x7ffc871f9240 direct-stack-fallback -> 0x1411e42da (n=6103040)
[SKIP] Execute-fault RIP=0x7ffc871f9240 direct-stack-fallback -> 0x1411e42da (n=6107136)
[SKIP] Execute-fault RIP=0x7ffc871f9240 direct-stack-fallback -> 0x1411e42da (n=6111232)
[SKIP] Execute-fault RIP=0x7ffc871f9240 direct-stack-fallback -> 0x1411e42da (n=6115328)
[SKIP] Execute-fault RIP=0x7ffc871f9240 direct-stack-fallback -> 0x1411e42da (n=6119424)
[SKIP] Execute-fault RIP=0x7ffc871f9240 direct-stack-fallback -> 0x1411e42da (n=6123520)
[SKIP] Execute-fault RIP=0x7ffc871f9240 direct-stack-fallback -> 0x1411e42da (n=6127616)
[SKIP] Execute-fault RIP=0x7ffc871f9240 direct-stack-fallback -> 0x1411e42da (n=6131712)
[SKIP] Execute-fault RIP=0x7ffc871f9240 direct-stack-fallback -> 0x1411e42da (n=6135808)
[SKIP] Execute-fault RIP=0x7ffc871f9240 direct-stack-fallback -> 0x1411e42da (n=6139904)
[SKIP] Execute-fault RIP=0x7ffc871f9240 direct-stack-fallback -> 0x1411e42da (n=6144000)
[SKIP] Execute-fault RIP=0x7ffc871f9240 direct-stack-fallback -> 0x1411e42da (n=6148096)
[SKIP] Execute-fault RIP=0x7ffc871f9240 direct-stack-fallback -> 0x1411e42da (n=6152192)
[SKIP] Execute-fault RIP=0x7ffc871f9240 direct-stack-fallback -> 0x1411e42da (n=6156288)
[SKIP] Execute-fault RIP=0x7ffc871f9240 direct-stack-fallback -> 0x1411e42da (n=6160384)
[SKIP] Execute-fault RIP=0x7ffc871f9240 direct-stack-fallback -> 0x1411e42da (n=6164480)
[SKIP] Execute-fault RIP=0x7ffc871f9240 direct-stack-fallback -> 0x1411e42da (n=6168576)
[SKIP] Execute-fault RIP=0x7ffc871f9240 direct-stack-fallback -> 0x1411e42da (n=6172672)
[SKIP] Execute-fault RIP=0x7ffc871f9240 direct-stack-fallback -> 0x1411e42da (n=6176768)
[SKIP] Execute-fault RIP=0x7ffc871f9240 direct-stack-fallback -> 0x1411e42da (n=6180864)
[SKIP] Execute-fault RIP=0x7ffc871f9240 direct-stack-fallback -> 0x1411e42da (n=6184960)
[SKIP] Execute-fault RIP=0x7ffc871f9240 direct-stack-fallback -> 0x1411e42da (n=6189056)
[SKIP] Execute-fault RIP=0x7ffc871f9240 direct-stack-fallback -> 0x1411e42da (n=6193152)
[SKIP] Execute-fault RIP=0x7ffc871f9240 direct-stack-fallback -> 0x1411e42da (n=6197248)
[SKIP] Execute-fault RIP=0x7ffc871f9240 direct-stack-fallback -> 0x1411e42da (n=6201344)
[SKIP] Execute-fault RIP=0x7ffc871f9240 direct-stack-fallback -> 0x1411e42da (n=6205440)
[SKIP] Execute-fault RIP=0x7ffc871f9240 direct-stack-fallback -> 0x1411e42da (n=6209536)
[SKIP] Execute-fault RIP=0x7ffc871f9240 direct-stack-fallback -> 0x1411e42da (n=6213632)
[SKIP] Execute-fault RIP=0x7ffc871f9240 direct-stack-fallback -> 0x1411e42da (n=6217728)
[SKIP] Execute-fault RIP=0x7ffc871f9240 direct-stack-fallback -> 0x1411e42da (n=6221824)
[SKIP] Execute-fault RIP=0x7ffc871f9240 direct-stack-fallback -> 0x1411e42da (n=6225920)
[SKIP] Execute-fault RIP=0x7ffc871f9240 direct-stack-fallback -> 0x1411e42da (n=6230016)
[SKIP] Execute-fault RIP=0x7ffc871f9240 direct-stack-fallback -> 0x1411e42da (n=6234112)
[SKIP] Execute-fault RIP=0x7ffc871f9240 direct-stack-fallback -> 0x1411e42da (n=6238208)
[SKIP] Execute-fault RIP=0x7ffc871f9240 direct-stack-fallback -> 0x1411e42da (n=6242304)
[SKIP] Execute-fault RIP=0x7ffc871f9240 direct-stack-fallback -> 0x1411e42da (n=6246400)
[SKIP] Execute-fault RIP=0x7ffc871f9240 direct-stack-fallback -> 0x1411e42da (n=6250496)
[SKIP] Execute-fault RIP=0x7ffc871f9240 direct-stack-fallback -> 0x1411e42da (n=6254592)
[SKIP] Execute-fault RIP=0x7ffc871f9240 direct-stack-fallback -> 0x1411e42da (n=6258688)
[SKIP] Execute-fault RIP=0x7ffc871f9240 direct-stack-fallback -> 0x1411e42da (n=6262784)
[SKIP] Execute-fault RIP=0x7ffc871f9240 direct-stack-fallback -> 0x1411e42da (n=6266880)
[SKIP] Execute-fault RIP=0x7ffc871f9240 direct-stack-fallback -> 0x1411e42da (n=6270976)
[SKIP] Execute-fault RIP=0x7ffc871f9240 direct-stack-fallback -> 0x1411e42da (n=6275072)
[SKIP] Execute-fault RIP=0x7ffc871f9240 direct-stack-fallback -> 0x1411e42da (n=6279168)
[SKIP] Execute-fault RIP=0x7ffc871f9240 direct-stack-fallback -> 0x1411e42da (n=6283264)
[SKIP] Execute-fault RIP=0x7ffc871f9240 direct-stack-fallback -> 0x1411e42da (n=6287360)
[SKIP] Execute-fault RIP=0x7ffc871f9240 direct-stack-fallback -> 0x1411e42da (n=6291456)
[SKIP] Execute-fault RIP=0x7ffc871f9240 direct-stack-fallback -> 0x1411e42da (n=6295552)
[SKIP] Execute-fault RIP=0x7ffc871f9240 direct-stack-fallback -> 0x1411e42da (n=6299648)
[SKIP] Execute-fault RIP=0x7ffc871f9240 direct-stack-fallback -> 0x1411e42da (n=6303744)
[SKIP] Execute-fault RIP=0x7ffc871f9240 direct-stack-fallback -> 0x1411e42da (n=6307840)
[SKIP] Execute-fault RIP=0x7ffc871f9240 direct-stack-fallback -> 0x1411e42da (n=6311936)
[SKIP] Execute-fault RIP=0x7ffc871f9240 direct-stack-fallback -> 0x1411e42da (n=6316032)
[SKIP] Execute-fault RIP=0x7ffc871f9240 direct-stack-fallback -> 0x1411e42da (n=6320128)
[SKIP] Execute-fault RIP=0x7ffc871f9240 direct-stack-fallback -> 0x1411e42da (n=6324224)
[SKIP] Execute-fault RIP=0x7ffc871f9240 direct-stack-fallback -> 0x1411e42da (n=6328320)
[SKIP] Execute-fault RIP=0x7ffc871f9240 direct-stack-fallback -> 0x1411e42da (n=6332416)
[SKIP] Execute-fault RIP=0x7ffc871f9240 direct-stack-fallback -> 0x1411e42da (n=6336512)
[SKIP] Execute-fault RIP=0x7ffc871f9240 direct-stack-fallback -> 0x1411e42da (n=6340608)
[SKIP] Execute-fault RIP=0x7ffc871f9240 direct-stack-fallback -> 0x1411e42da (n=6344704)
[SKIP] Execute-fault RIP=0x7ffc871f9240 direct-stack-fallback -> 0x1411e42da (n=6348800)
[SKIP] Execute-fault RIP=0x7ffc871f9240 direct-stack-fallback -> 0x1411e42da (n=6352896)
[SKIP] Execute-fault RIP=0x7ffc871f9240 direct-stack-fallback -> 0x1411e42da (n=6356992)
[SKIP] Execute-fault RIP=0x7ffc871f9240 direct-stack-fallback -> 0x1411e42da (n=6361088)
[SKIP] Execute-fault RIP=0x7ffc871f9240 direct-stack-fallback -> 0x1411e42da (n=6365184)
[SKIP] Execute-fault RIP=0x7ffc871f9240 direct-stack-fallback -> 0x1411e42da (n=6369280)
[SKIP] Execute-fault RIP=0x7ffc871f9240 direct-stack-fallback -> 0x1411e42da (n=6373376)
[SKIP] Execute-fault RIP=0x7ffc871f9240 direct-stack-fallback -> 0x1411e42da (n=6377472)
[SKIP] Execute-fault RIP=0x7ffc871f9240 direct-stack-fallback -> 0x1411e42da (n=6381568)
[SKIP] Execute-fault RIP=0x7ffc871f9240 direct-stack-fallback -> 0x1411e42da (n=6385664)
[SKIP] Execute-fault RIP=0x7ffc871f9240 direct-stack-fallback -> 0x1411e42da (n=6389760)
[SKIP] Execute-fault RIP=0x7ffc871f9240 direct-stack-fallback -> 0x1411e42da (n=6393856)
[SKIP] Execute-fault RIP=0x7ffc871f9240 direct-stack-fallback -> 0x1411e42da (n=6397952)
[SKIP] Execute-fault RIP=0x7ffc871f9240 direct-stack-fallback -> 0x1411e42da (n=6402048)
[SKIP] Execute-fault RIP=0x7ffc871f9240 direct-stack-fallback -> 0x1411e42da (n=6406144)
[SKIP] Execute-fault RIP=0x7ffc871f9240 direct-stack-fallback -> 0x1411e42da (n=6410240)
[SKIP] Execute-fault RIP=0x7ffc871f9240 direct-stack-fallback -> 0x1411e42da (n=6414336)
[SKIP] Execute-fault RIP=0x7ffc871f9240 direct-stack-fallback -> 0x1411e42da (n=6418432)
[SKIP] Execute-fault RIP=0x7ffc871f9240 direct-stack-fallback -> 0x1411e42da (n=6422528)
[SKIP] Execute-fault RIP=0x7ffc871f9240 direct-stack-fallback -> 0x1411e42da (n=6426624)
[SKIP] Execute-fault RIP=0x7ffc871f9240 direct-stack-fallback -> 0x1411e42da (n=6430720)
[SKIP] Execute-fault RIP=0x7ffc871f9240 direct-stack-fallback -> 0x1411e42da (n=6434816)
[SKIP] Execute-fault RIP=0x7ffc871f9240 direct-stack-fallback -> 0x1411e42da (n=6438912)
[SKIP] Execute-fault RIP=0x7ffc871f9240 direct-stack-fallback -> 0x1411e42da (n=6443008)
[SKIP] Execute-fault RIP=0x7ffc871f9240 direct-stack-fallback -> 0x1411e42da (n=6447104)
[SKIP] Execute-fault RIP=0x7ffc871f9240 direct-stack-fallback -> 0x1411e42da (n=6451200)
[SKIP] Execute-fault RIP=0x7ffc871f9240 direct-stack-fallback -> 0x1411e42da (n=6455296)
[SKIP] Execute-fault RIP=0x7ffc871f9240 direct-stack-fallback -> 0x1411e42da (n=6459392)
[SKIP] Execute-fault RIP=0x7ffc871f9240 direct-stack-fallback -> 0x1411e42da (n=6463488)
[SKIP] Execute-fault RIP=0x7ffc871f9240 direct-stack-fallback -> 0x1411e42da (n=6467584)
[SKIP] Execute-fault RIP=0x7ffc871f9240 direct-stack-fallback -> 0x1411e42da (n=6471680)
[SKIP] Execute-fault RIP=0x7ffc871f9240 direct-stack-fallback -> 0x1411e42da (n=6475776)
[SKIP] Execute-fault RIP=0x7ffc871f9240 direct-stack-fallback -> 0x1411e42da (n=6479872)
[SKIP] Execute-fault RIP=0x7ffc871f9240 direct-stack-fallback -> 0x1411e42da (n=6483968)
[SKIP] Execute-fault RIP=0x7ffc871f9240 direct-stack-fallback -> 0x1411e42da (n=6488064)
[SKIP] Execute-fault RIP=0x7ffc871f9240 direct-stack-fallback -> 0x1411e42da (n=6492160)
[SKIP] Execute-fault RIP=0x7ffc871f9240 direct-stack-fallback -> 0x1411e42da (n=6496256)
[SKIP] Execute-fault RIP=0x7ffc871f9240 direct-stack-fallback -> 0x1411e42da (n=6500352)
[SKIP] Execute-fault RIP=0x7ffc871f9240 direct-stack-fallback -> 0x1411e42da (n=6504448)
[SKIP] Execute-fault RIP=0x7ffc871f9240 direct-stack-fallback -> 0x1411e42da (n=6508544)
[SKIP] Execute-fault RIP=0x7ffc871f9240 direct-stack-fallback -> 0x1411e42da (n=6512640)
[SKIP] Execute-fault RIP=0x7ffc871f9240 direct-stack-fallback -> 0x1411e42da (n=6516736)
[SKIP] Execute-fault RIP=0x7ffc871f9240 direct-stack-fallback -> 0x1411e42da (n=6520832)
[SKIP] Execute-fault RIP=0x7ffc871f9240 direct-stack-fallback -> 0x1411e42da (n=6524928)
[SKIP] Execute-fault RIP=0x7ffc871f9240 direct-stack-fallback -> 0x1411e42da (n=6529024)
[SKIP] Execute-fault RIP=0x7ffc871f9240 direct-stack-fallback -> 0x1411e42da (n=6533120)
[SKIP] Execute-fault RIP=0x7ffc871f9240 direct-stack-fallback -> 0x1411e42da (n=6537216)
[SKIP] Execute-fault RIP=0x7ffc871f9240 direct-stack-fallback -> 0x1411e42da (n=6541312)
[SKIP] Execute-fault RIP=0x7ffc871f9240 direct-stack-fallback -> 0x1411e42da (n=6545408)
[SKIP] Execute-fault RIP=0x7ffc871f9240 direct-stack-fallback -> 0x1411e42da (n=6549504)
[SKIP] Execute-fault RIP=0x7ffc871f9240 direct-stack-fallback -> 0x1411e42da (n=6553600)
[SKIP] Execute-fault RIP=0x7ffc871f9240 direct-stack-fallback -> 0x1411e42da (n=6557696)
[SKIP] Execute-fault RIP=0x7ffc871f9240 direct-stack-fallback -> 0x1411e42da (n=6561792)
[SKIP] Execute-fault RIP=0x7ffc871f9240 direct-stack-fallback -> 0x1411e42da (n=6565888)
[SKIP] Execute-fault RIP=0x7ffc871f9240 direct-stack-fallback -> 0x1411e42da (n=6569984)
[SKIP] Execute-fault RIP=0x7ffc871f9240 direct-stack-fallback -> 0x1411e42da (n=6574080)
[SKIP] Execute-fault RIP=0x7ffc871f9240 direct-stack-fallback -> 0x1411e42da (n=6578176)
[SKIP] Execute-fault RIP=0x7ffc871f9240 direct-stack-fallback -> 0x1411e42da (n=6582272)
[SKIP] Execute-fault RIP=0x7ffc871f9240 direct-stack-fallback -> 0x1411e42da (n=6586368)
[SKIP] Execute-fault RIP=0x7ffc871f9240 direct-stack-fallback -> 0x1411e42da (n=6590464)
[SKIP] Execute-fault RIP=0x7ffc871f9240 direct-stack-fallback -> 0x1411e42da (n=6594560)
[SKIP] Execute-fault RIP=0x7ffc871f9240 direct-stack-fallback -> 0x1411e42da (n=6598656)
[SKIP] Execute-fault RIP=0x7ffc871f9240 direct-stack-fallback -> 0x1411e42da (n=6602752)
[SKIP] Execute-fault RIP=0x7ffc871f9240 direct-stack-fallback -> 0x1411e42da (n=6606848)
[SKIP] Execute-fault RIP=0x7ffc871f9240 direct-stack-fallback -> 0x1411e42da (n=6610944)
[SKIP] Execute-fault RIP=0x7ffc871f9240 direct-stack-fallback -> 0x1411e42da (n=6615040)
[SKIP] Execute-fault RIP=0x7ffc871f9240 direct-stack-fallback -> 0x1411e42da (n=6619136)
[SKIP] Execute-fault RIP=0x7ffc871f9240 direct-stack-fallback -> 0x1411e42da (n=6623232)
[SKIP] Execute-fault RIP=0x7ffc871f9240 direct-stack-fallback -> 0x1411e42da (n=6627328)
[SKIP] Execute-fault RIP=0x7ffc871f9240 direct-stack-fallback -> 0x1411e42da (n=6631424)
[SKIP] Execute-fault RIP=0x7ffc871f9240 direct-stack-fallback -> 0x1411e42da (n=6635520)
[SKIP] Execute-fault RIP=0x7ffc871f9240 direct-stack-fallback -> 0x1411e42da (n=6639616)
[SKIP] Execute-fault RIP=0x7ffc871f9240 direct-stack-fallback -> 0x1411e42da (n=6643712)
[SKIP] Execute-fault RIP=0x7ffc871f9240 direct-stack-fallback -> 0x1411e42da (n=6647808)
[SKIP] Execute-fault RIP=0x7ffc871f9240 direct-stack-fallback -> 0x1411e42da (n=6651904)
[SKIP] Execute-fault RIP=0x7ffc871f9240 direct-stack-fallback -> 0x1411e42da (n=6656000)
[SKIP] Execute-fault RIP=0x7ffc871f9240 direct-stack-fallback -> 0x1411e42da (n=6660096)
[SKIP] Execute-fault RIP=0x7ffc871f9240 direct-stack-fallback -> 0x1411e42da (n=6664192)
[SKIP] Execute-fault RIP=0x7ffc871f9240 direct-stack-fallback -> 0x1411e42da (n=6668288)
[SKIP] Execute-fault RIP=0x7ffc871f9240 direct-stack-fallback -> 0x1411e42da (n=6672384)
[SKIP] Execute-fault RIP=0x7ffc871f9240 direct-stack-fallback -> 0x1411e42da (n=6676480)
[SKIP] Execute-fault RIP=0x7ffc871f9240 direct-stack-fallback -> 0x1411e42da (n=6680576)
[SKIP] Execute-fault RIP=0x7ffc871f9240 direct-stack-fallback -> 0x1411e42da (n=6684672)
[SKIP] Execute-fault RIP=0x7ffc871f9240 direct-stack-fallback -> 0x1411e42da (n=6688768)
[SKIP] Execute-fault RIP=0x7ffc871f9240 direct-stack-fallback -> 0x1411e42da (n=6692864)
[SKIP] Execute-fault RIP=0x7ffc871f9240 direct-stack-fallback -> 0x1411e42da (n=6696960)
[SKIP] Execute-fault RIP=0x7ffc871f9240 direct-stack-fallback -> 0x1411e42da (n=6701056)
[SKIP] Execute-fault RIP=0x7ffc871f9240 direct-stack-fallback -> 0x1411e42da (n=6705152)
[SKIP] Execute-fault RIP=0x7ffc871f9240 direct-stack-fallback -> 0x1411e42da (n=6709248)
[SKIP] Execute-fault RIP=0x7ffc871f9240 direct-stack-fallback -> 0x1411e42da (n=6713344)
[SKIP] Execute-fault RIP=0x7ffc871f9240 direct-stack-fallback -> 0x1411e42da (n=6717440)
[SKIP] Execute-fault RIP=0x7ffc871f9240 direct-stack-fallback -> 0x1411e42da (n=6721536)
[SKIP] Execute-fault RIP=0x7ffc871f9240 direct-stack-fallback -> 0x1411e42da (n=6725632)
[SKIP] Execute-fault RIP=0x7ffc871f9240 direct-stack-fallback -> 0x1411e42da (n=6729728)
[SKIP] Execute-fault RIP=0x7ffc871f9240 direct-stack-fallback -> 0x1411e42da (n=6733824)
[SKIP] Execute-fault RIP=0x7ffc871f9240 direct-stack-fallback -> 0x1411e42da (n=6737920)
[SKIP] Execute-fault RIP=0x7ffc871f9240 direct-stack-fallback -> 0x1411e42da (n=6742016)
[SKIP] Execute-fault RIP=0x7ffc871f9240 direct-stack-fallback -> 0x1411e42da (n=6746112)
[SKIP] Execute-fault RIP=0x7ffc871f9240 direct-stack-fallback -> 0x1411e42da (n=6750208)
[SKIP] Execute-fault RIP=0x7ffc871f9240 direct-stack-fallback -> 0x1411e42da (n=6754304)
[SKIP] Execute-fault RIP=0x7ffc871f9240 direct-stack-fallback -> 0x1411e42da (n=6758400)
[SKIP] Execute-fault RIP=0x7ffc871f9240 direct-stack-fallback -> 0x1411e42da (n=6762496)
[SKIP] Execute-fault RIP=0x7ffc871f9240 direct-stack-fallback -> 0x1411e42da (n=6766592)
[SKIP] Execute-fault RIP=0x7ffc871f9240 direct-stack-fallback -> 0x1411e42da (n=6770688)
[SKIP] Execute-fault RIP=0x7ffc871f9240 direct-stack-fallback -> 0x1411e42da (n=6774784)
[SKIP] Execute-fault RIP=0x7ffc871f9240 direct-stack-fallback -> 0x1411e42da (n=6778880)
[SKIP] Execute-fault RIP=0x7ffc871f9240 direct-stack-fallback -> 0x1411e42da (n=6782976)
[SKIP] Execute-fault RIP=0x7ffc871f9240 direct-stack-fallback -> 0x1411e42da (n=6787072)
[SKIP] Execute-fault RIP=0x7ffc871f9240 direct-stack-fallback -> 0x1411e42da (n=6791168)
[SKIP] Execute-fault RIP=0x7ffc871f9240 direct-stack-fallback -> 0x1411e42da (n=6795264)
[SKIP] Execute-fault RIP=0x7ffc871f9240 direct-stack-fallback -> 0x1411e42da (n=6799360)
[SKIP] Execute-fault RIP=0x7ffc871f9240 direct-stack-fallback -> 0x1411e42da (n=6803456)
[SKIP] Execute-fault RIP=0x7ffc871f9240 direct-stack-fallback -> 0x1411e42da (n=6807552)
[SKIP] Execute-fault RIP=0x7ffc871f9240 direct-stack-fallback -> 0x1411e42da (n=6811648)
[SKIP] Execute-fault RIP=0x7ffc871f9240 direct-stack-fallback -> 0x1411e42da (n=6815744)
[SKIP] Execute-fault RIP=0x7ffc871f9240 direct-stack-fallback -> 0x1411e42da (n=6819840)
[SKIP] Execute-fault RIP=0x7ffc871f9240 direct-stack-fallback -> 0x1411e42da (n=6823936)
[SKIP] Execute-fault RIP=0x7ffc871f9240 direct-stack-fallback -> 0x1411e42da (n=6828032)
[SKIP] Execute-fault RIP=0x7ffc871f9240 direct-stack-fallback -> 0x1411e42da (n=6832128)
[SKIP] Execute-fault RIP=0x7ffc871f9240 direct-stack-fallback -> 0x1411e42da (n=6836224)
[SKIP] Execute-fault RIP=0x7ffc871f9240 direct-stack-fallback -> 0x1411e42da (n=6840320)
[SKIP] Execute-fault RIP=0x7ffc871f9240 direct-stack-fallback -> 0x1411e42da (n=6844416)
[SKIP] Execute-fault RIP=0x7ffc871f9240 direct-stack-fallback -> 0x1411e42da (n=6848512)
[SKIP] Execute-fault RIP=0x7ffc871f9240 direct-stack-fallback -> 0x1411e42da (n=6852608)
[SKIP] Execute-fault RIP=0x7ffc871f9240 direct-stack-fallback -> 0x1411e42da (n=6856704)
[SKIP] Execute-fault RIP=0x7ffc871f9240 direct-stack-fallback -> 0x1411e42da (n=6860800)
[SKIP] Execute-fault RIP=0x7ffc871f9240 direct-stack-fallback -> 0x1411e42da (n=6864896)
[SKIP] Execute-fault RIP=0x7ffc871f9240 direct-stack-fallback -> 0x1411e42da (n=6868992)
[SKIP] Execute-fault RIP=0x7ffc871f9240 direct-stack-fallback -> 0x1411e42da (n=6873088)
[SKIP] Execute-fault RIP=0x7ffc871f9240 direct-stack-fallback -> 0x1411e42da (n=6877184)
[SKIP] Execute-fault RIP=0x7ffc871f9240 direct-stack-fallback -> 0x1411e42da (n=6881280)
[SKIP] Execute-fault RIP=0x7ffc871f9240 direct-stack-fallback -> 0x1411e42da (n=6885376)
[SKIP] Execute-fault RIP=0x7ffc871f9240 direct-stack-fallback -> 0x1411e42da (n=6889472)
[SKIP] Execute-fault RIP=0x7ffc871f9240 direct-stack-fallback -> 0x1411e42da (n=6893568)
[SKIP] Execute-fault RIP=0x7ffc871f9240 direct-stack-fallback -> 0x1411e42da (n=6897664)
[SKIP] Execute-fault RIP=0x7ffc871f9240 direct-stack-fallback -> 0x1411e42da (n=6901760)
[SKIP] Execute-fault RIP=0x7ffc871f9240 direct-stack-fallback -> 0x1411e42da (n=6905856)
[SKIP] Execute-fault RIP=0x7ffc871f9240 direct-stack-fallback -> 0x1411e42da (n=6909952)
[SKIP] Execute-fault RIP=0x7ffc871f9240 direct-stack-fallback -> 0x1411e42da (n=6914048)
[SKIP] Execute-fault RIP=0x7ffc871f9240 direct-stack-fallback -> 0x1411e42da (n=6918144)
[SKIP] Execute-fault RIP=0x7ffc871f9240 direct-stack-fallback -> 0x1411e42da (n=6922240)
[SKIP] Execute-fault RIP=0x7ffc871f9240 direct-stack-fallback -> 0x1411e42da (n=6926336)
[SKIP] Execute-fault RIP=0x7ffc871f9240 direct-stack-fallback -> 0x1411e42da (n=6930432)
[SKIP] Execute-fault RIP=0x7ffc871f9240 direct-stack-fallback -> 0x1411e42da (n=6934528)
[SKIP] Execute-fault RIP=0x7ffc871f9240 direct-stack-fallback -> 0x1411e42da (n=6938624)
[SKIP] Execute-fault RIP=0x7ffc871f9240 direct-stack-fallback -> 0x1411e42da (n=6942720)
[SKIP] Execute-fault RIP=0x7ffc871f9240 direct-stack-fallback -> 0x1411e42da (n=6946816)
[SKIP] Execute-fault RIP=0x7ffc871f9240 direct-stack-fallback -> 0x1411e42da (n=6950912)
[SKIP] Execute-fault RIP=0x7ffc871f9240 direct-stack-fallback -> 0x1411e42da (n=6955008)
[SKIP] Execute-fault RIP=0x7ffc871f9240 direct-stack-fallback -> 0x1411e42da (n=6959104)
[SKIP] Execute-fault RIP=0x7ffc871f9240 direct-stack-fallback -> 0x1411e42da (n=6963200)
[SKIP] Execute-fault RIP=0x7ffc871f9240 direct-stack-fallback -> 0x1411e42da (n=6967296)
[SKIP] Execute-fault RIP=0x7ffc871f9240 direct-stack-fallback -> 0x1411e42da (n=6971392)
[SKIP] Execute-fault RIP=0x7ffc871f9240 direct-stack-fallback -> 0x1411e42da (n=6975488)
[SKIP] Execute-fault RIP=0x7ffc871f9240 direct-stack-fallback -> 0x1411e42da (n=6979584)
[SKIP] Execute-fault RIP=0x7ffc871f9240 direct-stack-fallback -> 0x1411e42da (n=6983680)
[SKIP] Execute-fault RIP=0x7ffc871f9240 direct-stack-fallback -> 0x1411e42da (n=6987776)
[SKIP] Execute-fault RIP=0x7ffc871f9240 direct-stack-fallback -> 0x1411e42da (n=6991872)
[SKIP] Execute-fault RIP=0x7ffc871f9240 direct-stack-fallback -> 0x1411e42da (n=6995968)
[SKIP] Execute-fault RIP=0x7ffc871f9240 direct-stack-fallback -> 0x1411e42da (n=7000064)
[SKIP] Execute-fault RIP=0x7ffc871f9240 direct-stack-fallback -> 0x1411e42da (n=7004160)
[SKIP] Execute-fault RIP=0x7ffc871f9240 direct-stack-fallback -> 0x1411e42da (n=7008256)
[SKIP] Execute-fault RIP=0x7ffc871f9240 direct-stack-fallback -> 0x1411e42da (n=7012352)
[SKIP] Execute-fault RIP=0x7ffc871f9240 direct-stack-fallback -> 0x1411e42da (n=7016448)
[SKIP] Execute-fault RIP=0x7ffc871f9240 direct-stack-fallback -> 0x1411e42da (n=7020544)
[SKIP] Execute-fault RIP=0x7ffc871f9240 direct-stack-fallback -> 0x1411e42da (n=7024640)
[SKIP] Execute-fault RIP=0x7ffc871f9240 direct-stack-fallback -> 0x1411e42da (n=7028736)
[SKIP] Execute-fault RIP=0x7ffc871f9240 direct-stack-fallback -> 0x1411e42da (n=7032832)
[SKIP] Execute-fault RIP=0x7ffc871f9240 direct-stack-fallback -> 0x1411e42da (n=7036928)
[SKIP] Execute-fault RIP=0x7ffc871f9240 direct-stack-fallback -> 0x1411e42da (n=7041024)
[SKIP] Execute-fault RIP=0x7ffc871f9240 direct-stack-fallback -> 0x1411e42da (n=7045120)
[SKIP] Execute-fault RIP=0x7ffc871f9240 direct-stack-fallback -> 0x1411e42da (n=7049216)
[SKIP] Execute-fault RIP=0x7ffc871f9240 direct-stack-fallback -> 0x1411e42da (n=7053312)
[SKIP] Execute-fault RIP=0x7ffc871f9240 direct-stack-fallback -> 0x1411e42da (n=7057408)
[SKIP] Execute-fault RIP=0x7ffc871f9240 direct-stack-fallback -> 0x1411e42da (n=7061504)
[SKIP] Execute-fault RIP=0x7ffc871f9240 direct-stack-fallback -> 0x1411e42da (n=7065600)
[SKIP] Execute-fault RIP=0x7ffc871f9240 direct-stack-fallback -> 0x1411e42da (n=7069696)
[SKIP] Execute-fault RIP=0x7ffc871f9240 direct-stack-fallback -> 0x1411e42da (n=7073792)
[SKIP] Execute-fault RIP=0x7ffc871f9240 direct-stack-fallback -> 0x1411e42da (n=7077888)
[SKIP] Execute-fault RIP=0x7ffc871f9240 direct-stack-fallback -> 0x1411e42da (n=7081984)
[SKIP] Execute-fault RIP=0x7ffc871f9240 direct-stack-fallback -> 0x1411e42da (n=7086080)
[SKIP] Execute-fault RIP=0x7ffc871f9240 direct-stack-fallback -> 0x1411e42da (n=7090176)
[SKIP] Execute-fault RIP=0x7ffc871f9240 direct-stack-fallback -> 0x1411e42da (n=7094272)
[SKIP] Execute-fault RIP=0x7ffc871f9240 direct-stack-fallback -> 0x1411e42da (n=7098368)
[SKIP] Execute-fault RIP=0x7ffc871f9240 direct-stack-fallback -> 0x1411e42da (n=7102464)
[SKIP] Execute-fault RIP=0x7ffc871f9240 direct-stack-fallback -> 0x1411e42da (n=7106560)
[SKIP] Execute-fault RIP=0x7ffc871f9240 direct-stack-fallback -> 0x1411e42da (n=7110656)
[SKIP] Execute-fault RIP=0x7ffc871f9240 direct-stack-fallback -> 0x1411e42da (n=7114752)
[SKIP] Execute-fault RIP=0x7ffc871f9240 direct-stack-fallback -> 0x1411e42da (n=7118848)
[SKIP] Execute-fault RIP=0x7ffc871f9240 direct-stack-fallback -> 0x1411e42da (n=7122944)
[SKIP] Execute-fault RIP=0x7ffc871f9240 direct-stack-fallback -> 0x1411e42da (n=7127040)
[SKIP] Execute-fault RIP=0x7ffc871f9240 direct-stack-fallback -> 0x1411e42da (n=7131136)
[SKIP] Execute-fault RIP=0x7ffc871f9240 direct-stack-fallback -> 0x1411e42da (n=7135232)
[SKIP] Execute-fault RIP=0x7ffc871f9240 direct-stack-fallback -> 0x1411e42da (n=7139328)
[SKIP] Execute-fault RIP=0x7ffc871f9240 direct-stack-fallback -> 0x1411e42da (n=7143424)
[SKIP] Execute-fault RIP=0x7ffc871f9240 direct-stack-fallback -> 0x1411e42da (n=7147520)
[SKIP] Execute-fault RIP=0x7ffc871f9240 direct-stack-fallback -> 0x1411e42da (n=7151616)
[SKIP] Execute-fault RIP=0x7ffc871f9240 direct-stack-fallback -> 0x1411e42da (n=7155712)
[SKIP] Execute-fault RIP=0x7ffc871f9240 direct-stack-fallback -> 0x1411e42da (n=7159808)
[SKIP] Execute-fault RIP=0x7ffc871f9240 direct-stack-fallback -> 0x1411e42da (n=7163904)
[SKIP] Execute-fault RIP=0x7ffc871f9240 direct-stack-fallback -> 0x1411e42da (n=7168000)
[SKIP] Execute-fault RIP=0x7ffc871f9240 direct-stack-fallback -> 0x1411e42da (n=7172096)
[SKIP] Execute-fault RIP=0x7ffc871f9240 direct-stack-fallback -> 0x1411e42da (n=7176192)
[SKIP] Execute-fault RIP=0x7ffc871f9240 direct-stack-fallback -> 0x1411e42da (n=7180288)
[SKIP] Execute-fault RIP=0x7ffc871f9240 direct-stack-fallback -> 0x1411e42da (n=7184384)
[SKIP] Execute-fault RIP=0x7ffc871f9240 direct-stack-fallback -> 0x1411e42da (n=7188480)
[SKIP] Execute-fault RIP=0x7ffc871f9240 direct-stack-fallback -> 0x1411e42da (n=7192576)
[SKIP] Execute-fault RIP=0x7ffc871f9240 direct-stack-fallback -> 0x1411e42da (n=7196672)
[SKIP] Execute-fault RIP=0x7ffc871f9240 direct-stack-fallback -> 0x1411e42da (n=7200768)
[SKIP] Execute-fault RIP=0x7ffc871f9240 direct-stack-fallback -> 0x1411e42da (n=7204864)
[SKIP] Execute-fault RIP=0x7ffc871f9240 direct-stack-fallback -> 0x1411e42da (n=7208960)
[SKIP] Execute-fault RIP=0x7ffc871f9240 direct-stack-fallback -> 0x1411e42da (n=7213056)
[SKIP] Execute-fault RIP=0x7ffc871f9240 direct-stack-fallback -> 0x1411e42da (n=7217152)
[SKIP] Execute-fault RIP=0x7ffc871f9240 direct-stack-fallback -> 0x1411e42da (n=7221248)
[SKIP] Execute-fault RIP=0x7ffc871f9240 direct-stack-fallback -> 0x1411e42da (n=7225344)
[SKIP] Execute-fault RIP=0x7ffc871f9240 direct-stack-fallback -> 0x1411e42da (n=7229440)
[SKIP] Execute-fault RIP=0x7ffc871f9240 direct-stack-fallback -> 0x1411e42da (n=7233536)
[SKIP] Execute-fault RIP=0x7ffc871f9240 direct-stack-fallback -> 0x1411e42da (n=7237632)
[SKIP] Execute-fault RIP=0x7ffc871f9240 direct-stack-fallback -> 0x1411e42da (n=7241728)
[SKIP] Execute-fault RIP=0x7ffc871f9240 direct-stack-fallback -> 0x1411e42da (n=7245824)
[SKIP] Execute-fault RIP=0x7ffc871f9240 direct-stack-fallback -> 0x1411e42da (n=7249920)
[SKIP] Execute-fault RIP=0x7ffc871f9240 direct-stack-fallback -> 0x1411e42da (n=7254016)
[SKIP] Execute-fault RIP=0x7ffc871f9240 direct-stack-fallback -> 0x1411e42da (n=7258112)
[SKIP] Execute-fault RIP=0x7ffc871f9240 direct-stack-fallback -> 0x1411e42da (n=7262208)
[SKIP] Execute-fault RIP=0x7ffc871f9240 direct-stack-fallback -> 0x1411e42da (n=7266304)
[SKIP] Execute-fault RIP=0x7ffc871f9240 direct-stack-fallback -> 0x1411e42da (n=7270400)
[SKIP] Execute-fault RIP=0x7ffc871f9240 direct-stack-fallback -> 0x1411e42da (n=7274496)
[SKIP] Execute-fault RIP=0x7ffc871f9240 direct-stack-fallback -> 0x1411e42da (n=7278592)
[SKIP] Execute-fault RIP=0x7ffc871f9240 direct-stack-fallback -> 0x1411e42da (n=7282688)
[SKIP] Execute-fault RIP=0x7ffc871f9240 direct-stack-fallback -> 0x1411e42da (n=7286784)
[SKIP] Execute-fault RIP=0x7ffc871f9240 direct-stack-fallback -> 0x1411e42da (n=7290880)
[SKIP] Execute-fault RIP=0x7ffc871f9240 direct-stack-fallback -> 0x1411e42da (n=7294976)
[SKIP] Execute-fault RIP=0x7ffc871f9240 direct-stack-fallback -> 0x1411e42da (n=7299072)
[SKIP] Execute-fault RIP=0x7ffc871f9240 direct-stack-fallback -> 0x1411e42da (n=7303168)
[SKIP] Execute-fault RIP=0x7ffc871f9240 direct-stack-fallback -> 0x1411e42da (n=7307264)
[SKIP] Execute-fault RIP=0x7ffc871f9240 direct-stack-fallback -> 0x1411e42da (n=7311360)
[SKIP] Execute-fault RIP=0x7ffc871f9240 direct-stack-fallback -> 0x1411e42da (n=7315456)
[SKIP] Execute-fault RIP=0x7ffc871f9240 direct-stack-fallback -> 0x1411e42da (n=7319552)
[SKIP] Execute-fault RIP=0x7ffc871f9240 direct-stack-fallback -> 0x1411e42da (n=7323648)
[SKIP] Execute-fault RIP=0x7ffc871f9240 direct-stack-fallback -> 0x1411e42da (n=7327744)
[SKIP] Execute-fault RIP=0x7ffc871f9240 direct-stack-fallback -> 0x1411e42da (n=7331840)
[SKIP] Execute-fault RIP=0x7ffc871f9240 direct-stack-fallback -> 0x1411e42da (n=7335936)
[SKIP] Execute-fault RIP=0x7ffc871f9240 direct-stack-fallback -> 0x1411e42da (n=7340032)
[SKIP] Execute-fault RIP=0x7ffc871f9240 direct-stack-fallback -> 0x1411e42da (n=7344128)
[SKIP] Execute-fault RIP=0x7ffc871f9240 direct-stack-fallback -> 0x1411e42da (n=7348224)
[SKIP] Execute-fault RIP=0x7ffc871f9240 direct-stack-fallback -> 0x1411e42da (n=7352320)
[SKIP] Execute-fault RIP=0x7ffc871f9240 direct-stack-fallback -> 0x1411e42da (n=7356416)
[SKIP] Execute-fault RIP=0x7ffc871f9240 direct-stack-fallback -> 0x1411e42da (n=7360512)
[SKIP] Execute-fault RIP=0x7ffc871f9240 direct-stack-fallback -> 0x1411e42da (n=7364608)
[SKIP] Execute-fault RIP=0x7ffc871f9240 direct-stack-fallback -> 0x1411e42da (n=7368704)
[SKIP] Execute-fault RIP=0x7ffc871f9240 direct-stack-fallback -> 0x1411e42da (n=7372800)
[SKIP] Execute-fault RIP=0x7ffc871f9240 direct-stack-fallback -> 0x1411e42da (n=7376896)
[SKIP] Execute-fault RIP=0x7ffc871f9240 direct-stack-fallback -> 0x1411e42da (n=7380992)
[SKIP] Execute-fault RIP=0x7ffc871f9240 direct-stack-fallback -> 0x1411e42da (n=7385088)
[SKIP] Execute-fault RIP=0x7ffc871f9240 direct-stack-fallback -> 0x1411e42da (n=7389184)
[SKIP] Execute-fault RIP=0x7ffc871f9240 direct-stack-fallback -> 0x1411e42da (n=7393280)
[SKIP] Execute-fault RIP=0x7ffc871f9240 direct-stack-fallback -> 0x1411e42da (n=7397376)
[SKIP] Execute-fault RIP=0x7ffc871f9240 direct-stack-fallback -> 0x1411e42da (n=7401472)
[SKIP] Execute-fault RIP=0x7ffc871f9240 direct-stack-fallback -> 0x1411e42da (n=7405568)
[SKIP] Execute-fault RIP=0x7ffc871f9240 direct-stack-fallback -> 0x1411e42da (n=7409664)
[SKIP] Execute-fault RIP=0x7ffc871f9240 direct-stack-fallback -> 0x1411e42da (n=7413760)
[SKIP] Execute-fault RIP=0x7ffc871f9240 direct-stack-fallback -> 0x1411e42da (n=7417856)
[SKIP] Execute-fault RIP=0x7ffc871f9240 direct-stack-fallback -> 0x1411e42da (n=7421952)
[SKIP] Execute-fault RIP=0x7ffc871f9240 direct-stack-fallback -> 0x1411e42da (n=7426048)
[SKIP] Execute-fault RIP=0x7ffc871f9240 direct-stack-fallback -> 0x1411e42da (n=7430144)
[SKIP] Execute-fault RIP=0x7ffc871f9240 direct-stack-fallback -> 0x1411e42da (n=7434240)
[SKIP] Execute-fault RIP=0x7ffc871f9240 direct-stack-fallback -> 0x1411e42da (n=7438336)
[SKIP] Execute-fault RIP=0x7ffc871f9240 direct-stack-fallback -> 0x1411e42da (n=7442432)
[SKIP] Execute-fault RIP=0x7ffc871f9240 direct-stack-fallback -> 0x1411e42da (n=7446528)
[SKIP] Execute-fault RIP=0x7ffc871f9240 direct-stack-fallback -> 0x1411e42da (n=7450624)
[SKIP] Execute-fault RIP=0x7ffc871f9240 direct-stack-fallback -> 0x1411e42da (n=7454720)
[SKIP] Execute-fault RIP=0x7ffc871f9240 direct-stack-fallback -> 0x1411e42da (n=7458816)
[SKIP] Execute-fault RIP=0x7ffc871f9240 direct-stack-fallback -> 0x1411e42da (n=7462912)
[SKIP] Execute-fault RIP=0x7ffc871f9240 direct-stack-fallback -> 0x1411e42da (n=7467008)
[SKIP] Execute-fault RIP=0x7ffc871f9240 direct-stack-fallback -> 0x1411e42da (n=7471104)
[SKIP] Execute-fault RIP=0x7ffc871f9240 direct-stack-fallback -> 0x1411e42da (n=7475200)
[SKIP] Execute-fault RIP=0x7ffc871f9240 direct-stack-fallback -> 0x1411e42da (n=7479296)
[SKIP] Execute-fault RIP=0x7ffc871f9240 direct-stack-fallback -> 0x1411e42da (n=7483392)
[SKIP] Execute-fault RIP=0x7ffc871f9240 direct-stack-fallback -> 0x1411e42da (n=7487488)
[SKIP] Execute-fault RIP=0x7ffc871f9240 direct-stack-fallback -> 0x1411e42da (n=7491584)
[SKIP] Execute-fault RIP=0x7ffc871f9240 direct-stack-fallback -> 0x1411e42da (n=7495680)
[SKIP] Execute-fault RIP=0x7ffc871f9240 direct-stack-fallback -> 0x1411e42da (n=7499776)
[SKIP] Execute-fault RIP=0x7ffc871f9240 direct-stack-fallback -> 0x1411e42da (n=7503872)
[SKIP] Execute-fault RIP=0x7ffc871f9240 direct-stack-fallback -> 0x1411e42da (n=7507968)
[SKIP] Execute-fault RIP=0x7ffc871f9240 direct-stack-fallback -> 0x1411e42da (n=7512064)
[SKIP] Execute-fault RIP=0x7ffc871f9240 direct-stack-fallback -> 0x1411e42da (n=7516160)
[SKIP] Execute-fault RIP=0x7ffc871f9240 direct-stack-fallback -> 0x1411e42da (n=7520256)
[SKIP] Execute-fault RIP=0x7ffc871f9240 direct-stack-fallback -> 0x1411e42da (n=7524352)
[SKIP] Execute-fault RIP=0x7ffc871f9240 direct-stack-fallback -> 0x1411e42da (n=7528448)
[SKIP] Execute-fault RIP=0x7ffc871f9240 direct-stack-fallback -> 0x1411e42da (n=7532544)
[SKIP] Execute-fault RIP=0x7ffc871f9240 direct-stack-fallback -> 0x1411e42da (n=7536640)
[SKIP] Execute-fault RIP=0x7ffc871f9240 direct-stack-fallback -> 0x1411e42da (n=7540736)
[SKIP] Execute-fault RIP=0x7ffc871f9240 direct-stack-fallback -> 0x1411e42da (n=7544832)
[SKIP] Execute-fault RIP=0x7ffc871f9240 direct-stack-fallback -> 0x1411e42da (n=7548928)
[SKIP] Execute-fault RIP=0x7ffc871f9240 direct-stack-fallback -> 0x1411e42da (n=7553024)
[SKIP] Execute-fault RIP=0x7ffc871f9240 direct-stack-fallback -> 0x1411e42da (n=7557120)
[SKIP] Execute-fault RIP=0x7ffc871f9240 direct-stack-fallback -> 0x1411e42da (n=7561216)
[SKIP] Execute-fault RIP=0x7ffc871f9240 direct-stack-fallback -> 0x1411e42da (n=7565312)
[SKIP] Execute-fault RIP=0x7ffc871f9240 direct-stack-fallback -> 0x1411e42da (n=7569408)
[SKIP] Execute-fault RIP=0x7ffc871f9240 direct-stack-fallback -> 0x1411e42da (n=7573504)
[SKIP] Execute-fault RIP=0x7ffc871f9240 direct-stack-fallback -> 0x1411e42da (n=7577600)
[SKIP] Execute-fault RIP=0x7ffc871f9240 direct-stack-fallback -> 0x1411e42da (n=7581696)
[SKIP] Execute-fault RIP=0x7ffc871f9240 direct-stack-fallback -> 0x1411e42da (n=7585792)
[SKIP] Execute-fault RIP=0x7ffc871f9240 direct-stack-fallback -> 0x1411e42da (n=7589888)
[SKIP] Execute-fault RIP=0x7ffc871f9240 direct-stack-fallback -> 0x1411e42da (n=7593984)
[SKIP] Execute-fault RIP=0x7ffc871f9240 direct-stack-fallback -> 0x1411e42da (n=7598080)
[SKIP] Execute-fault RIP=0x7ffc871f9240 direct-stack-fallback -> 0x1411e42da (n=7602176)
[SKIP] Execute-fault RIP=0x7ffc871f9240 direct-stack-fallback -> 0x1411e42da (n=7606272)
[SKIP] Execute-fault RIP=0x7ffc871f9240 direct-stack-fallback -> 0x1411e42da (n=7610368)
[SKIP] Execute-fault RIP=0x7ffc871f9240 direct-stack-fallback -> 0x1411e42da (n=7614464)
[SKIP] Execute-fault RIP=0x7ffc871f9240 direct-stack-fallback -> 0x1411e42da (n=7618560)
[SKIP] Execute-fault RIP=0x7ffc871f9240 direct-stack-fallback -> 0x1411e42da (n=7622656)
[SKIP] Execute-fault RIP=0x7ffc871f9240 direct-stack-fallback -> 0x1411e42da (n=7626752)
[SKIP] Execute-fault RIP=0x7ffc871f9240 direct-stack-fallback -> 0x1411e42da (n=7630848)
[SKIP] Execute-fault RIP=0x7ffc871f9240 direct-stack-fallback -> 0x1411e42da (n=7634944)
[SKIP] Execute-fault RIP=0x7ffc871f9240 direct-stack-fallback -> 0x1411e42da (n=7639040)
[SKIP] Execute-fault RIP=0x7ffc871f9240 direct-stack-fallback -> 0x1411e42da (n=7643136)
[SKIP] Execute-fault RIP=0x7ffc871f9240 direct-stack-fallback -> 0x1411e42da (n=7647232)
[SKIP] Execute-fault RIP=0x7ffc871f9240 direct-stack-fallback -> 0x1411e42da (n=7651328)
[SKIP] Execute-fault RIP=0x7ffc871f9240 direct-stack-fallback -> 0x1411e42da (n=7655424)
[SKIP] Execute-fault RIP=0x7ffc871f9240 direct-stack-fallback -> 0x1411e42da (n=7659520)
[SKIP] Execute-fault RIP=0x7ffc871f9240 direct-stack-fallback -> 0x1411e42da (n=7663616)
[SKIP] Execute-fault RIP=0x7ffc871f9240 direct-stack-fallback -> 0x1411e42da (n=7667712)
[SKIP] Execute-fault RIP=0x7ffc871f9240 direct-stack-fallback -> 0x1411e42da (n=7671808)
[SKIP] Execute-fault RIP=0x7ffc871f9240 direct-stack-fallback -> 0x1411e42da (n=7675904)
[SKIP] Execute-fault RIP=0x7ffc871f9240 direct-stack-fallback -> 0x1411e42da (n=7680000)
[SKIP] Execute-fault RIP=0x7ffc871f9240 direct-stack-fallback -> 0x1411e42da (n=7684096)
[SKIP] Execute-fault RIP=0x7ffc871f9240 direct-stack-fallback -> 0x1411e42da (n=7688192)
[SKIP] Execute-fault RIP=0x7ffc871f9240 direct-stack-fallback -> 0x1411e42da (n=7692288)
[SKIP] Execute-fault RIP=0x7ffc871f9240 direct-stack-fallback -> 0x1411e42da (n=7696384)
[SKIP] Execute-fault RIP=0x7ffc871f9240 direct-stack-fallback -> 0x1411e42da (n=7700480)
[SKIP] Execute-fault RIP=0x7ffc871f9240 direct-stack-fallback -> 0x1411e42da (n=7704576)
[SKIP] Execute-fault RIP=0x7ffc871f9240 direct-stack-fallback -> 0x1411e42da (n=7708672)
[SKIP] Execute-fault RIP=0x7ffc871f9240 direct-stack-fallback -> 0x1411e42da (n=7712768)
[SKIP] Execute-fault RIP=0x7ffc871f9240 direct-stack-fallback -> 0x1411e42da (n=7716864)
[SKIP] Execute-fault RIP=0x7ffc871f9240 direct-stack-fallback -> 0x1411e42da (n=7720960)
[SKIP] Execute-fault RIP=0x7ffc871f9240 direct-stack-fallback -> 0x1411e42da (n=7725056)
[SKIP] Execute-fault RIP=0x7ffc871f9240 direct-stack-fallback -> 0x1411e42da (n=7729152)
[SKIP] Execute-fault RIP=0x7ffc871f9240 direct-stack-fallback -> 0x1411e42da (n=7733248)
[SKIP] Execute-fault RIP=0x7ffc871f9240 direct-stack-fallback -> 0x1411e42da (n=7737344)
[SKIP] Execute-fault RIP=0x7ffc871f9240 direct-stack-fallback -> 0x1411e42da (n=7741440)
[SKIP] Execute-fault RIP=0x7ffc871f9240 direct-stack-fallback -> 0x1411e42da (n=7745536)
[SKIP] Execute-fault RIP=0x7ffc871f9240 direct-stack-fallback -> 0x1411e42da (n=7749632)
[SKIP] Execute-fault RIP=0x7ffc871f9240 direct-stack-fallback -> 0x1411e42da (n=7753728)
[SKIP] Execute-fault RIP=0x7ffc871f9240 direct-stack-fallback -> 0x1411e42da (n=7757824)
[SKIP] Execute-fault RIP=0x7ffc871f9240 direct-stack-fallback -> 0x1411e42da (n=7761920)
[SKIP] Execute-fault RIP=0x7ffc871f9240 direct-stack-fallback -> 0x1411e42da (n=7766016)
[SKIP] Execute-fault RIP=0x7ffc871f9240 direct-stack-fallback -> 0x1411e42da (n=7770112)
[SKIP] Execute-fault RIP=0x7ffc871f9240 direct-stack-fallback -> 0x1411e42da (n=7774208)
[SKIP] Execute-fault RIP=0x7ffc871f9240 direct-stack-fallback -> 0x1411e42da (n=7778304)
[SKIP] Execute-fault RIP=0x7ffc871f9240 direct-stack-fallback -> 0x1411e42da (n=7782400)
[SKIP] Execute-fault RIP=0x7ffc871f9240 direct-stack-fallback -> 0x1411e42da (n=7786496)
[SKIP] Execute-fault RIP=0x7ffc871f9240 direct-stack-fallback -> 0x1411e42da (n=7790592)
[SKIP] Execute-fault RIP=0x7ffc871f9240 direct-stack-fallback -> 0x1411e42da (n=7794688)
[SKIP] Execute-fault RIP=0x7ffc871f9240 direct-stack-fallback -> 0x1411e42da (n=7798784)
[SKIP] Execute-fault RIP=0x7ffc871f9240 direct-stack-fallback -> 0x1411e42da (n=7802880)
[SKIP] Execute-fault RIP=0x7ffc871f9240 direct-stack-fallback -> 0x1411e42da (n=7806976)
[SKIP] Execute-fault RIP=0x7ffc871f9240 direct-stack-fallback -> 0x1411e42da (n=7811072)
[SKIP] Execute-fault RIP=0x7ffc871f9240 direct-stack-fallback -> 0x1411e42da (n=7815168)
[SKIP] Execute-fault RIP=0x7ffc871f9240 direct-stack-fallback -> 0x1411e42da (n=7819264)
[SKIP] Execute-fault RIP=0x7ffc871f9240 direct-stack-fallback -> 0x1411e42da (n=7823360)
[SKIP] Execute-fault RIP=0x7ffc871f9240 direct-stack-fallback -> 0x1411e42da (n=7827456)
[SKIP] Execute-fault RIP=0x7ffc871f9240 direct-stack-fallback -> 0x1411e42da (n=7831552)
[SKIP] Execute-fault RIP=0x7ffc871f9240 direct-stack-fallback -> 0x1411e42da (n=7835648)
[SKIP] Execute-fault RIP=0x7ffc871f9240 direct-stack-fallback -> 0x1411e42da (n=7839744)
[SKIP] Execute-fault RIP=0x7ffc871f9240 direct-stack-fallback -> 0x1411e42da (n=7843840)
[SKIP] Execute-fault RIP=0x7ffc871f9240 direct-stack-fallback -> 0x1411e42da (n=7847936)
[SKIP] Execute-fault RIP=0x7ffc871f9240 direct-stack-fallback -> 0x1411e42da (n=7852032)
[SKIP] Execute-fault RIP=0x7ffc871f9240 direct-stack-fallback -> 0x1411e42da (n=7856128)
[SKIP] Execute-fault RIP=0x7ffc871f9240 direct-stack-fallback -> 0x1411e42da (n=7860224)
[SKIP] Execute-fault RIP=0x7ffc871f9240 direct-stack-fallback -> 0x1411e42da (n=7864320)
[SKIP] Execute-fault RIP=0x7ffc871f9240 direct-stack-fallback -> 0x1411e42da (n=7868416)
[SKIP] Execute-fault RIP=0x7ffc871f9240 direct-stack-fallback -> 0x1411e42da (n=7872512)
[SKIP] Execute-fault RIP=0x7ffc871f9240 direct-stack-fallback -> 0x1411e42da (n=7876608)
[SKIP] Execute-fault RIP=0x7ffc871f9240 direct-stack-fallback -> 0x1411e42da (n=7880704)
[SKIP] Execute-fault RIP=0x7ffc871f9240 direct-stack-fallback -> 0x1411e42da (n=7884800)
[SKIP] Execute-fault RIP=0x7ffc871f9240 direct-stack-fallback -> 0x1411e42da (n=7888896)
[SKIP] Execute-fault RIP=0x7ffc871f9240 direct-stack-fallback -> 0x1411e42da (n=7892992)
[SKIP] Execute-fault RIP=0x7ffc871f9240 direct-stack-fallback -> 0x1411e42da (n=7897088)
[SKIP] Execute-fault RIP=0x7ffc871f9240 direct-stack-fallback -> 0x1411e42da (n=7901184)
[SKIP] Execute-fault RIP=0x7ffc871f9240 direct-stack-fallback -> 0x1411e42da (n=7905280)
[SKIP] Execute-fault RIP=0x7ffc871f9240 direct-stack-fallback -> 0x1411e42da (n=7909376)
[SKIP] Execute-fault RIP=0x7ffc871f9240 direct-stack-fallback -> 0x1411e42da (n=7913472)
[SKIP] Execute-fault RIP=0x7ffc871f9240 direct-stack-fallback -> 0x1411e42da (n=7917568)
[SKIP] Execute-fault RIP=0x7ffc871f9240 direct-stack-fallback -> 0x1411e42da (n=7921664)
[SKIP] Execute-fault RIP=0x7ffc871f9240 direct-stack-fallback -> 0x1411e42da (n=7925760)
[SKIP] Execute-fault RIP=0x7ffc871f9240 direct-stack-fallback -> 0x1411e42da (n=7929856)
[SKIP] Execute-fault RIP=0x7ffc871f9240 direct-stack-fallback -> 0x1411e42da (n=7933952)
[SKIP] Execute-fault RIP=0x7ffc871f9240 direct-stack-fallback -> 0x1411e42da (n=7938048)
[SKIP] Execute-fault RIP=0x7ffc871f9240 direct-stack-fallback -> 0x1411e42da (n=7942144)
[SKIP] Execute-fault RIP=0x7ffc871f9240 direct-stack-fallback -> 0x1411e42da (n=7946240)
[SKIP] Execute-fault RIP=0x7ffc871f9240 direct-stack-fallback -> 0x1411e42da (n=7950336)
[SKIP] Execute-fault RIP=0x7ffc871f9240 direct-stack-fallback -> 0x1411e42da (n=7954432)
[SKIP] Execute-fault RIP=0x7ffc871f9240 direct-stack-fallback -> 0x1411e42da (n=7958528)
[SKIP] Execute-fault RIP=0x7ffc871f9240 direct-stack-fallback -> 0x1411e42da (n=7962624)
[SKIP] Execute-fault RIP=0x7ffc871f9240 direct-stack-fallback -> 0x1411e42da (n=7966720)
[SKIP] Execute-fault RIP=0x7ffc871f9240 direct-stack-fallback -> 0x1411e42da (n=7970816)
[SKIP] Execute-fault RIP=0x7ffc871f9240 direct-stack-fallback -> 0x1411e42da (n=7974912)
[SKIP] Execute-fault RIP=0x7ffc871f9240 direct-stack-fallback -> 0x1411e42da (n=7979008)
[SKIP] Execute-fault RIP=0x7ffc871f9240 direct-stack-fallback -> 0x1411e42da (n=7983104)
[SKIP] Execute-fault RIP=0x7ffc871f9240 direct-stack-fallback -> 0x1411e42da (n=7987200)
[SKIP] Execute-fault RIP=0x7ffc871f9240 direct-stack-fallback -> 0x1411e42da (n=7991296)
[SKIP] Execute-fault RIP=0x7ffc871f9240 direct-stack-fallback -> 0x1411e42da (n=7995392)
[SKIP] Execute-fault RIP=0x7ffc871f9240 direct-stack-fallback -> 0x1411e42da (n=7999488)
[SKIP] Execute-fault RIP=0x7ffc871f9240 direct-stack-fallback -> 0x1411e42da (n=8003584)
[SKIP] Execute-fault RIP=0x7ffc871f9240 direct-stack-fallback -> 0x1411e42da (n=8007680)
[SKIP] Execute-fault RIP=0x7ffc871f9240 direct-stack-fallback -> 0x1411e42da (n=8011776)
[SKIP] Execute-fault RIP=0x7ffc871f9240 direct-stack-fallback -> 0x1411e42da (n=8015872)
[SKIP] Execute-fault RIP=0x7ffc871f9240 direct-stack-fallback -> 0x1411e42da (n=8019968)
[SKIP] Execute-fault RIP=0x7ffc871f9240 direct-stack-fallback -> 0x1411e42da (n=8024064)
[SKIP] Execute-fault RIP=0x7ffc871f9240 direct-stack-fallback -> 0x1411e42da (n=8028160)
[SKIP] Execute-fault RIP=0x7ffc871f9240 direct-stack-fallback -> 0x1411e42da (n=8032256)
[SKIP] Execute-fault RIP=0x7ffc871f9240 direct-stack-fallback -> 0x1411e42da (n=8036352)
[SKIP] Execute-fault RIP=0x7ffc871f9240 direct-stack-fallback -> 0x1411e42da (n=8040448)
[SKIP] Execute-fault RIP=0x7ffc871f9240 direct-stack-fallback -> 0x1411e42da (n=8044544)
[SKIP] Execute-fault RIP=0x7ffc871f9240 direct-stack-fallback -> 0x1411e42da (n=8048640)
[SKIP] Execute-fault RIP=0x7ffc871f9240 direct-stack-fallback -> 0x1411e42da (n=8052736)
[SKIP] Execute-fault RIP=0x7ffc871f9240 direct-stack-fallback -> 0x1411e42da (n=8056832)
[SKIP] Execute-fault RIP=0x7ffc871f9240 direct-stack-fallback -> 0x1411e42da (n=8060928)
[SKIP] Execute-fault RIP=0x7ffc871f9240 direct-stack-fallback -> 0x1411e42da (n=8065024)
[SKIP] Execute-fault RIP=0x7ffc871f9240 direct-stack-fallback -> 0x1411e42da (n=8069120)
[SKIP] Execute-fault RIP=0x7ffc871f9240 direct-stack-fallback -> 0x1411e42da (n=8073216)
[SKIP] Execute-fault RIP=0x7ffc871f9240 direct-stack-fallback -> 0x1411e42da (n=8077312)
[SKIP] Execute-fault RIP=0x7ffc871f9240 direct-stack-fallback -> 0x1411e42da (n=8081408)
[SKIP] Execute-fault RIP=0x7ffc871f9240 direct-stack-fallback -> 0x1411e42da (n=8085504)
[SKIP] Execute-fault RIP=0x7ffc871f9240 direct-stack-fallback -> 0x1411e42da (n=8089600)
[SKIP] Execute-fault RIP=0x7ffc871f9240 direct-stack-fallback -> 0x1411e42da (n=8093696)
[SKIP] Execute-fault RIP=0x7ffc871f9240 direct-stack-fallback -> 0x1411e42da (n=8097792)
[SKIP] Execute-fault RIP=0x7ffc871f9240 direct-stack-fallback -> 0x1411e42da (n=8101888)
[SKIP] Execute-fault RIP=0x7ffc871f9240 direct-stack-fallback -> 0x1411e42da (n=8105984)
[SKIP] Execute-fault RIP=0x7ffc871f9240 direct-stack-fallback -> 0x1411e42da (n=8110080)
[SKIP] Execute-fault RIP=0x7ffc871f9240 direct-stack-fallback -> 0x1411e42da (n=8114176)
[SKIP] Execute-fault RIP=0x7ffc871f9240 direct-stack-fallback -> 0x1411e42da (n=8118272)
[SKIP] Execute-fault RIP=0x7ffc871f9240 direct-stack-fallback -> 0x1411e42da (n=8122368)
[SKIP] Execute-fault RIP=0x7ffc871f9240 direct-stack-fallback -> 0x1411e42da (n=8126464)
[SKIP] Execute-fault RIP=0x7ffc871f9240 direct-stack-fallback -> 0x1411e42da (n=8130560)
[SKIP] Execute-fault RIP=0x7ffc871f9240 direct-stack-fallback -> 0x1411e42da (n=8134656)
[SKIP] Execute-fault RIP=0x7ffc871f9240 direct-stack-fallback -> 0x1411e42da (n=8138752)
[SKIP] Execute-fault RIP=0x7ffc871f9240 direct-stack-fallback -> 0x1411e42da (n=8142848)
[SKIP] Execute-fault RIP=0x7ffc871f9240 direct-stack-fallback -> 0x1411e42da (n=8146944)
[SKIP] Execute-fault RIP=0x7ffc871f9240 direct-stack-fallback -> 0x1411e42da (n=8151040)
[SKIP] Execute-fault RIP=0x7ffc871f9240 direct-stack-fallback -> 0x1411e42da (n=8155136)
[SKIP] Execute-fault RIP=0x7ffc871f9240 direct-stack-fallback -> 0x1411e42da (n=8159232)
[SKIP] Execute-fault RIP=0x7ffc871f9240 direct-stack-fallback -> 0x1411e42da (n=8163328)
[SKIP] Execute-fault RIP=0x7ffc871f9240 direct-stack-fallback -> 0x1411e42da (n=8167424)
[SKIP] Execute-fault RIP=0x7ffc871f9240 direct-stack-fallback -> 0x1411e42da (n=8171520)
[SKIP] Execute-fault RIP=0x7ffc871f9240 direct-stack-fallback -> 0x1411e42da (n=8175616)
[SKIP] Execute-fault RIP=0x7ffc871f9240 direct-stack-fallback -> 0x1411e42da (n=8179712)
[SKIP] Execute-fault RIP=0x7ffc871f9240 direct-stack-fallback -> 0x1411e42da (n=8183808)
[SKIP] Execute-fault RIP=0x7ffc871f9240 direct-stack-fallback -> 0x1411e42da (n=8187904)
[SKIP] Execute-fault RIP=0x7ffc871f9240 direct-stack-fallback -> 0x1411e42da (n=8192000)
[SKIP] Execute-fault RIP=0x7ffc871f9240 direct-stack-fallback -> 0x1411e42da (n=8196096)
[SKIP] Execute-fault RIP=0x7ffc871f9240 direct-stack-fallback -> 0x1411e42da (n=8200192)
[SKIP] Execute-fault RIP=0x7ffc871f9240 direct-stack-fallback -> 0x1411e42da (n=8204288)
[SKIP] Execute-fault RIP=0x7ffc871f9240 direct-stack-fallback -> 0x1411e42da (n=8208384)
[SKIP] Execute-fault RIP=0x7ffc871f9240 direct-stack-fallback -> 0x1411e42da (n=8212480)
[SKIP] Execute-fault RIP=0x7ffc871f9240 direct-stack-fallback -> 0x1411e42da (n=8216576)
[SKIP] Execute-fault RIP=0x7ffc871f9240 direct-stack-fallback -> 0x1411e42da (n=8220672)
[SKIP] Execute-fault RIP=0x7ffc871f9240 direct-stack-fallback -> 0x1411e42da (n=8224768)
[SKIP] Execute-fault RIP=0x7ffc871f9240 direct-stack-fallback -> 0x1411e42da (n=8228864)
[SKIP] Execute-fault RIP=0x7ffc871f9240 direct-stack-fallback -> 0x1411e42da (n=8232960)
[SKIP] Execute-fault RIP=0x7ffc871f9240 direct-stack-fallback -> 0x1411e42da (n=8237056)
[SKIP] Execute-fault RIP=0x7ffc871f9240 direct-stack-fallback -> 0x1411e42da (n=8241152)
[SKIP] Execute-fault RIP=0x7ffc871f9240 direct-stack-fallback -> 0x1411e42da (n=8245248)
[SKIP] Execute-fault RIP=0x7ffc871f9240 direct-stack-fallback -> 0x1411e42da (n=8249344)
[SKIP] Execute-fault RIP=0x7ffc871f9240 direct-stack-fallback -> 0x1411e42da (n=8253440)
[SKIP] Execute-fault RIP=0x7ffc871f9240 direct-stack-fallback -> 0x1411e42da (n=8257536)
[SKIP] Execute-fault RIP=0x7ffc871f9240 direct-stack-fallback -> 0x1411e42da (n=8261632)
[SKIP] Execute-fault RIP=0x7ffc871f9240 direct-stack-fallback -> 0x1411e42da (n=8265728)
[SKIP] Execute-fault RIP=0x7ffc871f9240 direct-stack-fallback -> 0x1411e42da (n=8269824)
[SKIP] Execute-fault RIP=0x7ffc871f9240 direct-stack-fallback -> 0x1411e42da (n=8273920)
[SKIP] Execute-fault RIP=0x7ffc871f9240 direct-stack-fallback -> 0x1411e42da (n=8278016)
[SKIP] Execute-fault RIP=0x7ffc871f9240 direct-stack-fallback -> 0x1411e42da (n=8282112)
[SKIP] Execute-fault RIP=0x7ffc871f9240 direct-stack-fallback -> 0x1411e42da (n=8286208)
[SKIP] Execute-fault RIP=0x7ffc871f9240 direct-stack-fallback -> 0x1411e42da (n=8290304)
[SKIP] Execute-fault RIP=0x7ffc871f9240 direct-stack-fallback -> 0x1411e42da (n=8294400)
[SKIP] Execute-fault RIP=0x7ffc871f9240 direct-stack-fallback -> 0x1411e42da (n=8298496)
[SKIP] Execute-fault RIP=0x7ffc871f9240 direct-stack-fallback -> 0x1411e42da (n=8302592)
[SKIP] Execute-fault RIP=0x7ffc871f9240 direct-stack-fallback -> 0x1411e42da (n=8306688)
[SKIP] Execute-fault RIP=0x7ffc871f9240 direct-stack-fallback -> 0x1411e42da (n=8310784)
[SKIP] Execute-fault RIP=0x7ffc871f9240 direct-stack-fallback -> 0x1411e42da (n=8314880)
[SKIP] Execute-fault RIP=0x7ffc871f9240 direct-stack-fallback -> 0x1411e42da (n=8318976)
[SKIP] Execute-fault RIP=0x7ffc871f9240 direct-stack-fallback -> 0x1411e42da (n=8323072)
[SKIP] Execute-fault RIP=0x7ffc871f9240 direct-stack-fallback -> 0x1411e42da (n=8327168)
[SKIP] Execute-fault RIP=0x7ffc871f9240 direct-stack-fallback -> 0x1411e42da (n=8331264)
[SKIP] Execute-fault RIP=0x7ffc871f9240 direct-stack-fallback -> 0x1411e42da (n=8335360)
[SKIP] Execute-fault RIP=0x7ffc871f9240 direct-stack-fallback -> 0x1411e42da (n=8339456)
[SKIP] Execute-fault RIP=0x7ffc871f9240 direct-stack-fallback -> 0x1411e42da (n=8343552)
[SKIP] Execute-fault RIP=0x7ffc871f9240 direct-stack-fallback -> 0x1411e42da (n=8347648)
[SKIP] Execute-fault RIP=0x7ffc871f9240 direct-stack-fallback -> 0x1411e42da (n=8351744)
[SKIP] Execute-fault RIP=0x7ffc871f9240 direct-stack-fallback -> 0x1411e42da (n=8355840)
[SKIP] Execute-fault RIP=0x7ffc871f9240 direct-stack-fallback -> 0x1411e42da (n=8359936)
[SKIP] Execute-fault RIP=0x7ffc871f9240 direct-stack-fallback -> 0x1411e42da (n=8364032)
[SKIP] Execute-fault RIP=0x7ffc871f9240 direct-stack-fallback -> 0x1411e42da (n=8368128)
[SKIP] Execute-fault RIP=0x7ffc871f9240 direct-stack-fallback -> 0x1411e42da (n=8372224)
[SKIP] Execute-fault RIP=0x7ffc871f9240 direct-stack-fallback -> 0x1411e42da (n=8376320)
[SKIP] Execute-fault RIP=0x7ffc871f9240 direct-stack-fallback -> 0x1411e42da (n=8380416)
[SKIP] Execute-fault RIP=0x7ffc871f9240 direct-stack-fallback -> 0x1411e42da (n=8384512)
[SKIP] Execute-fault RIP=0x7ffc871f9240 direct-stack-fallback -> 0x1411e42da (n=8388608)
[SKIP] Execute-fault RIP=0x7ffc871f9240 direct-stack-fallback -> 0x1411e42da (n=8392704)
[SKIP] Execute-fault RIP=0x7ffc871f9240 direct-stack-fallback -> 0x1411e42da (n=8396800)
[SKIP] Execute-fault RIP=0x7ffc871f9240 direct-stack-fallback -> 0x1411e42da (n=8400896)
[SKIP] Execute-fault RIP=0x7ffc871f9240 direct-stack-fallback -> 0x1411e42da (n=8404992)
[SKIP] Execute-fault RIP=0x7ffc871f9240 direct-stack-fallback -> 0x1411e42da (n=8409088)
[SKIP] Execute-fault RIP=0x7ffc871f9240 direct-stack-fallback -> 0x1411e42da (n=8413184)
[SKIP] Execute-fault RIP=0x7ffc871f9240 direct-stack-fallback -> 0x1411e42da (n=8417280)
[SKIP] Execute-fault RIP=0x7ffc871f9240 direct-stack-fallback -> 0x1411e42da (n=8421376)
[SKIP] Execute-fault RIP=0x7ffc871f9240 direct-stack-fallback -> 0x1411e42da (n=8425472)
[SKIP] Execute-fault RIP=0x7ffc871f9240 direct-stack-fallback -> 0x1411e42da (n=8429568)
[SKIP] Execute-fault RIP=0x7ffc871f9240 direct-stack-fallback -> 0x1411e42da (n=8433664)
[SKIP] Execute-fault RIP=0x7ffc871f9240 direct-stack-fallback -> 0x1411e42da (n=8437760)
[SKIP] Execute-fault RIP=0x7ffc871f9240 direct-stack-fallback -> 0x1411e42da (n=8441856)
[SKIP] Execute-fault RIP=0x7ffc871f9240 direct-stack-fallback -> 0x1411e42da (n=8445952)
[SKIP] Execute-fault RIP=0x7ffc871f9240 direct-stack-fallback -> 0x1411e42da (n=8450048)
[SKIP] Execute-fault RIP=0x7ffc871f9240 direct-stack-fallback -> 0x1411e42da (n=8454144)
[SKIP] Execute-fault RIP=0x7ffc871f9240 direct-stack-fallback -> 0x1411e42da (n=8458240)
[SKIP] Execute-fault RIP=0x7ffc871f9240 direct-stack-fallback -> 0x1411e42da (n=8462336)
[SKIP] Execute-fault RIP=0x7ffc871f9240 direct-stack-fallback -> 0x1411e42da (n=8466432)
[SKIP] Execute-fault RIP=0x7ffc871f9240 direct-stack-fallback -> 0x1411e42da (n=8470528)
[SKIP] Execute-fault RIP=0x7ffc871f9240 direct-stack-fallback -> 0x1411e42da (n=8474624)
[SKIP] Execute-fault RIP=0x7ffc871f9240 direct-stack-fallback -> 0x1411e42da (n=8478720)
[SKIP] Execute-fault RIP=0x7ffc871f9240 direct-stack-fallback -> 0x1411e42da (n=8482816)
[SKIP] Execute-fault RIP=0x7ffc871f9240 direct-stack-fallback -> 0x1411e42da (n=8486912)
[SKIP] Execute-fault RIP=0x7ffc871f9240 direct-stack-fallback -> 0x1411e42da (n=8491008)
[SKIP] Execute-fault RIP=0x7ffc871f9240 direct-stack-fallback -> 0x1411e42da (n=8495104)
[SKIP] Execute-fault RIP=0x7ffc871f9240 direct-stack-fallback -> 0x1411e42da (n=8499200)
[SKIP] Execute-fault RIP=0x7ffc871f9240 direct-stack-fallback -> 0x1411e42da (n=8503296)
[SKIP] Execute-fault RIP=0x7ffc871f9240 direct-stack-fallback -> 0x1411e42da (n=8507392)
[SKIP] Execute-fault RIP=0x7ffc871f9240 direct-stack-fallback -> 0x1411e42da (n=8511488)
[SKIP] Execute-fault RIP=0x7ffc871f9240 direct-stack-fallback -> 0x1411e42da (n=8515584)
[SKIP] Execute-fault RIP=0x7ffc871f9240 direct-stack-fallback -> 0x1411e42da (n=8519680)
[SKIP] Execute-fault RIP=0x7ffc871f9240 direct-stack-fallback -> 0x1411e42da (n=8523776)
[SKIP] Execute-fault RIP=0x7ffc871f9240 direct-stack-fallback -> 0x1411e42da (n=8527872)
[SKIP] Execute-fault RIP=0x7ffc871f9240 direct-stack-fallback -> 0x1411e42da (n=8531968)
[SKIP] Execute-fault RIP=0x7ffc871f9240 direct-stack-fallback -> 0x1411e42da (n=8536064)
[SKIP] Execute-fault RIP=0x7ffc871f9240 direct-stack-fallback -> 0x1411e42da (n=8540160)
[SKIP] Execute-fault RIP=0x7ffc871f9240 direct-stack-fallback -> 0x1411e42da (n=8544256)
[SKIP] Execute-fault RIP=0x7ffc871f9240 direct-stack-fallback -> 0x1411e42da (n=8548352)
[SKIP] Execute-fault RIP=0x7ffc871f9240 direct-stack-fallback -> 0x1411e42da (n=8552448)
[SKIP] Execute-fault RIP=0x7ffc871f9240 direct-stack-fallback -> 0x1411e42da (n=8556544)
[SKIP] Execute-fault RIP=0x7ffc871f9240 direct-stack-fallback -> 0x1411e42da (n=8560640)
[SKIP] Execute-fault RIP=0x7ffc871f9240 direct-stack-fallback -> 0x1411e42da (n=8564736)
[SKIP] Execute-fault RIP=0x7ffc871f9240 direct-stack-fallback -> 0x1411e42da (n=8568832)
[SKIP] Execute-fault RIP=0x7ffc871f9240 direct-stack-fallback -> 0x1411e42da (n=8572928)
[SKIP] Execute-fault RIP=0x7ffc871f9240 direct-stack-fallback -> 0x1411e42da (n=8577024)
[SKIP] Execute-fault RIP=0x7ffc871f9240 direct-stack-fallback -> 0x1411e42da (n=8581120)
[SKIP] Execute-fault RIP=0x7ffc871f9240 direct-stack-fallback -> 0x1411e42da (n=8585216)
[SKIP] Execute-fault RIP=0x7ffc871f9240 direct-stack-fallback -> 0x1411e42da (n=8589312)
[SKIP] Execute-fault RIP=0x7ffc871f9240 direct-stack-fallback -> 0x1411e42da (n=8593408)
[SKIP] Execute-fault RIP=0x7ffc871f9240 direct-stack-fallback -> 0x1411e42da (n=8597504)
[SKIP] Execute-fault RIP=0x7ffc871f9240 direct-stack-fallback -> 0x1411e42da (n=8601600)
[SKIP] Execute-fault RIP=0x7ffc871f9240 direct-stack-fallback -> 0x1411e42da (n=8605696)
[SKIP] Execute-fault RIP=0x7ffc871f9240 direct-stack-fallback -> 0x1411e42da (n=8609792)
[SKIP] Execute-fault RIP=0x7ffc871f9240 direct-stack-fallback -> 0x1411e42da (n=8613888)
[SKIP] Execute-fault RIP=0x7ffc871f9240 direct-stack-fallback -> 0x1411e42da (n=8617984)
[SKIP] Execute-fault RIP=0x7ffc871f9240 direct-stack-fallback -> 0x1411e42da (n=8622080)
[SKIP] Execute-fault RIP=0x7ffc871f9240 direct-stack-fallback -> 0x1411e42da (n=8626176)
[SKIP] Execute-fault RIP=0x7ffc871f9240 direct-stack-fallback -> 0x1411e42da (n=8630272)
[SKIP] Execute-fault RIP=0x7ffc871f9240 direct-stack-fallback -> 0x1411e42da (n=8634368)
[SKIP] Execute-fault RIP=0x7ffc871f9240 direct-stack-fallback -> 0x1411e42da (n=8638464)
[SKIP] Execute-fault RIP=0x7ffc871f9240 direct-stack-fallback -> 0x1411e42da (n=8642560)
[SKIP] Execute-fault RIP=0x7ffc871f9240 direct-stack-fallback -> 0x1411e42da (n=8646656)
[SKIP] Execute-fault RIP=0x7ffc871f9240 direct-stack-fallback -> 0x1411e42da (n=8650752)
[SKIP] Execute-fault RIP=0x7ffc871f9240 direct-stack-fallback -> 0x1411e42da (n=8654848)
[SKIP] Execute-fault RIP=0x7ffc871f9240 direct-stack-fallback -> 0x1411e42da (n=8658944)
[SKIP] Execute-fault RIP=0x7ffc871f9240 direct-stack-fallback -> 0x1411e42da (n=8663040)
[SKIP] Execute-fault RIP=0x7ffc871f9240 direct-stack-fallback -> 0x1411e42da (n=8667136)
[SKIP] Execute-fault RIP=0x7ffc871f9240 direct-stack-fallback -> 0x1411e42da (n=8671232)
[SKIP] Execute-fault RIP=0x7ffc871f9240 direct-stack-fallback -> 0x1411e42da (n=8675328)
[SKIP] Execute-fault RIP=0x7ffc871f9240 direct-stack-fallback -> 0x1411e42da (n=8679424)
[SKIP] Execute-fault RIP=0x7ffc871f9240 direct-stack-fallback -> 0x1411e42da (n=8683520)
[SKIP] Execute-fault RIP=0x7ffc871f9240 direct-stack-fallback -> 0x1411e42da (n=8687616)
[SKIP] Execute-fault RIP=0x7ffc871f9240 direct-stack-fallback -> 0x1411e42da (n=8691712)
[SKIP] Execute-fault RIP=0x7ffc871f9240 direct-stack-fallback -> 0x1411e42da (n=8695808)
[SKIP] Execute-fault RIP=0x7ffc871f9240 direct-stack-fallback -> 0x1411e42da (n=8699904)
[SKIP] Execute-fault RIP=0x7ffc871f9240 direct-stack-fallback -> 0x1411e42da (n=8704000)
[SKIP] Execute-fault RIP=0x7ffc871f9240 direct-stack-fallback -> 0x1411e42da (n=8708096)
[SKIP] Execute-fault RIP=0x7ffc871f9240 direct-stack-fallback -> 0x1411e42da (n=8712192)
[SKIP] Execute-fault RIP=0x7ffc871f9240 direct-stack-fallback -> 0x1411e42da (n=8716288)
[SKIP] Execute-fault RIP=0x7ffc871f9240 direct-stack-fallback -> 0x1411e42da (n=8720384)
[SKIP] Execute-fault RIP=0x7ffc871f9240 direct-stack-fallback -> 0x1411e42da (n=8724480)
[SKIP] Execute-fault RIP=0x7ffc871f9240 direct-stack-fallback -> 0x1411e42da (n=8728576)
[SKIP] Execute-fault RIP=0x7ffc871f9240 direct-stack-fallback -> 0x1411e42da (n=8732672)
[SKIP] Execute-fault RIP=0x7ffc871f9240 direct-stack-fallback -> 0x1411e42da (n=8736768)
[SKIP] Execute-fault RIP=0x7ffc871f9240 direct-stack-fallback -> 0x1411e42da (n=8740864)
[SKIP] Execute-fault RIP=0x7ffc871f9240 direct-stack-fallback -> 0x1411e42da (n=8744960)
[SKIP] Execute-fault RIP=0x7ffc871f9240 direct-stack-fallback -> 0x1411e42da (n=8749056)
[SKIP] Execute-fault RIP=0x7ffc871f9240 direct-stack-fallback -> 0x1411e42da (n=8753152)
[SKIP] Execute-fault RIP=0x7ffc871f9240 direct-stack-fallback -> 0x1411e42da (n=8757248)
[SKIP] Execute-fault RIP=0x7ffc871f9240 direct-stack-fallback -> 0x1411e42da (n=8761344)
[SKIP] Execute-fault RIP=0x7ffc871f9240 direct-stack-fallback -> 0x1411e42da (n=8765440)
[SKIP] Execute-fault RIP=0x7ffc871f9240 direct-stack-fallback -> 0x1411e42da (n=8769536)
[SKIP] Execute-fault RIP=0x7ffc871f9240 direct-stack-fallback -> 0x1411e42da (n=8773632)
[SKIP] Execute-fault RIP=0x7ffc871f9240 direct-stack-fallback -> 0x1411e42da (n=8777728)
[SKIP] Execute-fault RIP=0x7ffc871f9240 direct-stack-fallback -> 0x1411e42da (n=8781824)
[SKIP] Execute-fault RIP=0x7ffc871f9240 direct-stack-fallback -> 0x1411e42da (n=8785920)
[SKIP] Execute-fault RIP=0x7ffc871f9240 direct-stack-fallback -> 0x1411e42da (n=8790016)
[SKIP] Execute-fault RIP=0x7ffc871f9240 direct-stack-fallback -> 0x1411e42da (n=8794112)
[SKIP] Execute-fault RIP=0x7ffc871f9240 direct-stack-fallback -> 0x1411e42da (n=8798208)
[SKIP] Execute-fault RIP=0x7ffc871f9240 direct-stack-fallback -> 0x1411e42da (n=8802304)
[SKIP] Execute-fault RIP=0x7ffc871f9240 direct-stack-fallback -> 0x1411e42da (n=8806400)
[SKIP] Execute-fault RIP=0x7ffc871f9240 direct-stack-fallback -> 0x1411e42da (n=8810496)
[SKIP] Execute-fault RIP=0x7ffc871f9240 direct-stack-fallback -> 0x1411e42da (n=8814592)
[SKIP] Execute-fault RIP=0x7ffc871f9240 direct-stack-fallback -> 0x1411e42da (n=8818688)
[SKIP] Execute-fault RIP=0x7ffc871f9240 direct-stack-fallback -> 0x1411e42da (n=8822784)
[SKIP] Execute-fault RIP=0x7ffc871f9240 direct-stack-fallback -> 0x1411e42da (n=8826880)
[SKIP] Execute-fault RIP=0x7ffc871f9240 direct-stack-fallback -> 0x1411e42da (n=8830976)
[SKIP] Execute-fault RIP=0x7ffc871f9240 direct-stack-fallback -> 0x1411e42da (n=8835072)
[SKIP] Execute-fault RIP=0x7ffc871f9240 direct-stack-fallback -> 0x1411e42da (n=8839168)
[SKIP] Execute-fault RIP=0x7ffc871f9240 direct-stack-fallback -> 0x1411e42da (n=8843264)
[SKIP] Execute-fault RIP=0x7ffc871f9240 direct-stack-fallback -> 0x1411e42da (n=8847360)
[SKIP] Execute-fault RIP=0x7ffc871f9240 direct-stack-fallback -> 0x1411e42da (n=8851456)
[SKIP] Execute-fault RIP=0x7ffc871f9240 direct-stack-fallback -> 0x1411e42da (n=8855552)
[SKIP] Execute-fault RIP=0x7ffc871f9240 direct-stack-fallback -> 0x1411e42da (n=8859648)
[SKIP] Execute-fault RIP=0x7ffc871f9240 direct-stack-fallback -> 0x1411e42da (n=8863744)
[SKIP] Execute-fault RIP=0x7ffc871f9240 direct-stack-fallback -> 0x1411e42da (n=8867840)
[SKIP] Execute-fault RIP=0x7ffc871f9240 direct-stack-fallback -> 0x1411e42da (n=8871936)
[SKIP] Execute-fault RIP=0x7ffc871f9240 direct-stack-fallback -> 0x1411e42da (n=8876032)
[SKIP] Execute-fault RIP=0x7ffc871f9240 direct-stack-fallback -> 0x1411e42da (n=8880128)
[SKIP] Execute-fault RIP=0x7ffc871f9240 direct-stack-fallback -> 0x1411e42da (n=8884224)
[SKIP] Execute-fault RIP=0x7ffc871f9240 direct-stack-fallback -> 0x1411e42da (n=8888320)
[SKIP] Execute-fault RIP=0x7ffc871f9240 direct-stack-fallback -> 0x1411e42da (n=8892416)
[SKIP] Execute-fault RIP=0x7ffc871f9240 direct-stack-fallback -> 0x1411e42da (n=8896512)
[SKIP] Execute-fault RIP=0x7ffc871f9240 direct-stack-fallback -> 0x1411e42da (n=8900608)
[SKIP] Execute-fault RIP=0x7ffc871f9240 direct-stack-fallback -> 0x1411e42da (n=8904704)
[SKIP] Execute-fault RIP=0x7ffc871f9240 direct-stack-fallback -> 0x1411e42da (n=8908800)
[SKIP] Execute-fault RIP=0x7ffc871f9240 direct-stack-fallback -> 0x1411e42da (n=8912896)
[SKIP] Execute-fault RIP=0x7ffc871f9240 direct-stack-fallback -> 0x1411e42da (n=8916992)
[SKIP] Execute-fault RIP=0x7ffc871f9240 direct-stack-fallback -> 0x1411e42da (n=8921088)
[SKIP] Execute-fault RIP=0x7ffc871f9240 direct-stack-fallback -> 0x1411e42da (n=8925184)
[SKIP] Execute-fault RIP=0x7ffc871f9240 direct-stack-fallback -> 0x1411e42da (n=8929280)
[SKIP] Execute-fault RIP=0x7ffc871f9240 direct-stack-fallback -> 0x1411e42da (n=8933376)
[SKIP] Execute-fault RIP=0x7ffc871f9240 direct-stack-fallback -> 0x1411e42da (n=8937472)
[SKIP] Execute-fault RIP=0x7ffc871f9240 direct-stack-fallback -> 0x1411e42da (n=8941568)
[SKIP] Execute-fault RIP=0x7ffc871f9240 direct-stack-fallback -> 0x1411e42da (n=8945664)
[SKIP] Execute-fault RIP=0x7ffc871f9240 direct-stack-fallback -> 0x1411e42da (n=8949760)
[SKIP] Execute-fault RIP=0x7ffc871f9240 direct-stack-fallback -> 0x1411e42da (n=8953856)
[SKIP] Execute-fault RIP=0x7ffc871f9240 direct-stack-fallback -> 0x1411e42da (n=8957952)
[SKIP] Execute-fault RIP=0x7ffc871f9240 direct-stack-fallback -> 0x1411e42da (n=8962048)
[SKIP] Execute-fault RIP=0x7ffc871f9240 direct-stack-fallback -> 0x1411e42da (n=8966144)
[SKIP] Execute-fault RIP=0x7ffc871f9240 direct-stack-fallback -> 0x1411e42da (n=8970240)
[SKIP] Execute-fault RIP=0x7ffc871f9240 direct-stack-fallback -> 0x1411e42da (n=8974336)
[SKIP] Execute-fault RIP=0x7ffc871f9240 direct-stack-fallback -> 0x1411e42da (n=8978432)
[SKIP] Execute-fault RIP=0x7ffc871f9240 direct-stack-fallback -> 0x1411e42da (n=8982528)
[SKIP] Execute-fault RIP=0x7ffc871f9240 direct-stack-fallback -> 0x1411e42da (n=8986624)
[SKIP] Execute-fault RIP=0x7ffc871f9240 direct-stack-fallback -> 0x1411e42da (n=8990720)
[SKIP] Execute-fault RIP=0x7ffc871f9240 direct-stack-fallback -> 0x1411e42da (n=8994816)
[SKIP] Execute-fault RIP=0x7ffc871f9240 direct-stack-fallback -> 0x1411e42da (n=8998912)
[SKIP] Execute-fault RIP=0x7ffc871f9240 direct-stack-fallback -> 0x1411e42da (n=9003008)
[SKIP] Execute-fault RIP=0x7ffc871f9240 direct-stack-fallback -> 0x1411e42da (n=9007104)
[SKIP] Execute-fault RIP=0x7ffc871f9240 direct-stack-fallback -> 0x1411e42da (n=9011200)
[SKIP] Execute-fault RIP=0x7ffc871f9240 direct-stack-fallback -> 0x1411e42da (n=9015296)
[SKIP] Execute-fault RIP=0x7ffc871f9240 direct-stack-fallback -> 0x1411e42da (n=9019392)
[SKIP] Execute-fault RIP=0x7ffc871f9240 direct-stack-fallback -> 0x1411e42da (n=9023488)
[SKIP] Execute-fault RIP=0x7ffc871f9240 direct-stack-fallback -> 0x1411e42da (n=9027584)
[SKIP] Execute-fault RIP=0x7ffc871f9240 direct-stack-fallback -> 0x1411e42da (n=9031680)
[SKIP] Execute-fault RIP=0x7ffc871f9240 direct-stack-fallback -> 0x1411e42da (n=9035776)
[SKIP] Execute-fault RIP=0x7ffc871f9240 direct-stack-fallback -> 0x1411e42da (n=9039872)
[SKIP] Execute-fault RIP=0x7ffc871f9240 direct-stack-fallback -> 0x1411e42da (n=9043968)
[SKIP] Execute-fault RIP=0x7ffc871f9240 direct-stack-fallback -> 0x1411e42da (n=9048064)
[SKIP] Execute-fault RIP=0x7ffc871f9240 direct-stack-fallback -> 0x1411e42da (n=9052160)
[SKIP] Execute-fault RIP=0x7ffc871f9240 direct-stack-fallback -> 0x1411e42da (n=9056256)
[SKIP] Execute-fault RIP=0x7ffc871f9240 direct-stack-fallback -> 0x1411e42da (n=9060352)
[SKIP] Execute-fault RIP=0x7ffc871f9240 direct-stack-fallback -> 0x1411e42da (n=9064448)
[SKIP] Execute-fault RIP=0x7ffc871f9240 direct-stack-fallback -> 0x1411e42da (n=9068544)
[SKIP] Execute-fault RIP=0x7ffc871f9240 direct-stack-fallback -> 0x1411e42da (n=9072640)
[SKIP] Execute-fault RIP=0x7ffc871f9240 direct-stack-fallback -> 0x1411e42da (n=9076736)
[SKIP] Execute-fault RIP=0x7ffc871f9240 direct-stack-fallback -> 0x1411e42da (n=9080832)
[SKIP] Execute-fault RIP=0x7ffc871f9240 direct-stack-fallback -> 0x1411e42da (n=9084928)
[SKIP] Execute-fault RIP=0x7ffc871f9240 direct-stack-fallback -> 0x1411e42da (n=9089024)
[SKIP] Execute-fault RIP=0x7ffc871f9240 direct-stack-fallback -> 0x1411e42da (n=9093120)
[SKIP] Execute-fault RIP=0x7ffc871f9240 direct-stack-fallback -> 0x1411e42da (n=9097216)
[SKIP] Execute-fault RIP=0x7ffc871f9240 direct-stack-fallback -> 0x1411e42da (n=9101312)
[SKIP] Execute-fault RIP=0x7ffc871f9240 direct-stack-fallback -> 0x1411e42da (n=9105408)
[SKIP] Execute-fault RIP=0x7ffc871f9240 direct-stack-fallback -> 0x1411e42da (n=9109504)
[SKIP] Execute-fault RIP=0x7ffc871f9240 direct-stack-fallback -> 0x1411e42da (n=9113600)
[SKIP] Execute-fault RIP=0x7ffc871f9240 direct-stack-fallback -> 0x1411e42da (n=9117696)
[SKIP] Execute-fault RIP=0x7ffc871f9240 direct-stack-fallback -> 0x1411e42da (n=9121792)
[SKIP] Execute-fault RIP=0x7ffc871f9240 direct-stack-fallback -> 0x1411e42da (n=9125888)
[SKIP] Execute-fault RIP=0x7ffc871f9240 direct-stack-fallback -> 0x1411e42da (n=9129984)
[SKIP] Execute-fault RIP=0x7ffc871f9240 direct-stack-fallback -> 0x1411e42da (n=9134080)
[SKIP] Execute-fault RIP=0x7ffc871f9240 direct-stack-fallback -> 0x1411e42da (n=9138176)
[SKIP] Execute-fault RIP=0x7ffc871f9240 direct-stack-fallback -> 0x1411e42da (n=9142272)
[SKIP] Execute-fault RIP=0x7ffc871f9240 direct-stack-fallback -> 0x1411e42da (n=9146368)
[SKIP] Execute-fault RIP=0x7ffc871f9240 direct-stack-fallback -> 0x1411e42da (n=9150464)
[SKIP] Execute-fault RIP=0x7ffc871f9240 direct-stack-fallback -> 0x1411e42da (n=9154560)
[SKIP] Execute-fault RIP=0x7ffc871f9240 direct-stack-fallback -> 0x1411e42da (n=9158656)
[SKIP] Execute-fault RIP=0x7ffc871f9240 direct-stack-fallback -> 0x1411e42da (n=9162752)
[SKIP] Execute-fault RIP=0x7ffc871f9240 direct-stack-fallback -> 0x1411e42da (n=9166848)
[SKIP] Execute-fault RIP=0x7ffc871f9240 direct-stack-fallback -> 0x1411e42da (n=9170944)
[SKIP] Execute-fault RIP=0x7ffc871f9240 direct-stack-fallback -> 0x1411e42da (n=9175040)
[SKIP] Execute-fault RIP=0x7ffc871f9240 direct-stack-fallback -> 0x1411e42da (n=9179136)
[SKIP] Execute-fault RIP=0x7ffc871f9240 direct-stack-fallback -> 0x1411e42da (n=9183232)
[SKIP] Execute-fault RIP=0x7ffc871f9240 direct-stack-fallback -> 0x1411e42da (n=9187328)
[SKIP] Execute-fault RIP=0x7ffc871f9240 direct-stack-fallback -> 0x1411e42da (n=9191424)
[SKIP] Execute-fault RIP=0x7ffc871f9240 direct-stack-fallback -> 0x1411e42da (n=9195520)
[SKIP] Execute-fault RIP=0x7ffc871f9240 direct-stack-fallback -> 0x1411e42da (n=9199616)
[SKIP] Execute-fault RIP=0x7ffc871f9240 direct-stack-fallback -> 0x1411e42da (n=9203712)
[SKIP] Execute-fault RIP=0x7ffc871f9240 direct-stack-fallback -> 0x1411e42da (n=9207808)
[SKIP] Execute-fault RIP=0x7ffc871f9240 direct-stack-fallback -> 0x1411e42da (n=9211904)
[SKIP] Execute-fault RIP=0x7ffc871f9240 direct-stack-fallback -> 0x1411e42da (n=9216000)
[SKIP] Execute-fault RIP=0x7ffc871f9240 direct-stack-fallback -> 0x1411e42da (n=9220096)
[SKIP] Execute-fault RIP=0x7ffc871f9240 direct-stack-fallback -> 0x1411e42da (n=9224192)
[SKIP] Execute-fault RIP=0x7ffc871f9240 direct-stack-fallback -> 0x1411e42da (n=9228288)
[SKIP] Execute-fault RIP=0x7ffc871f9240 direct-stack-fallback -> 0x1411e42da (n=9232384)
[SKIP] Execute-fault RIP=0x7ffc871f9240 direct-stack-fallback -> 0x1411e42da (n=9236480)
[SKIP] Execute-fault RIP=0x7ffc871f9240 direct-stack-fallback -> 0x1411e42da (n=9240576)
[SKIP] Execute-fault RIP=0x7ffc871f9240 direct-stack-fallback -> 0x1411e42da (n=9244672)
[SKIP] Execute-fault RIP=0x7ffc871f9240 direct-stack-fallback -> 0x1411e42da (n=9248768)
[SKIP] Execute-fault RIP=0x7ffc871f9240 direct-stack-fallback -> 0x1411e42da (n=9252864)
[SKIP] Execute-fault RIP=0x7ffc871f9240 direct-stack-fallback -> 0x1411e42da (n=9256960)
[SKIP] Execute-fault RIP=0x7ffc871f9240 direct-stack-fallback -> 0x1411e42da (n=9261056)
[SKIP] Execute-fault RIP=0x7ffc871f9240 direct-stack-fallback -> 0x1411e42da (n=9265152)
[SKIP] Execute-fault RIP=0x7ffc871f9240 direct-stack-fallback -> 0x1411e42da (n=9269248)
[SKIP] Execute-fault RIP=0x7ffc871f9240 direct-stack-fallback -> 0x1411e42da (n=9273344)
[SKIP] Execute-fault RIP=0x7ffc871f9240 direct-stack-fallback -> 0x1411e42da (n=9277440)
[SKIP] Execute-fault RIP=0x7ffc871f9240 direct-stack-fallback -> 0x1411e42da (n=9281536)
[SKIP] Execute-fault RIP=0x7ffc871f9240 direct-stack-fallback -> 0x1411e42da (n=9285632)
[SKIP] Execute-fault RIP=0x7ffc871f9240 direct-stack-fallback -> 0x1411e42da (n=9289728)
[SKIP] Execute-fault RIP=0x7ffc871f9240 direct-stack-fallback -> 0x1411e42da (n=9293824)
[SKIP] Execute-fault RIP=0x7ffc871f9240 direct-stack-fallback -> 0x1411e42da (n=9297920)
[SKIP] Execute-fault RIP=0x7ffc871f9240 direct-stack-fallback -> 0x1411e42da (n=9302016)
[SKIP] Execute-fault RIP=0x7ffc871f9240 direct-stack-fallback -> 0x1411e42da (n=9306112)
[SKIP] Execute-fault RIP=0x7ffc871f9240 direct-stack-fallback -> 0x1411e42da (n=9310208)
[SKIP] Execute-fault RIP=0x7ffc871f9240 direct-stack-fallback -> 0x1411e42da (n=9314304)
[SKIP] Execute-fault RIP=0x7ffc871f9240 direct-stack-fallback -> 0x1411e42da (n=9318400)
[SKIP] Execute-fault RIP=0x7ffc871f9240 direct-stack-fallback -> 0x1411e42da (n=9322496)
[SKIP] Execute-fault RIP=0x7ffc871f9240 direct-stack-fallback -> 0x1411e42da (n=9326592)
[SKIP] Execute-fault RIP=0x7ffc871f9240 direct-stack-fallback -> 0x1411e42da (n=9330688)
[SKIP] Execute-fault RIP=0x7ffc871f9240 direct-stack-fallback -> 0x1411e42da (n=9334784)
[SKIP] Execute-fault RIP=0x7ffc871f9240 direct-stack-fallback -> 0x1411e42da (n=9338880)
[SKIP] Execute-fault RIP=0x7ffc871f9240 direct-stack-fallback -> 0x1411e42da (n=9342976)
[SKIP] Execute-fault RIP=0x7ffc871f9240 direct-stack-fallback -> 0x1411e42da (n=9347072)
[SKIP] Execute-fault RIP=0x7ffc871f9240 direct-stack-fallback -> 0x1411e42da (n=9351168)
[SKIP] Execute-fault RIP=0x7ffc871f9240 direct-stack-fallback -> 0x1411e42da (n=9355264)
[SKIP] Execute-fault RIP=0x7ffc871f9240 direct-stack-fallback -> 0x1411e42da (n=9359360)
[SKIP] Execute-fault RIP=0x7ffc871f9240 direct-stack-fallback -> 0x1411e42da (n=9363456)
[SKIP] Execute-fault RIP=0x7ffc871f9240 direct-stack-fallback -> 0x1411e42da (n=9367552)
[SKIP] Execute-fault RIP=0x7ffc871f9240 direct-stack-fallback -> 0x1411e42da (n=9371648)
[SKIP] Execute-fault RIP=0x7ffc871f9240 direct-stack-fallback -> 0x1411e42da (n=9375744)
[SKIP] Execute-fault RIP=0x7ffc871f9240 direct-stack-fallback -> 0x1411e42da (n=9379840)
[SKIP] Execute-fault RIP=0x7ffc871f9240 direct-stack-fallback -> 0x1411e42da (n=9383936)
[SKIP] Execute-fault RIP=0x7ffc871f9240 direct-stack-fallback -> 0x1411e42da (n=9388032)
[SKIP] Execute-fault RIP=0x7ffc871f9240 direct-stack-fallback -> 0x1411e42da (n=9392128)
[SKIP] Execute-fault RIP=0x7ffc871f9240 direct-stack-fallback -> 0x1411e42da (n=9396224)
[SKIP] Execute-fault RIP=0x7ffc871f9240 direct-stack-fallback -> 0x1411e42da (n=9400320)
[SKIP] Execute-fault RIP=0x7ffc871f9240 direct-stack-fallback -> 0x1411e42da (n=9404416)
[SKIP] Execute-fault RIP=0x7ffc871f9240 direct-stack-fallback -> 0x1411e42da (n=9408512)
[SKIP] Execute-fault RIP=0x7ffc871f9240 direct-stack-fallback -> 0x1411e42da (n=9412608)
[SKIP] Execute-fault RIP=0x7ffc871f9240 direct-stack-fallback -> 0x1411e42da (n=9416704)
[SKIP] Execute-fault RIP=0x7ffc871f9240 direct-stack-fallback -> 0x1411e42da (n=9420800)
[SKIP] Execute-fault RIP=0x7ffc871f9240 direct-stack-fallback -> 0x1411e42da (n=9424896)
[SKIP] Execute-fault RIP=0x7ffc871f9240 direct-stack-fallback -> 0x1411e42da (n=9428992)
[SKIP] Execute-fault RIP=0x7ffc871f9240 direct-stack-fallback -> 0x1411e42da (n=9433088)
[SKIP] Execute-fault RIP=0x7ffc871f9240 direct-stack-fallback -> 0x1411e42da (n=9437184)
[SKIP] Execute-fault RIP=0x7ffc871f9240 direct-stack-fallback -> 0x1411e42da (n=9441280)
[SKIP] Execute-fault RIP=0x7ffc871f9240 direct-stack-fallback -> 0x1411e42da (n=9445376)
[SKIP] Execute-fault RIP=0x7ffc871f9240 direct-stack-fallback -> 0x1411e42da (n=9449472)
[SKIP] Execute-fault RIP=0x7ffc871f9240 direct-stack-fallback -> 0x1411e42da (n=9453568)
[SKIP] Execute-fault RIP=0x7ffc871f9240 direct-stack-fallback -> 0x1411e42da (n=9457664)
[SKIP] Execute-fault RIP=0x7ffc871f9240 direct-stack-fallback -> 0x1411e42da (n=9461760)
[SKIP] Execute-fault RIP=0x7ffc871f9240 direct-stack-fallback -> 0x1411e42da (n=9465856)
[SKIP] Execute-fault RIP=0x7ffc871f9240 direct-stack-fallback -> 0x1411e42da (n=9469952)
[SKIP] Execute-fault RIP=0x7ffc871f9240 direct-stack-fallback -> 0x1411e42da (n=9474048)
[SKIP] Execute-fault RIP=0x7ffc871f9240 direct-stack-fallback -> 0x1411e42da (n=9478144)
[SKIP] Execute-fault RIP=0x7ffc871f9240 direct-stack-fallback -> 0x1411e42da (n=9482240)
[SKIP] Execute-fault RIP=0x7ffc871f9240 direct-stack-fallback -> 0x1411e42da (n=9486336)
[SKIP] Execute-fault RIP=0x7ffc871f9240 direct-stack-fallback -> 0x1411e42da (n=9490432)
[SKIP] Execute-fault RIP=0x7ffc871f9240 direct-stack-fallback -> 0x1411e42da (n=9494528)
[SKIP] Execute-fault RIP=0x7ffc871f9240 direct-stack-fallback -> 0x1411e42da (n=9498624)
[SKIP] Execute-fault RIP=0x7ffc871f9240 direct-stack-fallback -> 0x1411e42da (n=9502720)
[SKIP] Execute-fault RIP=0x7ffc871f9240 direct-stack-fallback -> 0x1411e42da (n=9506816)
[SKIP] Execute-fault RIP=0x7ffc871f9240 direct-stack-fallback -> 0x1411e42da (n=9510912)
[SKIP] Execute-fault RIP=0x7ffc871f9240 direct-stack-fallback -> 0x1411e42da (n=9515008)
[SKIP] Execute-fault RIP=0x7ffc871f9240 direct-stack-fallback -> 0x1411e42da (n=9519104)
[SKIP] Execute-fault RIP=0x7ffc871f9240 direct-stack-fallback -> 0x1411e42da (n=9523200)
[SKIP] Execute-fault RIP=0x7ffc871f9240 direct-stack-fallback -> 0x1411e42da (n=9527296)
[SKIP] Execute-fault RIP=0x7ffc871f9240 direct-stack-fallback -> 0x1411e42da (n=9531392)
[SKIP] Execute-fault RIP=0x7ffc871f9240 direct-stack-fallback -> 0x1411e42da (n=9535488)
[SKIP] Execute-fault RIP=0x7ffc871f9240 direct-stack-fallback -> 0x1411e42da (n=9539584)
[SKIP] Execute-fault RIP=0x7ffc871f9240 direct-stack-fallback -> 0x1411e42da (n=9543680)
[SKIP] Execute-fault RIP=0x7ffc871f9240 direct-stack-fallback -> 0x1411e42da (n=9547776)
[SKIP] Execute-fault RIP=0x7ffc871f9240 direct-stack-fallback -> 0x1411e42da (n=9551872)
[SKIP] Execute-fault RIP=0x7ffc871f9240 direct-stack-fallback -> 0x1411e42da (n=9555968)
[SKIP] Execute-fault RIP=0x7ffc871f9240 direct-stack-fallback -> 0x1411e42da (n=9560064)
[SKIP] Execute-fault RIP=0x7ffc871f9240 direct-stack-fallback -> 0x1411e42da (n=9564160)
[SKIP] Execute-fault RIP=0x7ffc871f9240 direct-stack-fallback -> 0x1411e42da (n=9568256)
[SKIP] Execute-fault RIP=0x7ffc871f9240 direct-stack-fallback -> 0x1411e42da (n=9572352)
[SKIP] Execute-fault RIP=0x7ffc871f9240 direct-stack-fallback -> 0x1411e42da (n=9576448)
[SKIP] Execute-fault RIP=0x7ffc871f9240 direct-stack-fallback -> 0x1411e42da (n=9580544)
[SKIP] Execute-fault RIP=0x7ffc871f9240 direct-stack-fallback -> 0x1411e42da (n=9584640)
[SKIP] Execute-fault RIP=0x7ffc871f9240 direct-stack-fallback -> 0x1411e42da (n=9588736)
[SKIP] Execute-fault RIP=0x7ffc871f9240 direct-stack-fallback -> 0x1411e42da (n=9592832)
[SKIP] Execute-fault RIP=0x7ffc871f9240 direct-stack-fallback -> 0x1411e42da (n=9596928)
[SKIP] Execute-fault RIP=0x7ffc871f9240 direct-stack-fallback -> 0x1411e42da (n=9601024)
[SKIP] Execute-fault RIP=0x7ffc871f9240 direct-stack-fallback -> 0x1411e42da (n=9605120)
[SKIP] Execute-fault RIP=0x7ffc871f9240 direct-stack-fallback -> 0x1411e42da (n=9609216)
[SKIP] Execute-fault RIP=0x7ffc871f9240 direct-stack-fallback -> 0x1411e42da (n=9613312)
[SKIP] Execute-fault RIP=0x7ffc871f9240 direct-stack-fallback -> 0x1411e42da (n=9617408)
[SKIP] Execute-fault RIP=0x7ffc871f9240 direct-stack-fallback -> 0x1411e42da (n=9621504)
[SKIP] Execute-fault RIP=0x7ffc871f9240 direct-stack-fallback -> 0x1411e42da (n=9625600)
[SKIP] Execute-fault RIP=0x7ffc871f9240 direct-stack-fallback -> 0x1411e42da (n=9629696)
[SKIP] Execute-fault RIP=0x7ffc871f9240 direct-stack-fallback -> 0x1411e42da (n=9633792)
[SKIP] Execute-fault RIP=0x7ffc871f9240 direct-stack-fallback -> 0x1411e42da (n=9637888)
[SKIP] Execute-fault RIP=0x7ffc871f9240 direct-stack-fallback -> 0x1411e42da (n=9641984)
[SKIP] Execute-fault RIP=0x7ffc871f9240 direct-stack-fallback -> 0x1411e42da (n=9646080)
[SKIP] Execute-fault RIP=0x7ffc871f9240 direct-stack-fallback -> 0x1411e42da (n=9650176)
[SKIP] Execute-fault RIP=0x7ffc871f9240 direct-stack-fallback -> 0x1411e42da (n=9654272)
[SKIP] Execute-fault RIP=0x7ffc871f9240 direct-stack-fallback -> 0x1411e42da (n=9658368)
[SKIP] Execute-fault RIP=0x7ffc871f9240 direct-stack-fallback -> 0x1411e42da (n=9662464)
[SKIP] Execute-fault RIP=0x7ffc871f9240 direct-stack-fallback -> 0x1411e42da (n=9666560)
[SKIP] Execute-fault RIP=0x7ffc871f9240 direct-stack-fallback -> 0x1411e42da (n=9670656)
[SKIP] Execute-fault RIP=0x7ffc871f9240 direct-stack-fallback -> 0x1411e42da (n=9674752)
[SKIP] Execute-fault RIP=0x7ffc871f9240 direct-stack-fallback -> 0x1411e42da (n=9678848)
[SKIP] Execute-fault RIP=0x7ffc871f9240 direct-stack-fallback -> 0x1411e42da (n=9682944)
[SKIP] Execute-fault RIP=0x7ffc871f9240 direct-stack-fallback -> 0x1411e42da (n=9687040)
[SKIP] Execute-fault RIP=0x7ffc871f9240 direct-stack-fallback -> 0x1411e42da (n=9691136)
[SKIP] Execute-fault RIP=0x7ffc871f9240 direct-stack-fallback -> 0x1411e42da (n=9695232)
[SKIP] Execute-fault RIP=0x7ffc871f9240 direct-stack-fallback -> 0x1411e42da (n=9699328)
[SKIP] Execute-fault RIP=0x7ffc871f9240 direct-stack-fallback -> 0x1411e42da (n=9703424)
[SKIP] Execute-fault RIP=0x7ffc871f9240 direct-stack-fallback -> 0x1411e42da (n=9707520)
[SKIP] Execute-fault RIP=0x7ffc871f9240 direct-stack-fallback -> 0x1411e42da (n=9711616)
[SKIP] Execute-fault RIP=0x7ffc871f9240 direct-stack-fallback -> 0x1411e42da (n=9715712)
[SKIP] Execute-fault RIP=0x7ffc871f9240 direct-stack-fallback -> 0x1411e42da (n=9719808)
[SKIP] Execute-fault RIP=0x7ffc871f9240 direct-stack-fallback -> 0x1411e42da (n=9723904)
[SKIP] Execute-fault RIP=0x7ffc871f9240 direct-stack-fallback -> 0x1411e42da (n=9728000)
[SKIP] Execute-fault RIP=0x7ffc871f9240 direct-stack-fallback -> 0x1411e42da (n=9732096)
[SKIP] Execute-fault RIP=0x7ffc871f9240 direct-stack-fallback -> 0x1411e42da (n=9736192)
[SKIP] Execute-fault RIP=0x7ffc871f9240 direct-stack-fallback -> 0x1411e42da (n=9740288)
[SKIP] Execute-fault RIP=0x7ffc871f9240 direct-stack-fallback -> 0x1411e42da (n=9744384)
[SKIP] Execute-fault RIP=0x7ffc871f9240 direct-stack-fallback -> 0x1411e42da (n=9748480)
[SKIP] Execute-fault RIP=0x7ffc871f9240 direct-stack-fallback -> 0x1411e42da (n=9752576)
[SKIP] Execute-fault RIP=0x7ffc871f9240 direct-stack-fallback -> 0x1411e42da (n=9756672)
[SKIP] Execute-fault RIP=0x7ffc871f9240 direct-stack-fallback -> 0x1411e42da (n=9760768)
[SKIP] Execute-fault RIP=0x7ffc871f9240 direct-stack-fallback -> 0x1411e42da (n=9764864)
[SKIP] Execute-fault RIP=0x7ffc871f9240 direct-stack-fallback -> 0x1411e42da (n=9768960)
[SKIP] Execute-fault RIP=0x7ffc871f9240 direct-stack-fallback -> 0x1411e42da (n=9773056)
[SKIP] Execute-fault RIP=0x7ffc871f9240 direct-stack-fallback -> 0x1411e42da (n=9777152)
[SKIP] Execute-fault RIP=0x7ffc871f9240 direct-stack-fallback -> 0x1411e42da (n=9781248)
[SKIP] Execute-fault RIP=0x7ffc871f9240 direct-stack-fallback -> 0x1411e42da (n=9785344)
[SKIP] Execute-fault RIP=0x7ffc871f9240 direct-stack-fallback -> 0x1411e42da (n=9789440)
[SKIP] Execute-fault RIP=0x7ffc871f9240 direct-stack-fallback -> 0x1411e42da (n=9793536)
[SKIP] Execute-fault RIP=0x7ffc871f9240 direct-stack-fallback -> 0x1411e42da (n=9797632)
[SKIP] Execute-fault RIP=0x7ffc871f9240 direct-stack-fallback -> 0x1411e42da (n=9801728)
[SKIP] Execute-fault RIP=0x7ffc871f9240 direct-stack-fallback -> 0x1411e42da (n=9805824)
[SKIP] Execute-fault RIP=0x7ffc871f9240 direct-stack-fallback -> 0x1411e42da (n=9809920)
[SKIP] Execute-fault RIP=0x7ffc871f9240 direct-stack-fallback -> 0x1411e42da (n=9814016)
[SKIP] Execute-fault RIP=0x7ffc871f9240 direct-stack-fallback -> 0x1411e42da (n=9818112)
[SKIP] Execute-fault RIP=0x7ffc871f9240 direct-stack-fallback -> 0x1411e42da (n=9822208)
[SKIP] Execute-fault RIP=0x7ffc871f9240 direct-stack-fallback -> 0x1411e42da (n=9826304)
[SKIP] Execute-fault RIP=0x7ffc871f9240 direct-stack-fallback -> 0x1411e42da (n=9830400)
[SKIP] Execute-fault RIP=0x7ffc871f9240 direct-stack-fallback -> 0x1411e42da (n=9834496)
[SKIP] Execute-fault RIP=0x7ffc871f9240 direct-stack-fallback -> 0x1411e42da (n=9838592)
[SKIP] Execute-fault RIP=0x7ffc871f9240 direct-stack-fallback -> 0x1411e42da (n=9842688)
[SKIP] Execute-fault RIP=0x7ffc871f9240 direct-stack-fallback -> 0x1411e42da (n=9846784)
[SKIP] Execute-fault RIP=0x7ffc871f9240 direct-stack-fallback -> 0x1411e42da (n=9850880)
[SKIP] Execute-fault RIP=0x7ffc871f9240 direct-stack-fallback -> 0x1411e42da (n=9854976)
[SKIP] Execute-fault RIP=0x7ffc871f9240 direct-stack-fallback -> 0x1411e42da (n=9859072)
[SKIP] Execute-fault RIP=0x7ffc871f9240 direct-stack-fallback -> 0x1411e42da (n=9863168)
[SKIP] Execute-fault RIP=0x7ffc871f9240 direct-stack-fallback -> 0x1411e42da (n=9867264)
[SKIP] Execute-fault RIP=0x7ffc871f9240 direct-stack-fallback -> 0x1411e42da (n=9871360)
[SKIP] Execute-fault RIP=0x7ffc871f9240 direct-stack-fallback -> 0x1411e42da (n=9875456)
[SKIP] Execute-fault RIP=0x7ffc871f9240 direct-stack-fallback -> 0x1411e42da (n=9879552)
[SKIP] Execute-fault RIP=0x7ffc871f9240 direct-stack-fallback -> 0x1411e42da (n=9883648)
[SKIP] Execute-fault RIP=0x7ffc871f9240 direct-stack-fallback -> 0x1411e42da (n=9887744)
[SKIP] Execute-fault RIP=0x7ffc871f9240 direct-stack-fallback -> 0x1411e42da (n=9891840)
[SKIP] Execute-fault RIP=0x7ffc871f9240 direct-stack-fallback -> 0x1411e42da (n=9895936)
[SKIP] Execute-fault RIP=0x7ffc871f9240 direct-stack-fallback -> 0x1411e42da (n=9900032)
[SKIP] Execute-fault RIP=0x7ffc871f9240 direct-stack-fallback -> 0x1411e42da (n=9904128)
[SKIP] Execute-fault RIP=0x7ffc871f9240 direct-stack-fallback -> 0x1411e42da (n=9908224)
[SKIP] Execute-fault RIP=0x7ffc871f9240 direct-stack-fallback -> 0x1411e42da (n=9912320)
[SKIP] Execute-fault RIP=0x7ffc871f9240 direct-stack-fallback -> 0x1411e42da (n=9916416)
[SKIP] Execute-fault RIP=0x7ffc871f9240 direct-stack-fallback -> 0x1411e42da (n=9920512)
[SKIP] Execute-fault RIP=0x7ffc871f9240 direct-stack-fallback -> 0x1411e42da (n=9924608)
[SKIP] Execute-fault RIP=0x7ffc871f9240 direct-stack-fallback -> 0x1411e42da (n=9928704)
[SKIP] Execute-fault RIP=0x7ffc871f9240 direct-stack-fallback -> 0x1411e42da (n=9932800)
[SKIP] Execute-fault RIP=0x7ffc871f9240 direct-stack-fallback -> 0x1411e42da (n=9936896)
[SKIP] Execute-fault RIP=0x7ffc871f9240 direct-stack-fallback -> 0x1411e42da (n=9940992)
[SKIP] Execute-fault RIP=0x7ffc871f9240 direct-stack-fallback -> 0x1411e42da (n=9945088)
[SKIP] Execute-fault RIP=0x7ffc871f9240 direct-stack-fallback -> 0x1411e42da (n=9949184)
[SKIP] Execute-fault RIP=0x7ffc871f9240 direct-stack-fallback -> 0x1411e42da (n=9953280)
[SKIP] Execute-fault RIP=0x7ffc871f9240 direct-stack-fallback -> 0x1411e42da (n=9957376)
[SKIP] Execute-fault RIP=0x7ffc871f9240 direct-stack-fallback -> 0x1411e42da (n=9961472)
[SKIP] Execute-fault RIP=0x7ffc871f9240 direct-stack-fallback -> 0x1411e42da (n=9965568)
[SKIP] Execute-fault RIP=0x7ffc871f9240 direct-stack-fallback -> 0x1411e42da (n=9969664)
[SKIP] Execute-fault RIP=0x7ffc871f9240 direct-stack-fallback -> 0x1411e42da (n=9973760)
[SKIP] Execute-fault RIP=0x7ffc871f9240 direct-stack-fallback -> 0x1411e42da (n=9977856)
[SKIP] Execute-fault RIP=0x7ffc871f9240 direct-stack-fallback -> 0x1411e42da (n=9981952)
[SKIP] Execute-fault RIP=0x7ffc871f9240 direct-stack-fallback -> 0x1411e42da (n=9986048)
[SKIP] Execute-fault RIP=0x7ffc871f9240 direct-stack-fallback -> 0x1411e42da (n=9990144)
[SKIP] Execute-fault RIP=0x7ffc871f9240 direct-stack-fallback -> 0x1411e42da (n=9994240)
[SKIP] Execute-fault RIP=0x7ffc871f9240 direct-stack-fallback -> 0x1411e42da (n=9998336)
[SKIP] Execute-fault RIP=0x7ffc871f9240 direct-stack-fallback -> 0x1411e42da (n=10002432)
[SKIP] Execute-fault RIP=0x7ffc871f9240 direct-stack-fallback -> 0x1411e42da (n=10006528)
[SKIP] Execute-fault RIP=0x7ffc871f9240 direct-stack-fallback -> 0x1411e42da (n=10010624)
[SKIP] Execute-fault RIP=0x7ffc871f9240 direct-stack-fallback -> 0x1411e42da (n=10014720)
[SKIP] Execute-fault RIP=0x7ffc871f9240 direct-stack-fallback -> 0x1411e42da (n=10018816)
[SKIP] Execute-fault RIP=0x7ffc871f9240 direct-stack-fallback -> 0x1411e42da (n=10022912)
[SKIP] Execute-fault RIP=0x7ffc871f9240 direct-stack-fallback -> 0x1411e42da (n=10027008)
[SKIP] Execute-fault RIP=0x7ffc871f9240 direct-stack-fallback -> 0x1411e42da (n=10031104)
[SKIP] Execute-fault RIP=0x7ffc871f9240 direct-stack-fallback -> 0x1411e42da (n=10035200)
[SKIP] Execute-fault RIP=0x7ffc871f9240 direct-stack-fallback -> 0x1411e42da (n=10039296)
[SKIP] Execute-fault RIP=0x7ffc871f9240 direct-stack-fallback -> 0x1411e42da (n=10043392)
[SKIP] Execute-fault RIP=0x7ffc871f9240 direct-stack-fallback -> 0x1411e42da (n=10047488)
[SKIP] Execute-fault RIP=0x7ffc871f9240 direct-stack-fallback -> 0x1411e42da (n=10051584)
[SKIP] Execute-fault RIP=0x7ffc871f9240 direct-stack-fallback -> 0x1411e42da (n=10055680)
[SKIP] Execute-fault RIP=0x7ffc871f9240 direct-stack-fallback -> 0x1411e42da (n=10059776)
[SKIP] Execute-fault RIP=0x7ffc871f9240 direct-stack-fallback -> 0x1411e42da (n=10063872)
[SKIP] Execute-fault RIP=0x7ffc871f9240 direct-stack-fallback -> 0x1411e42da (n=10067968)
[SKIP] Execute-fault RIP=0x7ffc871f9240 direct-stack-fallback -> 0x1411e42da (n=10072064)
[SKIP] Execute-fault RIP=0x7ffc871f9240 direct-stack-fallback -> 0x1411e42da (n=10076160)
[SKIP] Execute-fault RIP=0x7ffc871f9240 direct-stack-fallback -> 0x1411e42da (n=10080256)
[SKIP] Execute-fault RIP=0x7ffc871f9240 direct-stack-fallback -> 0x1411e42da (n=10084352)
[SKIP] Execute-fault RIP=0x7ffc871f9240 direct-stack-fallback -> 0x1411e42da (n=10088448)
[SKIP] Execute-fault RIP=0x7ffc871f9240 direct-stack-fallback -> 0x1411e42da (n=10092544)
[SKIP] Execute-fault RIP=0x7ffc871f9240 direct-stack-fallback -> 0x1411e42da (n=10096640)
[SKIP] Execute-fault RIP=0x7ffc871f9240 direct-stack-fallback -> 0x1411e42da (n=10100736)
[SKIP] Execute-fault RIP=0x7ffc871f9240 direct-stack-fallback -> 0x1411e42da (n=10104832)
[SKIP] Execute-fault RIP=0x7ffc871f9240 direct-stack-fallback -> 0x1411e42da (n=10108928)
[SKIP] Execute-fault RIP=0x7ffc871f9240 direct-stack-fallback -> 0x1411e42da (n=10113024)
[SKIP] Execute-fault RIP=0x7ffc871f9240 direct-stack-fallback -> 0x1411e42da (n=10117120)
[SKIP] Execute-fault RIP=0x7ffc871f9240 direct-stack-fallback -> 0x1411e42da (n=10121216)
[SKIP] Execute-fault RIP=0x7ffc871f9240 direct-stack-fallback -> 0x1411e42da (n=10125312)
[SKIP] Execute-fault RIP=0x7ffc871f9240 direct-stack-fallback -> 0x1411e42da (n=10129408)
[SKIP] Execute-fault RIP=0x7ffc871f9240 direct-stack-fallback -> 0x1411e42da (n=10133504)
[SKIP] Execute-fault RIP=0x7ffc871f9240 direct-stack-fallback -> 0x1411e42da (n=10137600)
[SKIP] Execute-fault RIP=0x7ffc871f9240 direct-stack-fallback -> 0x1411e42da (n=10141696)
[SKIP] Execute-fault RIP=0x7ffc871f9240 direct-stack-fallback -> 0x1411e42da (n=10145792)
[SKIP] Execute-fault RIP=0x7ffc871f9240 direct-stack-fallback -> 0x1411e42da (n=10149888)
[SKIP] Execute-fault RIP=0x7ffc871f9240 direct-stack-fallback -> 0x1411e42da (n=10153984)
[SKIP] Execute-fault RIP=0x7ffc871f9240 direct-stack-fallback -> 0x1411e42da (n=10158080)
[SKIP] Execute-fault RIP=0x7ffc871f9240 direct-stack-fallback -> 0x1411e42da (n=10162176)
[SKIP] Execute-fault RIP=0x7ffc871f9240 direct-stack-fallback -> 0x1411e42da (n=10166272)
[SKIP] Execute-fault RIP=0x7ffc871f9240 direct-stack-fallback -> 0x1411e42da (n=10170368)
[SKIP] Execute-fault RIP=0x7ffc871f9240 direct-stack-fallback -> 0x1411e42da (n=10174464)
[SKIP] Execute-fault RIP=0x7ffc871f9240 direct-stack-fallback -> 0x1411e42da (n=10178560)
[SKIP] Execute-fault RIP=0x7ffc871f9240 direct-stack-fallback -> 0x1411e42da (n=10182656)
[SKIP] Execute-fault RIP=0x7ffc871f9240 direct-stack-fallback -> 0x1411e42da (n=10186752)
[SKIP] Execute-fault RIP=0x7ffc871f9240 direct-stack-fallback -> 0x1411e42da (n=10190848)
[SKIP] Execute-fault RIP=0x7ffc871f9240 direct-stack-fallback -> 0x1411e42da (n=10194944)
[SKIP] Execute-fault RIP=0x7ffc871f9240 direct-stack-fallback -> 0x1411e42da (n=10199040)
[SKIP] Execute-fault RIP=0x7ffc871f9240 direct-stack-fallback -> 0x1411e42da (n=10203136)
[SKIP] Execute-fault RIP=0x7ffc871f9240 direct-stack-fallback -> 0x1411e42da (n=10207232)
[SKIP] Execute-fault RIP=0x7ffc871f9240 direct-stack-fallback -> 0x1411e42da (n=10211328)
[SKIP] Execute-fault RIP=0x7ffc871f9240 direct-stack-fallback -> 0x1411e42da (n=10215424)
[SKIP] Execute-fault RIP=0x7ffc871f9240 direct-stack-fallback -> 0x1411e42da (n=10219520)
[SKIP] Execute-fault RIP=0x7ffc871f9240 direct-stack-fallback -> 0x1411e42da (n=10223616)
[SKIP] Execute-fault RIP=0x7ffc871f9240 direct-stack-fallback -> 0x1411e42da (n=10227712)
[SKIP] Execute-fault RIP=0x7ffc871f9240 direct-stack-fallback -> 0x1411e42da (n=10231808)
[SKIP] Execute-fault RIP=0x7ffc871f9240 direct-stack-fallback -> 0x1411e42da (n=10235904)
[SKIP] Execute-fault RIP=0x7ffc871f9240 direct-stack-fallback -> 0x1411e42da (n=10240000)
[SKIP] Execute-fault RIP=0x7ffc871f9240 direct-stack-fallback -> 0x1411e42da (n=10244096)
[SKIP] Execute-fault RIP=0x7ffc871f9240 direct-stack-fallback -> 0x1411e42da (n=10248192)
[SKIP] Execute-fault RIP=0x7ffc871f9240 direct-stack-fallback -> 0x1411e42da (n=10252288)
[SKIP] Execute-fault RIP=0x7ffc871f9240 direct-stack-fallback -> 0x1411e42da (n=10256384)
[SKIP] Execute-fault RIP=0x7ffc871f9240 direct-stack-fallback -> 0x1411e42da (n=10260480)
[SKIP] Execute-fault RIP=0x7ffc871f9240 direct-stack-fallback -> 0x1411e42da (n=10264576)
[SKIP] Execute-fault RIP=0x7ffc871f9240 direct-stack-fallback -> 0x1411e42da (n=10268672)
[SKIP] Execute-fault RIP=0x7ffc871f9240 direct-stack-fallback -> 0x1411e42da (n=10272768)
[SKIP] Execute-fault RIP=0x7ffc871f9240 direct-stack-fallback -> 0x1411e42da (n=10276864)
[SKIP] Execute-fault RIP=0x7ffc871f9240 direct-stack-fallback -> 0x1411e42da (n=10280960)
[SKIP] Execute-fault RIP=0x7ffc871f9240 direct-stack-fallback -> 0x1411e42da (n=10285056)
[SKIP] Execute-fault RIP=0x7ffc871f9240 direct-stack-fallback -> 0x1411e42da (n=10289152)
[SKIP] Execute-fault RIP=0x7ffc871f9240 direct-stack-fallback -> 0x1411e42da (n=10293248)
[SKIP] Execute-fault RIP=0x7ffc871f9240 direct-stack-fallback -> 0x1411e42da (n=10297344)
[SKIP] Execute-fault RIP=0x7ffc871f9240 direct-stack-fallback -> 0x1411e42da (n=10301440)
[SKIP] Execute-fault RIP=0x7ffc871f9240 direct-stack-fallback -> 0x1411e42da (n=10305536)
[SKIP] Execute-fault RIP=0x7ffc871f9240 direct-stack-fallback -> 0x1411e42da (n=10309632)
[SKIP] Execute-fault RIP=0x7ffc871f9240 direct-stack-fallback -> 0x1411e42da (n=10313728)
[SKIP] Execute-fault RIP=0x7ffc871f9240 direct-stack-fallback -> 0x1411e42da (n=10317824)
[SKIP] Execute-fault RIP=0x7ffc871f9240 direct-stack-fallback -> 0x1411e42da (n=10321920)
[SKIP] Execute-fault RIP=0x7ffc871f9240 direct-stack-fallback -> 0x1411e42da (n=10326016)
[SKIP] Execute-fault RIP=0x7ffc871f9240 direct-stack-fallback -> 0x1411e42da (n=10330112)
[SKIP] Execute-fault RIP=0x7ffc871f9240 direct-stack-fallback -> 0x1411e42da (n=10334208)
[SKIP] Execute-fault RIP=0x7ffc871f9240 direct-stack-fallback -> 0x1411e42da (n=10338304)
[SKIP] Execute-fault RIP=0x7ffc871f9240 direct-stack-fallback -> 0x1411e42da (n=10342400)
[SKIP] Execute-fault RIP=0x7ffc871f9240 direct-stack-fallback -> 0x1411e42da (n=10346496)
[SKIP] Execute-fault RIP=0x7ffc871f9240 direct-stack-fallback -> 0x1411e42da (n=10350592)
[SKIP] Execute-fault RIP=0x7ffc871f9240 direct-stack-fallback -> 0x1411e42da (n=10354688)
[SKIP] Execute-fault RIP=0x7ffc871f9240 direct-stack-fallback -> 0x1411e42da (n=10358784)
[SKIP] Execute-fault RIP=0x7ffc871f9240 direct-stack-fallback -> 0x1411e42da (n=10362880)
[SKIP] Execute-fault RIP=0x7ffc871f9240 direct-stack-fallback -> 0x1411e42da (n=10366976)
[SKIP] Execute-fault RIP=0x7ffc871f9240 direct-stack-fallback -> 0x1411e42da (n=10371072)
[SKIP] Execute-fault RIP=0x7ffc871f9240 direct-stack-fallback -> 0x1411e42da (n=10375168)
[SKIP] Execute-fault RIP=0x7ffc871f9240 direct-stack-fallback -> 0x1411e42da (n=10379264)
[SKIP] Execute-fault RIP=0x7ffc871f9240 direct-stack-fallback -> 0x1411e42da (n=10383360)
[SKIP] Execute-fault RIP=0x7ffc871f9240 direct-stack-fallback -> 0x1411e42da (n=10387456)
[SKIP] Execute-fault RIP=0x7ffc871f9240 direct-stack-fallback -> 0x1411e42da (n=10391552)
[SKIP] Execute-fault RIP=0x7ffc871f9240 direct-stack-fallback -> 0x1411e42da (n=10395648)
[SKIP] Execute-fault RIP=0x7ffc871f9240 direct-stack-fallback -> 0x1411e42da (n=10399744)
[SKIP] Execute-fault RIP=0x7ffc871f9240 direct-stack-fallback -> 0x1411e42da (n=10403840)
[SKIP] Execute-fault RIP=0x7ffc871f9240 direct-stack-fallback -> 0x1411e42da (n=10407936)
[SKIP] Execute-fault RIP=0x7ffc871f9240 direct-stack-fallback -> 0x1411e42da (n=10412032)
[SKIP] Execute-fault RIP=0x7ffc871f9240 direct-stack-fallback -> 0x1411e42da (n=10416128)
[SKIP] Execute-fault RIP=0x7ffc871f9240 direct-stack-fallback -> 0x1411e42da (n=10420224)
[SKIP] Execute-fault RIP=0x7ffc871f9240 direct-stack-fallback -> 0x1411e42da (n=10424320)
[SKIP] Execute-fault RIP=0x7ffc871f9240 direct-stack-fallback -> 0x1411e42da (n=10428416)
[SKIP] Execute-fault RIP=0x7ffc871f9240 direct-stack-fallback -> 0x1411e42da (n=10432512)
[SKIP] Execute-fault RIP=0x7ffc871f9240 direct-stack-fallback -> 0x1411e42da (n=10436608)
[SKIP] Execute-fault RIP=0x7ffc871f9240 direct-stack-fallback -> 0x1411e42da (n=10440704)
[SKIP] Execute-fault RIP=0x7ffc871f9240 direct-stack-fallback -> 0x1411e42da (n=10444800)
[SKIP] Execute-fault RIP=0x7ffc871f9240 direct-stack-fallback -> 0x1411e42da (n=10448896)
[SKIP] Execute-fault RIP=0x7ffc871f9240 direct-stack-fallback -> 0x1411e42da (n=10452992)
[SKIP] Execute-fault RIP=0x7ffc871f9240 direct-stack-fallback -> 0x1411e42da (n=10457088)
[SKIP] Execute-fault RIP=0x7ffc871f9240 direct-stack-fallback -> 0x1411e42da (n=10461184)
[SKIP] Execute-fault RIP=0x7ffc871f9240 direct-stack-fallback -> 0x1411e42da (n=10465280)
[SKIP] Execute-fault RIP=0x7ffc871f9240 direct-stack-fallback -> 0x1411e42da (n=10469376)
[SKIP] Execute-fault RIP=0x7ffc871f9240 direct-stack-fallback -> 0x1411e42da (n=10473472)
[SKIP] Execute-fault RIP=0x7ffc871f9240 direct-stack-fallback -> 0x1411e42da (n=10477568)
[SKIP] Execute-fault RIP=0x7ffc871f9240 direct-stack-fallback -> 0x1411e42da (n=10481664)
[SKIP] Execute-fault RIP=0x7ffc871f9240 direct-stack-fallback -> 0x1411e42da (n=10485760)
[SKIP] Execute-fault RIP=0x7ffc871f9240 direct-stack-fallback -> 0x1411e42da (n=10489856)
[SKIP] Execute-fault RIP=0x7ffc871f9240 direct-stack-fallback -> 0x1411e42da (n=10493952)
[SKIP] Execute-fault RIP=0x7ffc871f9240 direct-stack-fallback -> 0x1411e42da (n=10498048)
[SKIP] Execute-fault RIP=0x7ffc871f9240 direct-stack-fallback -> 0x1411e42da (n=10502144)
[SKIP] Execute-fault RIP=0x7ffc871f9240 direct-stack-fallback -> 0x1411e42da (n=10506240)
[SKIP] Execute-fault RIP=0x7ffc871f9240 direct-stack-fallback -> 0x1411e42da (n=10510336)
[SKIP] Execute-fault RIP=0x7ffc871f9240 direct-stack-fallback -> 0x1411e42da (n=10514432)
[SKIP] Execute-fault RIP=0x7ffc871f9240 direct-stack-fallback -> 0x1411e42da (n=10518528)
[SKIP] Execute-fault RIP=0x7ffc871f9240 direct-stack-fallback -> 0x1411e42da (n=10522624)
[SKIP] Execute-fault RIP=0x7ffc871f9240 direct-stack-fallback -> 0x1411e42da (n=10526720)
[SKIP] Execute-fault RIP=0x7ffc871f9240 direct-stack-fallback -> 0x1411e42da (n=10530816)
[SKIP] Execute-fault RIP=0x7ffc871f9240 direct-stack-fallback -> 0x1411e42da (n=10534912)
[SKIP] Execute-fault RIP=0x7ffc871f9240 direct-stack-fallback -> 0x1411e42da (n=10539008)
[SKIP] Execute-fault RIP=0x7ffc871f9240 direct-stack-fallback -> 0x1411e42da (n=10543104)
[SKIP] Execute-fault RIP=0x7ffc871f9240 direct-stack-fallback -> 0x1411e42da (n=10547200)
[SKIP] Execute-fault RIP=0x7ffc871f9240 direct-stack-fallback -> 0x1411e42da (n=10551296)
[SKIP] Execute-fault RIP=0x7ffc871f9240 direct-stack-fallback -> 0x1411e42da (n=10555392)
[SKIP] Execute-fault RIP=0x7ffc871f9240 direct-stack-fallback -> 0x1411e42da (n=10559488)
[SKIP] Execute-fault RIP=0x7ffc871f9240 direct-stack-fallback -> 0x1411e42da (n=10563584)
[SKIP] Execute-fault RIP=0x7ffc871f9240 direct-stack-fallback -> 0x1411e42da (n=10567680)
[SKIP] Execute-fault RIP=0x7ffc871f9240 direct-stack-fallback -> 0x1411e42da (n=10571776)
[SKIP] Execute-fault RIP=0x7ffc871f9240 direct-stack-fallback -> 0x1411e42da (n=10575872)
[SKIP] Execute-fault RIP=0x7ffc871f9240 direct-stack-fallback -> 0x1411e42da (n=10579968)
[SKIP] Execute-fault RIP=0x7ffc871f9240 direct-stack-fallback -> 0x1411e42da (n=10584064)
[SKIP] Execute-fault RIP=0x7ffc871f9240 direct-stack-fallback -> 0x1411e42da (n=10588160)
[SKIP] Execute-fault RIP=0x7ffc871f9240 direct-stack-fallback -> 0x1411e42da (n=10592256)
[SKIP] Execute-fault RIP=0x7ffc871f9240 direct-stack-fallback -> 0x1411e42da (n=10596352)
[SKIP] Execute-fault RIP=0x7ffc871f9240 direct-stack-fallback -> 0x1411e42da (n=10600448)
[SKIP] Execute-fault RIP=0x7ffc871f9240 direct-stack-fallback -> 0x1411e42da (n=10604544)
[SKIP] Execute-fault RIP=0x7ffc871f9240 direct-stack-fallback -> 0x1411e42da (n=10608640)
[SKIP] Execute-fault RIP=0x7ffc871f9240 direct-stack-fallback -> 0x1411e42da (n=10612736)
[SKIP] Execute-fault RIP=0x7ffc871f9240 direct-stack-fallback -> 0x1411e42da (n=10616832)
[SKIP] Execute-fault RIP=0x7ffc871f9240 direct-stack-fallback -> 0x1411e42da (n=10620928)
[SKIP] Execute-fault RIP=0x7ffc871f9240 direct-stack-fallback -> 0x1411e42da (n=10625024)
[SKIP] Execute-fault RIP=0x7ffc871f9240 direct-stack-fallback -> 0x1411e42da (n=10629120)
[SKIP] Execute-fault RIP=0x7ffc871f9240 direct-stack-fallback -> 0x1411e42da (n=10633216)
[SKIP] Execute-fault RIP=0x7ffc871f9240 direct-stack-fallback -> 0x1411e42da (n=10637312)
[SKIP] Execute-fault RIP=0x7ffc871f9240 direct-stack-fallback -> 0x1411e42da (n=10641408)
[SKIP] Execute-fault RIP=0x7ffc871f9240 direct-stack-fallback -> 0x1411e42da (n=10645504)
[SKIP] Execute-fault RIP=0x7ffc871f9240 direct-stack-fallback -> 0x1411e42da (n=10649600)
[SKIP] Execute-fault RIP=0x7ffc871f9240 direct-stack-fallback -> 0x1411e42da (n=10653696)
[SKIP] Execute-fault RIP=0x7ffc871f9240 direct-stack-fallback -> 0x1411e42da (n=10657792)
[SKIP] Execute-fault RIP=0x7ffc871f9240 direct-stack-fallback -> 0x1411e42da (n=10661888)
[SKIP] Execute-fault RIP=0x7ffc871f9240 direct-stack-fallback -> 0x1411e42da (n=10665984)
[SKIP] Execute-fault RIP=0x7ffc871f9240 direct-stack-fallback -> 0x1411e42da (n=10670080)
[SKIP] Execute-fault RIP=0x7ffc871f9240 direct-stack-fallback -> 0x1411e42da (n=10674176)
[SKIP] Execute-fault RIP=0x7ffc871f9240 direct-stack-fallback -> 0x1411e42da (n=10678272)
[SKIP] Execute-fault RIP=0x7ffc871f9240 direct-stack-fallback -> 0x1411e42da (n=10682368)
[SKIP] Execute-fault RIP=0x7ffc871f9240 direct-stack-fallback -> 0x1411e42da (n=10686464)
[SKIP] Execute-fault RIP=0x7ffc871f9240 direct-stack-fallback -> 0x1411e42da (n=10690560)
[SKIP] Execute-fault RIP=0x7ffc871f9240 direct-stack-fallback -> 0x1411e42da (n=10694656)
[SKIP] Execute-fault RIP=0x7ffc871f9240 direct-stack-fallback -> 0x1411e42da (n=10698752)
[SKIP] Execute-fault RIP=0x7ffc871f9240 direct-stack-fallback -> 0x1411e42da (n=10702848)
[SKIP] Execute-fault RIP=0x7ffc871f9240 direct-stack-fallback -> 0x1411e42da (n=10706944)
[SKIP] Execute-fault RIP=0x7ffc871f9240 direct-stack-fallback -> 0x1411e42da (n=10711040)
[SKIP] Execute-fault RIP=0x7ffc871f9240 direct-stack-fallback -> 0x1411e42da (n=10715136)
[SKIP] Execute-fault RIP=0x7ffc871f9240 direct-stack-fallback -> 0x1411e42da (n=10719232)
[SKIP] Execute-fault RIP=0x7ffc871f9240 direct-stack-fallback -> 0x1411e42da (n=10723328)
[SKIP] Execute-fault RIP=0x7ffc871f9240 direct-stack-fallback -> 0x1411e42da (n=10727424)
[SKIP] Execute-fault RIP=0x7ffc871f9240 direct-stack-fallback -> 0x1411e42da (n=10731520)
[SKIP] Execute-fault RIP=0x7ffc871f9240 direct-stack-fallback -> 0x1411e42da (n=10735616)
[SKIP] Execute-fault RIP=0x7ffc871f9240 direct-stack-fallback -> 0x1411e42da (n=10739712)
[SKIP] Execute-fault RIP=0x7ffc871f9240 direct-stack-fallback -> 0x1411e42da (n=10743808)
[SKIP] Execute-fault RIP=0x7ffc871f9240 direct-stack-fallback -> 0x1411e42da (n=10747904)
[SKIP] Execute-fault RIP=0x7ffc871f9240 direct-stack-fallback -> 0x1411e42da (n=10752000)
[SKIP] Execute-fault RIP=0x7ffc871f9240 direct-stack-fallback -> 0x1411e42da (n=10756096)
[SKIP] Execute-fault RIP=0x7ffc871f9240 direct-stack-fallback -> 0x1411e42da (n=10760192)
[SKIP] Execute-fault RIP=0x7ffc871f9240 direct-stack-fallback -> 0x1411e42da (n=10764288)
[SKIP] Execute-fault RIP=0x7ffc871f9240 direct-stack-fallback -> 0x1411e42da (n=10768384)
[SKIP] Execute-fault RIP=0x7ffc871f9240 direct-stack-fallback -> 0x1411e42da (n=10772480)
[SKIP] Execute-fault RIP=0x7ffc871f9240 direct-stack-fallback -> 0x1411e42da (n=10776576)
[SKIP] Execute-fault RIP=0x7ffc871f9240 direct-stack-fallback -> 0x1411e42da (n=10780672)
[SKIP] Execute-fault RIP=0x7ffc871f9240 direct-stack-fallback -> 0x1411e42da (n=10784768)
[SKIP] Execute-fault RIP=0x7ffc871f9240 direct-stack-fallback -> 0x1411e42da (n=10788864)
[SKIP] Execute-fault RIP=0x7ffc871f9240 direct-stack-fallback -> 0x1411e42da (n=10792960)
[SKIP] Execute-fault RIP=0x7ffc871f9240 direct-stack-fallback -> 0x1411e42da (n=10797056)
[SKIP] Execute-fault RIP=0x7ffc871f9240 direct-stack-fallback -> 0x1411e42da (n=10801152)
[SKIP] Execute-fault RIP=0x7ffc871f9240 direct-stack-fallback -> 0x1411e42da (n=10805248)
[SKIP] Execute-fault RIP=0x7ffc871f9240 direct-stack-fallback -> 0x1411e42da (n=10809344)
[SKIP] Execute-fault RIP=0x7ffc871f9240 direct-stack-fallback -> 0x1411e42da (n=10813440)
[SKIP] Execute-fault RIP=0x7ffc871f9240 direct-stack-fallback -> 0x1411e42da (n=10817536)
[SKIP] Execute-fault RIP=0x7ffc871f9240 direct-stack-fallback -> 0x1411e42da (n=10821632)
[SKIP] Execute-fault RIP=0x7ffc871f9240 direct-stack-fallback -> 0x1411e42da (n=10825728)
[SKIP] Execute-fault RIP=0x7ffc871f9240 direct-stack-fallback -> 0x1411e42da (n=10829824)
[SKIP] Execute-fault RIP=0x7ffc871f9240 direct-stack-fallback -> 0x1411e42da (n=10833920)
[SKIP] Execute-fault RIP=0x7ffc871f9240 direct-stack-fallback -> 0x1411e42da (n=10838016)
[SKIP] Execute-fault RIP=0x7ffc871f9240 direct-stack-fallback -> 0x1411e42da (n=10842112)
[SKIP] Execute-fault RIP=0x7ffc871f9240 direct-stack-fallback -> 0x1411e42da (n=10846208)
[SKIP] Execute-fault RIP=0x7ffc871f9240 direct-stack-fallback -> 0x1411e42da (n=10850304)
[SKIP] Execute-fault RIP=0x7ffc871f9240 direct-stack-fallback -> 0x1411e42da (n=10854400)
[SKIP] Execute-fault RIP=0x7ffc871f9240 direct-stack-fallback -> 0x1411e42da (n=10858496)
[SKIP] Execute-fault RIP=0x7ffc871f9240 direct-stack-fallback -> 0x1411e42da (n=10862592)
[SKIP] Execute-fault RIP=0x7ffc871f9240 direct-stack-fallback -> 0x1411e42da (n=10866688)
[SKIP] Execute-fault RIP=0x7ffc871f9240 direct-stack-fallback -> 0x1411e42da (n=10870784)
[SKIP] Execute-fault RIP=0x7ffc871f9240 direct-stack-fallback -> 0x1411e42da (n=10874880)
[SKIP] Execute-fault RIP=0x7ffc871f9240 direct-stack-fallback -> 0x1411e42da (n=10878976)
[SKIP] Execute-fault RIP=0x7ffc871f9240 direct-stack-fallback -> 0x1411e42da (n=10883072)
[SKIP] Execute-fault RIP=0x7ffc871f9240 direct-stack-fallback -> 0x1411e42da (n=10887168)
[SKIP] Execute-fault RIP=0x7ffc871f9240 direct-stack-fallback -> 0x1411e42da (n=10891264)
[SKIP] Execute-fault RIP=0x7ffc871f9240 direct-stack-fallback -> 0x1411e42da (n=10895360)
[SKIP] Execute-fault RIP=0x7ffc871f9240 direct-stack-fallback -> 0x1411e42da (n=10899456)
[SKIP] Execute-fault RIP=0x7ffc871f9240 direct-stack-fallback -> 0x1411e42da (n=10903552)
[SKIP] Execute-fault RIP=0x7ffc871f9240 direct-stack-fallback -> 0x1411e42da (n=10907648)
[SKIP] Execute-fault RIP=0x7ffc871f9240 direct-stack-fallback -> 0x1411e42da (n=10911744)
[SKIP] Execute-fault RIP=0x7ffc871f9240 direct-stack-fallback -> 0x1411e42da (n=10915840)
[SKIP] Execute-fault RIP=0x7ffc871f9240 direct-stack-fallback -> 0x1411e42da (n=10919936)
[SKIP] Execute-fault RIP=0x7ffc871f9240 direct-stack-fallback -> 0x1411e42da (n=10924032)
[SKIP] Execute-fault RIP=0x7ffc871f9240 direct-stack-fallback -> 0x1411e42da (n=10928128)
[SKIP] Execute-fault RIP=0x7ffc871f9240 direct-stack-fallback -> 0x1411e42da (n=10932224)
[SKIP] Execute-fault RIP=0x7ffc871f9240 direct-stack-fallback -> 0x1411e42da (n=10936320)
[SKIP] Execute-fault RIP=0x7ffc871f9240 direct-stack-fallback -> 0x1411e42da (n=10940416)
[SKIP] Execute-fault RIP=0x7ffc871f9240 direct-stack-fallback -> 0x1411e42da (n=10944512)
[SKIP] Execute-fault RIP=0x7ffc871f9240 direct-stack-fallback -> 0x1411e42da (n=10948608)
[SKIP] Execute-fault RIP=0x7ffc871f9240 direct-stack-fallback -> 0x1411e42da (n=10952704)
[SKIP] Execute-fault RIP=0x7ffc871f9240 direct-stack-fallback -> 0x1411e42da (n=10956800)
[SKIP] Execute-fault RIP=0x7ffc871f9240 direct-stack-fallback -> 0x1411e42da (n=10960896)
[SKIP] Execute-fault RIP=0x7ffc871f9240 direct-stack-fallback -> 0x1411e42da (n=10964992)
[SKIP] Execute-fault RIP=0x7ffc871f9240 direct-stack-fallback -> 0x1411e42da (n=10969088)
[SKIP] Execute-fault RIP=0x7ffc871f9240 direct-stack-fallback -> 0x1411e42da (n=10973184)
[SKIP] Execute-fault RIP=0x7ffc871f9240 direct-stack-fallback -> 0x1411e42da (n=10977280)
[SKIP] Execute-fault RIP=0x7ffc871f9240 direct-stack-fallback -> 0x1411e42da (n=10981376)
[SKIP] Execute-fault RIP=0x7ffc871f9240 direct-stack-fallback -> 0x1411e42da (n=10985472)
[SKIP] Execute-fault RIP=0x7ffc871f9240 direct-stack-fallback -> 0x1411e42da (n=10989568)
[SKIP] Execute-fault RIP=0x7ffc871f9240 direct-stack-fallback -> 0x1411e42da (n=10993664)
[SKIP] Execute-fault RIP=0x7ffc871f9240 direct-stack-fallback -> 0x1411e42da (n=10997760)
[SKIP] Execute-fault RIP=0x7ffc871f9240 direct-stack-fallback -> 0x1411e42da (n=11001856)
[SKIP] Execute-fault RIP=0x7ffc871f9240 direct-stack-fallback -> 0x1411e42da (n=11005952)
[SKIP] Execute-fault RIP=0x7ffc871f9240 direct-stack-fallback -> 0x1411e42da (n=11010048)
[SKIP] Execute-fault RIP=0x7ffc871f9240 direct-stack-fallback -> 0x1411e42da (n=11014144)
[SKIP] Execute-fault RIP=0x7ffc871f9240 direct-stack-fallback -> 0x1411e42da (n=11018240)
[SKIP] Execute-fault RIP=0x7ffc871f9240 direct-stack-fallback -> 0x1411e42da (n=11022336)
[SKIP] Execute-fault RIP=0x7ffc871f9240 direct-stack-fallback -> 0x1411e42da (n=11026432)
[SKIP] Execute-fault RIP=0x7ffc871f9240 direct-stack-fallback -> 0x1411e42da (n=11030528)
[SKIP] Execute-fault RIP=0x7ffc871f9240 direct-stack-fallback -> 0x1411e42da (n=11034624)
[SKIP] Execute-fault RIP=0x7ffc871f9240 direct-stack-fallback -> 0x1411e42da (n=11038720)
[SKIP] Execute-fault RIP=0x7ffc871f9240 direct-stack-fallback -> 0x1411e42da (n=11042816)
[SKIP] Execute-fault RIP=0x7ffc871f9240 direct-stack-fallback -> 0x1411e42da (n=11046912)
[SKIP] Execute-fault RIP=0x7ffc871f9240 direct-stack-fallback -> 0x1411e42da (n=11051008)
[SKIP] Execute-fault RIP=0x7ffc871f9240 direct-stack-fallback -> 0x1411e42da (n=11055104)
[SKIP] Execute-fault RIP=0x7ffc871f9240 direct-stack-fallback -> 0x1411e42da (n=11059200)
[SKIP] Execute-fault RIP=0x7ffc871f9240 direct-stack-fallback -> 0x1411e42da (n=11063296)
[SKIP] Execute-fault RIP=0x7ffc871f9240 direct-stack-fallback -> 0x1411e42da (n=11067392)
[SKIP] Execute-fault RIP=0x7ffc871f9240 direct-stack-fallback -> 0x1411e42da (n=11071488)
[SKIP] Execute-fault RIP=0x7ffc871f9240 direct-stack-fallback -> 0x1411e42da (n=11075584)
[SKIP] Execute-fault RIP=0x7ffc871f9240 direct-stack-fallback -> 0x1411e42da (n=11079680)
[SKIP] Execute-fault RIP=0x7ffc871f9240 direct-stack-fallback -> 0x1411e42da (n=11083776)
[SKIP] Execute-fault RIP=0x7ffc871f9240 direct-stack-fallback -> 0x1411e42da (n=11087872)
[SKIP] Execute-fault RIP=0x7ffc871f9240 direct-stack-fallback -> 0x1411e42da (n=11091968)
[SKIP] Execute-fault RIP=0x7ffc871f9240 direct-stack-fallback -> 0x1411e42da (n=11096064)
[SKIP] Execute-fault RIP=0x7ffc871f9240 direct-stack-fallback -> 0x1411e42da (n=11100160)
[SKIP] Execute-fault RIP=0x7ffc871f9240 direct-stack-fallback -> 0x1411e42da (n=11104256)
[SKIP] Execute-fault RIP=0x7ffc871f9240 direct-stack-fallback -> 0x1411e42da (n=11108352)
[SKIP] Execute-fault RIP=0x7ffc871f9240 direct-stack-fallback -> 0x1411e42da (n=11112448)
[SKIP] Execute-fault RIP=0x7ffc871f9240 direct-stack-fallback -> 0x1411e42da (n=11116544)
[SKIP] Execute-fault RIP=0x7ffc871f9240 direct-stack-fallback -> 0x1411e42da (n=11120640)
[SKIP] Execute-fault RIP=0x7ffc871f9240 direct-stack-fallback -> 0x1411e42da (n=11124736)
[SKIP] Execute-fault RIP=0x7ffc871f9240 direct-stack-fallback -> 0x1411e42da (n=11128832)
[SKIP] Execute-fault RIP=0x7ffc871f9240 direct-stack-fallback -> 0x1411e42da (n=11132928)
[SKIP] Execute-fault RIP=0x7ffc871f9240 direct-stack-fallback -> 0x1411e42da (n=11137024)
[SKIP] Execute-fault RIP=0x7ffc871f9240 direct-stack-fallback -> 0x1411e42da (n=11141120)
[SKIP] Execute-fault RIP=0x7ffc871f9240 direct-stack-fallback -> 0x1411e42da (n=11145216)
[SKIP] Execute-fault RIP=0x7ffc871f9240 direct-stack-fallback -> 0x1411e42da (n=11149312)
[SKIP] Execute-fault RIP=0x7ffc871f9240 direct-stack-fallback -> 0x1411e42da (n=11153408)
[SKIP] Execute-fault RIP=0x7ffc871f9240 direct-stack-fallback -> 0x1411e42da (n=11157504)
[SKIP] Execute-fault RIP=0x7ffc871f9240 direct-stack-fallback -> 0x1411e42da (n=11161600)
[SKIP] Execute-fault RIP=0x7ffc871f9240 direct-stack-fallback -> 0x1411e42da (n=11165696)
[SKIP] Execute-fault RIP=0x7ffc871f9240 direct-stack-fallback -> 0x1411e42da (n=11169792)
[SKIP] Execute-fault RIP=0x7ffc871f9240 direct-stack-fallback -> 0x1411e42da (n=11173888)
[SKIP] Execute-fault RIP=0x7ffc871f9240 direct-stack-fallback -> 0x1411e42da (n=11177984)
[SKIP] Execute-fault RIP=0x7ffc871f9240 direct-stack-fallback -> 0x1411e42da (n=11182080)
[SKIP] Execute-fault RIP=0x7ffc871f9240 direct-stack-fallback -> 0x1411e42da (n=11186176)
[SKIP] Execute-fault RIP=0x7ffc871f9240 direct-stack-fallback -> 0x1411e42da (n=11190272)
[SKIP] Execute-fault RIP=0x7ffc871f9240 direct-stack-fallback -> 0x1411e42da (n=11194368)
[SKIP] Execute-fault RIP=0x7ffc871f9240 direct-stack-fallback -> 0x1411e42da (n=11198464)
[SKIP] Execute-fault RIP=0x7ffc871f9240 direct-stack-fallback -> 0x1411e42da (n=11202560)
[SKIP] Execute-fault RIP=0x7ffc871f9240 direct-stack-fallback -> 0x1411e42da (n=11206656)
[SKIP] Execute-fault RIP=0x7ffc871f9240 direct-stack-fallback -> 0x1411e42da (n=11210752)
[SKIP] Execute-fault RIP=0x7ffc871f9240 direct-stack-fallback -> 0x1411e42da (n=11214848)
[SKIP] Execute-fault RIP=0x7ffc871f9240 direct-stack-fallback -> 0x1411e42da (n=11218944)
[SKIP] Execute-fault RIP=0x7ffc871f9240 direct-stack-fallback -> 0x1411e42da (n=11223040)
[SKIP] Execute-fault RIP=0x7ffc871f9240 direct-stack-fallback -> 0x1411e42da (n=11227136)
[SKIP] Execute-fault RIP=0x7ffc871f9240 direct-stack-fallback -> 0x1411e42da (n=11231232)
[SKIP] Execute-fault RIP=0x7ffc871f9240 direct-stack-fallback -> 0x1411e42da (n=11235328)
[SKIP] Execute-fault RIP=0x7ffc871f9240 direct-stack-fallback -> 0x1411e42da (n=11239424)
[SKIP] Execute-fault RIP=0x7ffc871f9240 direct-stack-fallback -> 0x1411e42da (n=11243520)
[SKIP] Execute-fault RIP=0x7ffc871f9240 direct-stack-fallback -> 0x1411e42da (n=11247616)
[SKIP] Execute-fault RIP=0x7ffc871f9240 direct-stack-fallback -> 0x1411e42da (n=11251712)
[SKIP] Execute-fault RIP=0x7ffc871f9240 direct-stack-fallback -> 0x1411e42da (n=11255808)
[SKIP] Execute-fault RIP=0x7ffc871f9240 direct-stack-fallback -> 0x1411e42da (n=11259904)
[SKIP] Execute-fault RIP=0x7ffc871f9240 direct-stack-fallback -> 0x1411e42da (n=11264000)
[SKIP] Execute-fault RIP=0x7ffc871f9240 direct-stack-fallback -> 0x1411e42da (n=11268096)
[SKIP] Execute-fault RIP=0x7ffc871f9240 direct-stack-fallback -> 0x1411e42da (n=11272192)
[SKIP] Execute-fault RIP=0x7ffc871f9240 direct-stack-fallback -> 0x1411e42da (n=11276288)
[SKIP] Execute-fault RIP=0x7ffc871f9240 direct-stack-fallback -> 0x1411e42da (n=11280384)
[SKIP] Execute-fault RIP=0x7ffc871f9240 direct-stack-fallback -> 0x1411e42da (n=11284480)
[SKIP] Execute-fault RIP=0x7ffc871f9240 direct-stack-fallback -> 0x1411e42da (n=11288576)
[SKIP] Execute-fault RIP=0x7ffc871f9240 direct-stack-fallback -> 0x1411e42da (n=11292672)
[SKIP] Execute-fault RIP=0x7ffc871f9240 direct-stack-fallback -> 0x1411e42da (n=11296768)
[SKIP] Execute-fault RIP=0x7ffc871f9240 direct-stack-fallback -> 0x1411e42da (n=11300864)
[SKIP] Execute-fault RIP=0x7ffc871f9240 direct-stack-fallback -> 0x1411e42da (n=11304960)
[SKIP] Execute-fault RIP=0x7ffc871f9240 direct-stack-fallback -> 0x1411e42da (n=11309056)
[SKIP] Execute-fault RIP=0x7ffc871f9240 direct-stack-fallback -> 0x1411e42da (n=11313152)
[SKIP] Execute-fault RIP=0x7ffc871f9240 direct-stack-fallback -> 0x1411e42da (n=11317248)
[SKIP] Execute-fault RIP=0x7ffc871f9240 direct-stack-fallback -> 0x1411e42da (n=11321344)
[SKIP] Execute-fault RIP=0x7ffc871f9240 direct-stack-fallback -> 0x1411e42da (n=11325440)
[SKIP] Execute-fault RIP=0x7ffc871f9240 direct-stack-fallback -> 0x1411e42da (n=11329536)
[SKIP] Execute-fault RIP=0x7ffc871f9240 direct-stack-fallback -> 0x1411e42da (n=11333632)
[SKIP] Execute-fault RIP=0x7ffc871f9240 direct-stack-fallback -> 0x1411e42da (n=11337728)
[SKIP] Execute-fault RIP=0x7ffc871f9240 direct-stack-fallback -> 0x1411e42da (n=11341824)
[SKIP] Execute-fault RIP=0x7ffc871f9240 direct-stack-fallback -> 0x1411e42da (n=11345920)
[SKIP] Execute-fault RIP=0x7ffc871f9240 direct-stack-fallback -> 0x1411e42da (n=11350016)
[SKIP] Execute-fault RIP=0x7ffc871f9240 direct-stack-fallback -> 0x1411e42da (n=11354112)
[SKIP] Execute-fault RIP=0x7ffc871f9240 direct-stack-fallback -> 0x1411e42da (n=11358208)
[SKIP] Execute-fault RIP=0x7ffc871f9240 direct-stack-fallback -> 0x1411e42da (n=11362304)
[SKIP] Execute-fault RIP=0x7ffc871f9240 direct-stack-fallback -> 0x1411e42da (n=11366400)
[SKIP] Execute-fault RIP=0x7ffc871f9240 direct-stack-fallback -> 0x1411e42da (n=11370496)
[SKIP] Execute-fault RIP=0x7ffc871f9240 direct-stack-fallback -> 0x1411e42da (n=11374592)
[SKIP] Execute-fault RIP=0x7ffc871f9240 direct-stack-fallback -> 0x1411e42da (n=11378688)
[SKIP] Execute-fault RIP=0x7ffc871f9240 direct-stack-fallback -> 0x1411e42da (n=11382784)
[SKIP] Execute-fault RIP=0x7ffc871f9240 direct-stack-fallback -> 0x1411e42da (n=11386880)
[SKIP] Execute-fault RIP=0x7ffc871f9240 direct-stack-fallback -> 0x1411e42da (n=11390976)
[SKIP] Execute-fault RIP=0x7ffc871f9240 direct-stack-fallback -> 0x1411e42da (n=11395072)
[SKIP] Execute-fault RIP=0x7ffc871f9240 direct-stack-fallback -> 0x1411e42da (n=11399168)
[SKIP] Execute-fault RIP=0x7ffc871f9240 direct-stack-fallback -> 0x1411e42da (n=11403264)
[SKIP] Execute-fault RIP=0x7ffc871f9240 direct-stack-fallback -> 0x1411e42da (n=11407360)
[SKIP] Execute-fault RIP=0x7ffc871f9240 direct-stack-fallback -> 0x1411e42da (n=11411456)
[SKIP] Execute-fault RIP=0x7ffc871f9240 direct-stack-fallback -> 0x1411e42da (n=11415552)
[SKIP] Execute-fault RIP=0x7ffc871f9240 direct-stack-fallback -> 0x1411e42da (n=11419648)
[SKIP] Execute-fault RIP=0x7ffc871f9240 direct-stack-fallback -> 0x1411e42da (n=11423744)
[SKIP] Execute-fault RIP=0x7ffc871f9240 direct-stack-fallback -> 0x1411e42da (n=11427840)
[SKIP] Execute-fault RIP=0x7ffc871f9240 direct-stack-fallback -> 0x1411e42da (n=11431936)
[SKIP] Execute-fault RIP=0x7ffc871f9240 direct-stack-fallback -> 0x1411e42da (n=11436032)
[SKIP] Execute-fault RIP=0x7ffc871f9240 direct-stack-fallback -> 0x1411e42da (n=11440128)
[SKIP] Execute-fault RIP=0x7ffc871f9240 direct-stack-fallback -> 0x1411e42da (n=11444224)
[SKIP] Execute-fault RIP=0x7ffc871f9240 direct-stack-fallback -> 0x1411e42da (n=11448320)
[SKIP] Execute-fault RIP=0x7ffc871f9240 direct-stack-fallback -> 0x1411e42da (n=11452416)
[SKIP] Execute-fault RIP=0x7ffc871f9240 direct-stack-fallback -> 0x1411e42da (n=11456512)
[SKIP] Execute-fault RIP=0x7ffc871f9240 direct-stack-fallback -> 0x1411e42da (n=11460608)
[SKIP] Execute-fault RIP=0x7ffc871f9240 direct-stack-fallback -> 0x1411e42da (n=11464704)
[SKIP] Execute-fault RIP=0x7ffc871f9240 direct-stack-fallback -> 0x1411e42da (n=11468800)
[SKIP] Execute-fault RIP=0x7ffc871f9240 direct-stack-fallback -> 0x1411e42da (n=11472896)
[SKIP] Execute-fault RIP=0x7ffc871f9240 direct-stack-fallback -> 0x1411e42da (n=11476992)
[SKIP] Execute-fault RIP=0x7ffc871f9240 direct-stack-fallback -> 0x1411e42da (n=11481088)
[SKIP] Execute-fault RIP=0x7ffc871f9240 direct-stack-fallback -> 0x1411e42da (n=11485184)
[SKIP] Execute-fault RIP=0x7ffc871f9240 direct-stack-fallback -> 0x1411e42da (n=11489280)
[SKIP] Execute-fault RIP=0x7ffc871f9240 direct-stack-fallback -> 0x1411e42da (n=11493376)
[SKIP] Execute-fault RIP=0x7ffc871f9240 direct-stack-fallback -> 0x1411e42da (n=11497472)
[SKIP] Execute-fault RIP=0x7ffc871f9240 direct-stack-fallback -> 0x1411e42da (n=11501568)
[SKIP] Execute-fault RIP=0x7ffc871f9240 direct-stack-fallback -> 0x1411e42da (n=11505664)
[SKIP] Execute-fault RIP=0x7ffc871f9240 direct-stack-fallback -> 0x1411e42da (n=11509760)
[SKIP] Execute-fault RIP=0x7ffc871f9240 direct-stack-fallback -> 0x1411e42da (n=11513856)
[SKIP] Execute-fault RIP=0x7ffc871f9240 direct-stack-fallback -> 0x1411e42da (n=11517952)
[SKIP] Execute-fault RIP=0x7ffc871f9240 direct-stack-fallback -> 0x1411e42da (n=11522048)
[SKIP] Execute-fault RIP=0x7ffc871f9240 direct-stack-fallback -> 0x1411e42da (n=11526144)
[SKIP] Execute-fault RIP=0x7ffc871f9240 direct-stack-fallback -> 0x1411e42da (n=11530240)
[SKIP] Execute-fault RIP=0x7ffc871f9240 direct-stack-fallback -> 0x1411e42da (n=11534336)
[SKIP] Execute-fault RIP=0x7ffc871f9240 direct-stack-fallback -> 0x1411e42da (n=11538432)
[SKIP] Execute-fault RIP=0x7ffc871f9240 direct-stack-fallback -> 0x1411e42da (n=11542528)
[SKIP] Execute-fault RIP=0x7ffc871f9240 direct-stack-fallback -> 0x1411e42da (n=11546624)
[SKIP] Execute-fault RIP=0x7ffc871f9240 direct-stack-fallback -> 0x1411e42da (n=11550720)
[SKIP] Execute-fault RIP=0x7ffc871f9240 direct-stack-fallback -> 0x1411e42da (n=11554816)
[SKIP] Execute-fault RIP=0x7ffc871f9240 direct-stack-fallback -> 0x1411e42da (n=11558912)
[SKIP] Execute-fault RIP=0x7ffc871f9240 direct-stack-fallback -> 0x1411e42da (n=11563008)
[SKIP] Execute-fault RIP=0x7ffc871f9240 direct-stack-fallback -> 0x1411e42da (n=11567104)
[SKIP] Execute-fault RIP=0x7ffc871f9240 direct-stack-fallback -> 0x1411e42da (n=11571200)
[SKIP] Execute-fault RIP=0x7ffc871f9240 direct-stack-fallback -> 0x1411e42da (n=11575296)
[SKIP] Execute-fault RIP=0x7ffc871f9240 direct-stack-fallback -> 0x1411e42da (n=11579392)
[SKIP] Execute-fault RIP=0x7ffc871f9240 direct-stack-fallback -> 0x1411e42da (n=11583488)
[SKIP] Execute-fault RIP=0x7ffc871f9240 direct-stack-fallback -> 0x1411e42da (n=11587584)
[SKIP] Execute-fault RIP=0x7ffc871f9240 direct-stack-fallback -> 0x1411e42da (n=11591680)
[SKIP] Execute-fault RIP=0x7ffc871f9240 direct-stack-fallback -> 0x1411e42da (n=11595776)
[SKIP] Execute-fault RIP=0x7ffc871f9240 direct-stack-fallback -> 0x1411e42da (n=11599872)
[SKIP] Execute-fault RIP=0x7ffc871f9240 direct-stack-fallback -> 0x1411e42da (n=11603968)
[SKIP] Execute-fault RIP=0x7ffc871f9240 direct-stack-fallback -> 0x1411e42da (n=11608064)
[SKIP] Execute-fault RIP=0x7ffc871f9240 direct-stack-fallback -> 0x1411e42da (n=11612160)
[SKIP] Execute-fault RIP=0x7ffc871f9240 direct-stack-fallback -> 0x1411e42da (n=11616256)
[SKIP] Execute-fault RIP=0x7ffc871f9240 direct-stack-fallback -> 0x1411e42da (n=11620352)
[SKIP] Execute-fault RIP=0x7ffc871f9240 direct-stack-fallback -> 0x1411e42da (n=11624448)
[SKIP] Execute-fault RIP=0x7ffc871f9240 direct-stack-fallback -> 0x1411e42da (n=11628544)
[SKIP] Execute-fault RIP=0x7ffc871f9240 direct-stack-fallback -> 0x1411e42da (n=11632640)
[SKIP] Execute-fault RIP=0x7ffc871f9240 direct-stack-fallback -> 0x1411e42da (n=11636736)
[SKIP] Execute-fault RIP=0x7ffc871f9240 direct-stack-fallback -> 0x1411e42da (n=11640832)
[SKIP] Execute-fault RIP=0x7ffc871f9240 direct-stack-fallback -> 0x1411e42da (n=11644928)
[SKIP] Execute-fault RIP=0x7ffc871f9240 direct-stack-fallback -> 0x1411e42da (n=11649024)
[SKIP] Execute-fault RIP=0x7ffc871f9240 direct-stack-fallback -> 0x1411e42da (n=11653120)
[SKIP] Execute-fault RIP=0x7ffc871f9240 direct-stack-fallback -> 0x1411e42da (n=11657216)
[SKIP] Execute-fault RIP=0x7ffc871f9240 direct-stack-fallback -> 0x1411e42da (n=11661312)
[SKIP] Execute-fault RIP=0x7ffc871f9240 direct-stack-fallback -> 0x1411e42da (n=11665408)
[SKIP] Execute-fault RIP=0x7ffc871f9240 direct-stack-fallback -> 0x1411e42da (n=11669504)
[SKIP] Execute-fault RIP=0x7ffc871f9240 direct-stack-fallback -> 0x1411e42da (n=11673600)
[SKIP] Execute-fault RIP=0x7ffc871f9240 direct-stack-fallback -> 0x1411e42da (n=11677696)
[SKIP] Execute-fault RIP=0x7ffc871f9240 direct-stack-fallback -> 0x1411e42da (n=11681792)
[SKIP] Execute-fault RIP=0x7ffc871f9240 direct-stack-fallback -> 0x1411e42da (n=11685888)
[SKIP] Execute-fault RIP=0x7ffc871f9240 direct-stack-fallback -> 0x1411e42da (n=11689984)
[SKIP] Execute-fault RIP=0x7ffc871f9240 direct-stack-fallback -> 0x1411e42da (n=11694080)
[SKIP] Execute-fault RIP=0x7ffc871f9240 direct-stack-fallback -> 0x1411e42da (n=11698176)
[SKIP] Execute-fault RIP=0x7ffc871f9240 direct-stack-fallback -> 0x1411e42da (n=11702272)
[SKIP] Execute-fault RIP=0x7ffc871f9240 direct-stack-fallback -> 0x1411e42da (n=11706368)
[SKIP] Execute-fault RIP=0x7ffc871f9240 direct-stack-fallback -> 0x1411e42da (n=11710464)
[SKIP] Execute-fault RIP=0x7ffc871f9240 direct-stack-fallback -> 0x1411e42da (n=11714560)
[SKIP] Execute-fault RIP=0x7ffc871f9240 direct-stack-fallback -> 0x1411e42da (n=11718656)
[SKIP] Execute-fault RIP=0x7ffc871f9240 direct-stack-fallback -> 0x1411e42da (n=11722752)
[SKIP] Execute-fault RIP=0x7ffc871f9240 direct-stack-fallback -> 0x1411e42da (n=11726848)
[SKIP] Execute-fault RIP=0x7ffc871f9240 direct-stack-fallback -> 0x1411e42da (n=11730944)
[SKIP] Execute-fault RIP=0x7ffc871f9240 direct-stack-fallback -> 0x1411e42da (n=11735040)
[SKIP] Execute-fault RIP=0x7ffc871f9240 direct-stack-fallback -> 0x1411e42da (n=11739136)
[SKIP] Execute-fault RIP=0x7ffc871f9240 direct-stack-fallback -> 0x1411e42da (n=11743232)
[SKIP] Execute-fault RIP=0x7ffc871f9240 direct-stack-fallback -> 0x1411e42da (n=11747328)
[SKIP] Execute-fault RIP=0x7ffc871f9240 direct-stack-fallback -> 0x1411e42da (n=11751424)
[SKIP] Execute-fault RIP=0x7ffc871f9240 direct-stack-fallback -> 0x1411e42da (n=11755520)
[SKIP] Execute-fault RIP=0x7ffc871f9240 direct-stack-fallback -> 0x1411e42da (n=11759616)
[SKIP] Execute-fault RIP=0x7ffc871f9240 direct-stack-fallback -> 0x1411e42da (n=11763712)
[SKIP] Execute-fault RIP=0x7ffc871f9240 direct-stack-fallback -> 0x1411e42da (n=11767808)
[SKIP] Execute-fault RIP=0x7ffc871f9240 direct-stack-fallback -> 0x1411e42da (n=11771904)
[SKIP] Execute-fault RIP=0x7ffc871f9240 direct-stack-fallback -> 0x1411e42da (n=11776000)
[SKIP] Execute-fault RIP=0x7ffc871f9240 direct-stack-fallback -> 0x1411e42da (n=11780096)
[SKIP] Execute-fault RIP=0x7ffc871f9240 direct-stack-fallback -> 0x1411e42da (n=11784192)
[SKIP] Execute-fault RIP=0x7ffc871f9240 direct-stack-fallback -> 0x1411e42da (n=11788288)
[SKIP] Execute-fault RIP=0x7ffc871f9240 direct-stack-fallback -> 0x1411e42da (n=11792384)
[SKIP] Execute-fault RIP=0x7ffc871f9240 direct-stack-fallback -> 0x1411e42da (n=11796480)
[SKIP] Execute-fault RIP=0x7ffc871f9240 direct-stack-fallback -> 0x1411e42da (n=11800576)
[SKIP] Execute-fault RIP=0x7ffc871f9240 direct-stack-fallback -> 0x1411e42da (n=11804672)
[SKIP] Execute-fault RIP=0x7ffc871f9240 direct-stack-fallback -> 0x1411e42da (n=11808768)
[SKIP] Execute-fault RIP=0x7ffc871f9240 direct-stack-fallback -> 0x1411e42da (n=11812864)
[SKIP] Execute-fault RIP=0x7ffc871f9240 direct-stack-fallback -> 0x1411e42da (n=11816960)
[SKIP] Execute-fault RIP=0x7ffc871f9240 direct-stack-fallback -> 0x1411e42da (n=11821056)
[SKIP] Execute-fault RIP=0x7ffc871f9240 direct-stack-fallback -> 0x1411e42da (n=11825152)
[SKIP] Execute-fault RIP=0x7ffc871f9240 direct-stack-fallback -> 0x1411e42da (n=11829248)
[SKIP] Execute-fault RIP=0x7ffc871f9240 direct-stack-fallback -> 0x1411e42da (n=11833344)
[SKIP] Execute-fault RIP=0x7ffc871f9240 direct-stack-fallback -> 0x1411e42da (n=11837440)
[SKIP] Execute-fault RIP=0x7ffc871f9240 direct-stack-fallback -> 0x1411e42da (n=11841536)
[SKIP] Execute-fault RIP=0x7ffc871f9240 direct-stack-fallback -> 0x1411e42da (n=11845632)
[SKIP] Execute-fault RIP=0x7ffc871f9240 direct-stack-fallback -> 0x1411e42da (n=11849728)
[SKIP] Execute-fault RIP=0x7ffc871f9240 direct-stack-fallback -> 0x1411e42da (n=11853824)
[SKIP] Execute-fault RIP=0x7ffc871f9240 direct-stack-fallback -> 0x1411e42da (n=11857920)
[SKIP] Execute-fault RIP=0x7ffc871f9240 direct-stack-fallback -> 0x1411e42da (n=11862016)
[SKIP] Execute-fault RIP=0x7ffc871f9240 direct-stack-fallback -> 0x1411e42da (n=11866112)
[SKIP] Execute-fault RIP=0x7ffc871f9240 direct-stack-fallback -> 0x1411e42da (n=11870208)
[SKIP] Execute-fault RIP=0x7ffc871f9240 direct-stack-fallback -> 0x1411e42da (n=11874304)
[SKIP] Execute-fault RIP=0x7ffc871f9240 direct-stack-fallback -> 0x1411e42da (n=11878400)
[SKIP] Execute-fault RIP=0x7ffc871f9240 direct-stack-fallback -> 0x1411e42da (n=11882496)
[SKIP] Execute-fault RIP=0x7ffc871f9240 direct-stack-fallback -> 0x1411e42da (n=11886592)
[SKIP] Execute-fault RIP=0x7ffc871f9240 direct-stack-fallback -> 0x1411e42da (n=11890688)
[SKIP] Execute-fault RIP=0x7ffc871f9240 direct-stack-fallback -> 0x1411e42da (n=11894784)
[SKIP] Execute-fault RIP=0x7ffc871f9240 direct-stack-fallback -> 0x1411e42da (n=11898880)
[SKIP] Execute-fault RIP=0x7ffc871f9240 direct-stack-fallback -> 0x1411e42da (n=11902976)
[SKIP] Execute-fault RIP=0x7ffc871f9240 direct-stack-fallback -> 0x1411e42da (n=11907072)
[SKIP] Execute-fault RIP=0x7ffc871f9240 direct-stack-fallback -> 0x1411e42da (n=11911168)
[SKIP] Execute-fault RIP=0x7ffc871f9240 direct-stack-fallback -> 0x1411e42da (n=11915264)
[SKIP] Execute-fault RIP=0x7ffc871f9240 direct-stack-fallback -> 0x1411e42da (n=11919360)
[SKIP] Execute-fault RIP=0x7ffc871f9240 direct-stack-fallback -> 0x1411e42da (n=11923456)
[SKIP] Execute-fault RIP=0x7ffc871f9240 direct-stack-fallback -> 0x1411e42da (n=11927552)
[SKIP] Execute-fault RIP=0x7ffc871f9240 direct-stack-fallback -> 0x1411e42da (n=11931648)
[SKIP] Execute-fault RIP=0x7ffc871f9240 direct-stack-fallback -> 0x1411e42da (n=11935744)
[SKIP] Execute-fault RIP=0x7ffc871f9240 direct-stack-fallback -> 0x1411e42da (n=11939840)
[SKIP] Execute-fault RIP=0x7ffc871f9240 direct-stack-fallback -> 0x1411e42da (n=11943936)
[SKIP] Execute-fault RIP=0x7ffc871f9240 direct-stack-fallback -> 0x1411e42da (n=11948032)
[SKIP] Execute-fault RIP=0x7ffc871f9240 direct-stack-fallback -> 0x1411e42da (n=11952128)
[SKIP] Execute-fault RIP=0x7ffc871f9240 direct-stack-fallback -> 0x1411e42da (n=11956224)
[SKIP] Execute-fault RIP=0x7ffc871f9240 direct-stack-fallback -> 0x1411e42da (n=11960320)
[SKIP] Execute-fault RIP=0x7ffc871f9240 direct-stack-fallback -> 0x1411e42da (n=11964416)
[SKIP] Execute-fault RIP=0x7ffc871f9240 direct-stack-fallback -> 0x1411e42da (n=11968512)
[SKIP] Execute-fault RIP=0x7ffc871f9240 direct-stack-fallback -> 0x1411e42da (n=11972608)
[SKIP] Execute-fault RIP=0x7ffc871f9240 direct-stack-fallback -> 0x1411e42da (n=11976704)
[SKIP] Execute-fault RIP=0x7ffc871f9240 direct-stack-fallback -> 0x1411e42da (n=11980800)
[SKIP] Execute-fault RIP=0x7ffc871f9240 direct-stack-fallback -> 0x1411e42da (n=11984896)
[SKIP] Execute-fault RIP=0x7ffc871f9240 direct-stack-fallback -> 0x1411e42da (n=11988992)
[SKIP] Execute-fault RIP=0x7ffc871f9240 direct-stack-fallback -> 0x1411e42da (n=11993088)
[SKIP] Execute-fault RIP=0x7ffc871f9240 direct-stack-fallback -> 0x1411e42da (n=11997184)
[SKIP] Execute-fault RIP=0x7ffc871f9240 direct-stack-fallback -> 0x1411e42da (n=12001280)
[SKIP] Execute-fault RIP=0x7ffc871f9240 direct-stack-fallback -> 0x1411e42da (n=12005376)
[SKIP] Execute-fault RIP=0x7ffc871f9240 direct-stack-fallback -> 0x1411e42da (n=12009472)
[SKIP] Execute-fault RIP=0x7ffc871f9240 direct-stack-fallback -> 0x1411e42da (n=12013568)
[SKIP] Execute-fault RIP=0x7ffc871f9240 direct-stack-fallback -> 0x1411e42da (n=12017664)
[SKIP] Execute-fault RIP=0x7ffc871f9240 direct-stack-fallback -> 0x1411e42da (n=12021760)
[SKIP] Execute-fault RIP=0x7ffc871f9240 direct-stack-fallback -> 0x1411e42da (n=12025856)
[SKIP] Execute-fault RIP=0x7ffc871f9240 direct-stack-fallback -> 0x1411e42da (n=12029952)
[SKIP] Execute-fault RIP=0x7ffc871f9240 direct-stack-fallback -> 0x1411e42da (n=12034048)
[SKIP] Execute-fault RIP=0x7ffc871f9240 direct-stack-fallback -> 0x1411e42da (n=12038144)
[SKIP] Execute-fault RIP=0x7ffc871f9240 direct-stack-fallback -> 0x1411e42da (n=12042240)
[SKIP] Execute-fault RIP=0x7ffc871f9240 direct-stack-fallback -> 0x1411e42da (n=12046336)
[SKIP] Execute-fault RIP=0x7ffc871f9240 direct-stack-fallback -> 0x1411e42da (n=12050432)
[SKIP] Execute-fault RIP=0x7ffc871f9240 direct-stack-fallback -> 0x1411e42da (n=12054528)
[SKIP] Execute-fault RIP=0x7ffc871f9240 direct-stack-fallback -> 0x1411e42da (n=12058624)
[SKIP] Execute-fault RIP=0x7ffc871f9240 direct-stack-fallback -> 0x1411e42da (n=12062720)
[SKIP] Execute-fault RIP=0x7ffc871f9240 direct-stack-fallback -> 0x1411e42da (n=12066816)
[SKIP] Execute-fault RIP=0x7ffc871f9240 direct-stack-fallback -> 0x1411e42da (n=12070912)
[SKIP] Execute-fault RIP=0x7ffc871f9240 direct-stack-fallback -> 0x1411e42da (n=12075008)
[SKIP] Execute-fault RIP=0x7ffc871f9240 direct-stack-fallback -> 0x1411e42da (n=12079104)
[SKIP] Execute-fault RIP=0x7ffc871f9240 direct-stack-fallback -> 0x1411e42da (n=12083200)
[SKIP] Execute-fault RIP=0x7ffc871f9240 direct-stack-fallback -> 0x1411e42da (n=12087296)
[SKIP] Execute-fault RIP=0x7ffc871f9240 direct-stack-fallback -> 0x1411e42da (n=12091392)
[SKIP] Execute-fault RIP=0x7ffc871f9240 direct-stack-fallback -> 0x1411e42da (n=12095488)
[SKIP] Execute-fault RIP=0x7ffc871f9240 direct-stack-fallback -> 0x1411e42da (n=12099584)
[SKIP] Execute-fault RIP=0x7ffc871f9240 direct-stack-fallback -> 0x1411e42da (n=12103680)
[SKIP] Execute-fault RIP=0x7ffc871f9240 direct-stack-fallback -> 0x1411e42da (n=12107776)
[SKIP] Execute-fault RIP=0x7ffc871f9240 direct-stack-fallback -> 0x1411e42da (n=12111872)
[SKIP] Execute-fault RIP=0x7ffc871f9240 direct-stack-fallback -> 0x1411e42da (n=12115968)
[SKIP] Execute-fault RIP=0x7ffc871f9240 direct-stack-fallback -> 0x1411e42da (n=12120064)
[SKIP] Execute-fault RIP=0x7ffc871f9240 direct-stack-fallback -> 0x1411e42da (n=12124160)
[SKIP] Execute-fault RIP=0x7ffc871f9240 direct-stack-fallback -> 0x1411e42da (n=12128256)
[SKIP] Execute-fault RIP=0x7ffc871f9240 direct-stack-fallback -> 0x1411e42da (n=12132352)
[SKIP] Execute-fault RIP=0x7ffc871f9240 direct-stack-fallback -> 0x1411e42da (n=12136448)
[SKIP] Execute-fault RIP=0x7ffc871f9240 direct-stack-fallback -> 0x1411e42da (n=12140544)
[SKIP] Execute-fault RIP=0x7ffc871f9240 direct-stack-fallback -> 0x1411e42da (n=12144640)
[SKIP] Execute-fault RIP=0x7ffc871f9240 direct-stack-fallback -> 0x1411e42da (n=12148736)
[SKIP] Execute-fault RIP=0x7ffc871f9240 direct-stack-fallback -> 0x1411e42da (n=12152832)
[SKIP] Execute-fault RIP=0x7ffc871f9240 direct-stack-fallback -> 0x1411e42da (n=12156928)
[SKIP] Execute-fault RIP=0x7ffc871f9240 direct-stack-fallback -> 0x1411e42da (n=12161024)
[SKIP] Execute-fault RIP=0x7ffc871f9240 direct-stack-fallback -> 0x1411e42da (n=12165120)
[SKIP] Execute-fault RIP=0x7ffc871f9240 direct-stack-fallback -> 0x1411e42da (n=12169216)
[SKIP] Execute-fault RIP=0x7ffc871f9240 direct-stack-fallback -> 0x1411e42da (n=12173312)
[SKIP] Execute-fault RIP=0x7ffc871f9240 direct-stack-fallback -> 0x1411e42da (n=12177408)
[SKIP] Execute-fault RIP=0x7ffc871f9240 direct-stack-fallback -> 0x1411e42da (n=12181504)
[SKIP] Execute-fault RIP=0x7ffc871f9240 direct-stack-fallback -> 0x1411e42da (n=12185600)
[SKIP] Execute-fault RIP=0x7ffc871f9240 direct-stack-fallback -> 0x1411e42da (n=12189696)
[SKIP] Execute-fault RIP=0x7ffc871f9240 direct-stack-fallback -> 0x1411e42da (n=12193792)
[SKIP] Execute-fault RIP=0x7ffc871f9240 direct-stack-fallback -> 0x1411e42da (n=12197888)
[SKIP] Execute-fault RIP=0x7ffc871f9240 direct-stack-fallback -> 0x1411e42da (n=12201984)
[SKIP] Execute-fault RIP=0x7ffc871f9240 direct-stack-fallback -> 0x1411e42da (n=12206080)
[SKIP] Execute-fault RIP=0x7ffc871f9240 direct-stack-fallback -> 0x1411e42da (n=12210176)
[SKIP] Execute-fault RIP=0x7ffc871f9240 direct-stack-fallback -> 0x1411e42da (n=12214272)
[SKIP] Execute-fault RIP=0x7ffc871f9240 direct-stack-fallback -> 0x1411e42da (n=12218368)
[SKIP] Execute-fault RIP=0x7ffc871f9240 direct-stack-fallback -> 0x1411e42da (n=12222464)
[SKIP] Execute-fault RIP=0x7ffc871f9240 direct-stack-fallback -> 0x1411e42da (n=12226560)
[SKIP] Execute-fault RIP=0x7ffc871f9240 direct-stack-fallback -> 0x1411e42da (n=12230656)
[SKIP] Execute-fault RIP=0x7ffc871f9240 direct-stack-fallback -> 0x1411e42da (n=12234752)
[SKIP] Execute-fault RIP=0x7ffc871f9240 direct-stack-fallback -> 0x1411e42da (n=12238848)
[SKIP] Execute-fault RIP=0x7ffc871f9240 direct-stack-fallback -> 0x1411e42da (n=12242944)
[SKIP] Execute-fault RIP=0x7ffc871f9240 direct-stack-fallback -> 0x1411e42da (n=12247040)
[SKIP] Execute-fault RIP=0x7ffc871f9240 direct-stack-fallback -> 0x1411e42da (n=12251136)
[SKIP] Execute-fault RIP=0x7ffc871f9240 direct-stack-fallback -> 0x1411e42da (n=12255232)
[SKIP] Execute-fault RIP=0x7ffc871f9240 direct-stack-fallback -> 0x1411e42da (n=12259328)
[SKIP] Execute-fault RIP=0x7ffc871f9240 direct-stack-fallback -> 0x1411e42da (n=12263424)
[SKIP] Execute-fault RIP=0x7ffc871f9240 direct-stack-fallback -> 0x1411e42da (n=12267520)
[SKIP] Execute-fault RIP=0x7ffc871f9240 direct-stack-fallback -> 0x1411e42da (n=12271616)
[SKIP] Execute-fault RIP=0x7ffc871f9240 direct-stack-fallback -> 0x1411e42da (n=12275712)
[SKIP] Execute-fault RIP=0x7ffc871f9240 direct-stack-fallback -> 0x1411e42da (n=12279808)
[SKIP] Execute-fault RIP=0x7ffc871f9240 direct-stack-fallback -> 0x1411e42da (n=12283904)
[SKIP] Execute-fault RIP=0x7ffc871f9240 direct-stack-fallback -> 0x1411e42da (n=12288000)
[SKIP] Execute-fault RIP=0x7ffc871f9240 direct-stack-fallback -> 0x1411e42da (n=12292096)
[SKIP] Execute-fault RIP=0x7ffc871f9240 direct-stack-fallback -> 0x1411e42da (n=12296192)
[SKIP] Execute-fault RIP=0x7ffc871f9240 direct-stack-fallback -> 0x1411e42da (n=12300288)
[SKIP] Execute-fault RIP=0x7ffc871f9240 direct-stack-fallback -> 0x1411e42da (n=12304384)
[SKIP] Execute-fault RIP=0x7ffc871f9240 direct-stack-fallback -> 0x1411e42da (n=12308480)
[SKIP] Execute-fault RIP=0x7ffc871f9240 direct-stack-fallback -> 0x1411e42da (n=12312576)
[SKIP] Execute-fault RIP=0x7ffc871f9240 direct-stack-fallback -> 0x1411e42da (n=12316672)
[SKIP] Execute-fault RIP=0x7ffc871f9240 direct-stack-fallback -> 0x1411e42da (n=12320768)
[SKIP] Execute-fault RIP=0x7ffc871f9240 direct-stack-fallback -> 0x1411e42da (n=12324864)
[SKIP] Execute-fault RIP=0x7ffc871f9240 direct-stack-fallback -> 0x1411e42da (n=12328960)
[SKIP] Execute-fault RIP=0x7ffc871f9240 direct-stack-fallback -> 0x1411e42da (n=12333056)
[SKIP] Execute-fault RIP=0x7ffc871f9240 direct-stack-fallback -> 0x1411e42da (n=12337152)
[SKIP] Execute-fault RIP=0x7ffc871f9240 direct-stack-fallback -> 0x1411e42da (n=12341248)
[SKIP] Execute-fault RIP=0x7ffc871f9240 direct-stack-fallback -> 0x1411e42da (n=12345344)
[SKIP] Execute-fault RIP=0x7ffc871f9240 direct-stack-fallback -> 0x1411e42da (n=12349440)
[SKIP] Execute-fault RIP=0x7ffc871f9240 direct-stack-fallback -> 0x1411e42da (n=12353536)
[SKIP] Execute-fault RIP=0x7ffc871f9240 direct-stack-fallback -> 0x1411e42da (n=12357632)
[SKIP] Execute-fault RIP=0x7ffc871f9240 direct-stack-fallback -> 0x1411e42da (n=12361728)
[SKIP] Execute-fault RIP=0x7ffc871f9240 direct-stack-fallback -> 0x1411e42da (n=12365824)
[SKIP] Execute-fault RIP=0x7ffc871f9240 direct-stack-fallback -> 0x1411e42da (n=12369920)
[SKIP] Execute-fault RIP=0x7ffc871f9240 direct-stack-fallback -> 0x1411e42da (n=12374016)
[SKIP] Execute-fault RIP=0x7ffc871f9240 direct-stack-fallback -> 0x1411e42da (n=12378112)
[SKIP] Execute-fault RIP=0x7ffc871f9240 direct-stack-fallback -> 0x1411e42da (n=12382208)
[SKIP] Execute-fault RIP=0x7ffc871f9240 direct-stack-fallback -> 0x1411e42da (n=12386304)
[SKIP] Execute-fault RIP=0x7ffc871f9240 direct-stack-fallback -> 0x1411e42da (n=12390400)
[SKIP] Execute-fault RIP=0x7ffc871f9240 direct-stack-fallback -> 0x1411e42da (n=12394496)
[SKIP] Execute-fault RIP=0x7ffc871f9240 direct-stack-fallback -> 0x1411e42da (n=12398592)
[SKIP] Execute-fault RIP=0x7ffc871f9240 direct-stack-fallback -> 0x1411e42da (n=12402688)
[SKIP] Execute-fault RIP=0x7ffc871f9240 direct-stack-fallback -> 0x1411e42da (n=12406784)
[SKIP] Execute-fault RIP=0x7ffc871f9240 direct-stack-fallback -> 0x1411e42da (n=12410880)
[SKIP] Execute-fault RIP=0x7ffc871f9240 direct-stack-fallback -> 0x1411e42da (n=12414976)
[SKIP] Execute-fault RIP=0x7ffc871f9240 direct-stack-fallback -> 0x1411e42da (n=12419072)
[SKIP] Execute-fault RIP=0x7ffc871f9240 direct-stack-fallback -> 0x1411e42da (n=12423168)
[SKIP] Execute-fault RIP=0x7ffc871f9240 direct-stack-fallback -> 0x1411e42da (n=12427264)
[SKIP] Execute-fault RIP=0x7ffc871f9240 direct-stack-fallback -> 0x1411e42da (n=12431360)
[SKIP] Execute-fault RIP=0x7ffc871f9240 direct-stack-fallback -> 0x1411e42da (n=12435456)
[SKIP] Execute-fault RIP=0x7ffc871f9240 direct-stack-fallback -> 0x1411e42da (n=12439552)
[SKIP] Execute-fault RIP=0x7ffc871f9240 direct-stack-fallback -> 0x1411e42da (n=12443648)
[SKIP] Execute-fault RIP=0x7ffc871f9240 direct-stack-fallback -> 0x1411e42da (n=12447744)
[SKIP] Execute-fault RIP=0x7ffc871f9240 direct-stack-fallback -> 0x1411e42da (n=12451840)
[SKIP] Execute-fault RIP=0x7ffc871f9240 direct-stack-fallback -> 0x1411e42da (n=12455936)
[SKIP] Execute-fault RIP=0x7ffc871f9240 direct-stack-fallback -> 0x1411e42da (n=12460032)
[SKIP] Execute-fault RIP=0x7ffc871f9240 direct-stack-fallback -> 0x1411e42da (n=12464128)
[SKIP] Execute-fault RIP=0x7ffc871f9240 direct-stack-fallback -> 0x1411e42da (n=12468224)
[SKIP] Execute-fault RIP=0x7ffc871f9240 direct-stack-fallback -> 0x1411e42da (n=12472320)
[SKIP] Execute-fault RIP=0x7ffc871f9240 direct-stack-fallback -> 0x1411e42da (n=12476416)
[SKIP] Execute-fault RIP=0x7ffc871f9240 direct-stack-fallback -> 0x1411e42da (n=12480512)
[SKIP] Execute-fault RIP=0x7ffc871f9240 direct-stack-fallback -> 0x1411e42da (n=12484608)
[SKIP] Execute-fault RIP=0x7ffc871f9240 direct-stack-fallback -> 0x1411e42da (n=12488704)
[SKIP] Execute-fault RIP=0x7ffc871f9240 direct-stack-fallback -> 0x1411e42da (n=12492800)
[SKIP] Execute-fault RIP=0x7ffc871f9240 direct-stack-fallback -> 0x1411e42da (n=12496896)
[SKIP] Execute-fault RIP=0x7ffc871f9240 direct-stack-fallback -> 0x1411e42da (n=12500992)
[SKIP] Execute-fault RIP=0x7ffc871f9240 direct-stack-fallback -> 0x1411e42da (n=12505088)
[SKIP] Execute-fault RIP=0x7ffc871f9240 direct-stack-fallback -> 0x1411e42da (n=12509184)
[SKIP] Execute-fault RIP=0x7ffc871f9240 direct-stack-fallback -> 0x1411e42da (n=12513280)
[SKIP] Execute-fault RIP=0x7ffc871f9240 direct-stack-fallback -> 0x1411e42da (n=12517376)
[SKIP] Execute-fault RIP=0x7ffc871f9240 direct-stack-fallback -> 0x1411e42da (n=12521472)
[SKIP] Execute-fault RIP=0x7ffc871f9240 direct-stack-fallback -> 0x1411e42da (n=12525568)
[SKIP] Execute-fault RIP=0x7ffc871f9240 direct-stack-fallback -> 0x1411e42da (n=12529664)
[SKIP] Execute-fault RIP=0x7ffc871f9240 direct-stack-fallback -> 0x1411e42da (n=12533760)
[SKIP] Execute-fault RIP=0x7ffc871f9240 direct-stack-fallback -> 0x1411e42da (n=12537856)
[SKIP] Execute-fault RIP=0x7ffc871f9240 direct-stack-fallback -> 0x1411e42da (n=12541952)
[SKIP] Execute-fault RIP=0x7ffc871f9240 direct-stack-fallback -> 0x1411e42da (n=12546048)
[SKIP] Execute-fault RIP=0x7ffc871f9240 direct-stack-fallback -> 0x1411e42da (n=12550144)
[SKIP] Execute-fault RIP=0x7ffc871f9240 direct-stack-fallback -> 0x1411e42da (n=12554240)
[SKIP] Execute-fault RIP=0x7ffc871f9240 direct-stack-fallback -> 0x1411e42da (n=12558336)
[SKIP] Execute-fault RIP=0x7ffc871f9240 direct-stack-fallback -> 0x1411e42da (n=12562432)
[SKIP] Execute-fault RIP=0x7ffc871f9240 direct-stack-fallback -> 0x1411e42da (n=12566528)
[SKIP] Execute-fault RIP=0x7ffc871f9240 direct-stack-fallback -> 0x1411e42da (n=12570624)
[SKIP] Execute-fault RIP=0x7ffc871f9240 direct-stack-fallback -> 0x1411e42da (n=12574720)
[SKIP] Execute-fault RIP=0x7ffc871f9240 direct-stack-fallback -> 0x1411e42da (n=12578816)
[SKIP] Execute-fault RIP=0x7ffc871f9240 direct-stack-fallback -> 0x1411e42da (n=12582912)
[SKIP] Execute-fault RIP=0x7ffc871f9240 direct-stack-fallback -> 0x1411e42da (n=12587008)
[SKIP] Execute-fault RIP=0x7ffc871f9240 direct-stack-fallback -> 0x1411e42da (n=12591104)
[SKIP] Execute-fault RIP=0x7ffc871f9240 direct-stack-fallback -> 0x1411e42da (n=12595200)
[SKIP] Execute-fault RIP=0x7ffc871f9240 direct-stack-fallback -> 0x1411e42da (n=12599296)
[SKIP] Execute-fault RIP=0x7ffc871f9240 direct-stack-fallback -> 0x1411e42da (n=12603392)
[SKIP] Execute-fault RIP=0x7ffc871f9240 direct-stack-fallback -> 0x1411e42da (n=12607488)
[SKIP] Execute-fault RIP=0x7ffc871f9240 direct-stack-fallback -> 0x1411e42da (n=12611584)
[SKIP] Execute-fault RIP=0x7ffc871f9240 direct-stack-fallback -> 0x1411e42da (n=12615680)
[SKIP] Execute-fault RIP=0x7ffc871f9240 direct-stack-fallback -> 0x1411e42da (n=12619776)
[SKIP] Execute-fault RIP=0x7ffc871f9240 direct-stack-fallback -> 0x1411e42da (n=12623872)
[SKIP] Execute-fault RIP=0x7ffc871f9240 direct-stack-fallback -> 0x1411e42da (n=12627968)
[SKIP] Execute-fault RIP=0x7ffc871f9240 direct-stack-fallback -> 0x1411e42da (n=12632064)
[SKIP] Execute-fault RIP=0x7ffc871f9240 direct-stack-fallback -> 0x1411e42da (n=12636160)
[SKIP] Execute-fault RIP=0x7ffc871f9240 direct-stack-fallback -> 0x1411e42da (n=12640256)
[SKIP] Execute-fault RIP=0x7ffc871f9240 direct-stack-fallback -> 0x1411e42da (n=12644352)
[SKIP] Execute-fault RIP=0x7ffc871f9240 direct-stack-fallback -> 0x1411e42da (n=12648448)
[SKIP] Execute-fault RIP=0x7ffc871f9240 direct-stack-fallback -> 0x1411e42da (n=12652544)
[SKIP] Execute-fault RIP=0x7ffc871f9240 direct-stack-fallback -> 0x1411e42da (n=12656640)
[SKIP] Execute-fault RIP=0x7ffc871f9240 direct-stack-fallback -> 0x1411e42da (n=12660736)
[SKIP] Execute-fault RIP=0x7ffc871f9240 direct-stack-fallback -> 0x1411e42da (n=12664832)
[SKIP] Execute-fault RIP=0x7ffc871f9240 direct-stack-fallback -> 0x1411e42da (n=12668928)
[SKIP] Execute-fault RIP=0x7ffc871f9240 direct-stack-fallback -> 0x1411e42da (n=12673024)
[SKIP] Execute-fault RIP=0x7ffc871f9240 direct-stack-fallback -> 0x1411e42da (n=12677120)
[SKIP] Execute-fault RIP=0x7ffc871f9240 direct-stack-fallback -> 0x1411e42da (n=12681216)
[SKIP] Execute-fault RIP=0x7ffc871f9240 direct-stack-fallback -> 0x1411e42da (n=12685312)
[SKIP] Execute-fault RIP=0x7ffc871f9240 direct-stack-fallback -> 0x1411e42da (n=12689408)
[SKIP] Execute-fault RIP=0x7ffc871f9240 direct-stack-fallback -> 0x1411e42da (n=12693504)
[SKIP] Execute-fault RIP=0x7ffc871f9240 direct-stack-fallback -> 0x1411e42da (n=12697600)
[SKIP] Execute-fault RIP=0x7ffc871f9240 direct-stack-fallback -> 0x1411e42da (n=12701696)
[SKIP] Execute-fault RIP=0x7ffc871f9240 direct-stack-fallback -> 0x1411e42da (n=12705792)
[SKIP] Execute-fault RIP=0x7ffc871f9240 direct-stack-fallback -> 0x1411e42da (n=12709888)
[SKIP] Execute-fault RIP=0x7ffc871f9240 direct-stack-fallback -> 0x1411e42da (n=12713984)
[SKIP] Execute-fault RIP=0x7ffc871f9240 direct-stack-fallback -> 0x1411e42da (n=12718080)
[SKIP] Execute-fault RIP=0x7ffc871f9240 direct-stack-fallback -> 0x1411e42da (n=12722176)
[SKIP] Execute-fault RIP=0x7ffc871f9240 direct-stack-fallback -> 0x1411e42da (n=12726272)
[SKIP] Execute-fault RIP=0x7ffc871f9240 direct-stack-fallback -> 0x1411e42da (n=12730368)
[SKIP] Execute-fault RIP=0x7ffc871f9240 direct-stack-fallback -> 0x1411e42da (n=12734464)
[SKIP] Execute-fault RIP=0x7ffc871f9240 direct-stack-fallback -> 0x1411e42da (n=12738560)
[SKIP] Execute-fault RIP=0x7ffc871f9240 direct-stack-fallback -> 0x1411e42da (n=12742656)
[SKIP] Execute-fault RIP=0x7ffc871f9240 direct-stack-fallback -> 0x1411e42da (n=12746752)
[SKIP] Execute-fault RIP=0x7ffc871f9240 direct-stack-fallback -> 0x1411e42da (n=12750848)
[SKIP] Execute-fault RIP=0x7ffc871f9240 direct-stack-fallback -> 0x1411e42da (n=12754944)
[SKIP] Execute-fault RIP=0x7ffc871f9240 direct-stack-fallback -> 0x1411e42da (n=12759040)
[SKIP] Execute-fault RIP=0x7ffc871f9240 direct-stack-fallback -> 0x1411e42da (n=12763136)
[SKIP] Execute-fault RIP=0x7ffc871f9240 direct-stack-fallback -> 0x1411e42da (n=12767232)
[SKIP] Execute-fault RIP=0x7ffc871f9240 direct-stack-fallback -> 0x1411e42da (n=12771328)
[SKIP] Execute-fault RIP=0x7ffc871f9240 direct-stack-fallback -> 0x1411e42da (n=12775424)
[SKIP] Execute-fault RIP=0x7ffc871f9240 direct-stack-fallback -> 0x1411e42da (n=12779520)
[SKIP] Execute-fault RIP=0x7ffc871f9240 direct-stack-fallback -> 0x1411e42da (n=12783616)
[SKIP] Execute-fault RIP=0x7ffc871f9240 direct-stack-fallback -> 0x1411e42da (n=12787712)
[SKIP] Execute-fault RIP=0x7ffc871f9240 direct-stack-fallback -> 0x1411e42da (n=12791808)
[SKIP] Execute-fault RIP=0x7ffc871f9240 direct-stack-fallback -> 0x1411e42da (n=12795904)
[SKIP] Execute-fault RIP=0x7ffc871f9240 direct-stack-fallback -> 0x1411e42da (n=12800000)
[SKIP] Execute-fault RIP=0x7ffc871f9240 direct-stack-fallback -> 0x1411e42da (n=12804096)
[SKIP] Execute-fault RIP=0x7ffc871f9240 direct-stack-fallback -> 0x1411e42da (n=12808192)
[SKIP] Execute-fault RIP=0x7ffc871f9240 direct-stack-fallback -> 0x1411e42da (n=12812288)
[SKIP] Execute-fault RIP=0x7ffc871f9240 direct-stack-fallback -> 0x1411e42da (n=12816384)
[SKIP] Execute-fault RIP=0x7ffc871f9240 direct-stack-fallback -> 0x1411e42da (n=12820480)
[SKIP] Execute-fault RIP=0x7ffc871f9240 direct-stack-fallback -> 0x1411e42da (n=12824576)
[SKIP] Execute-fault RIP=0x7ffc871f9240 direct-stack-fallback -> 0x1411e42da (n=12828672)
[SKIP] Execute-fault RIP=0x7ffc871f9240 direct-stack-fallback -> 0x1411e42da (n=12832768)
[SKIP] Execute-fault RIP=0x7ffc871f9240 direct-stack-fallback -> 0x1411e42da (n=12836864)
[SKIP] Execute-fault RIP=0x7ffc871f9240 direct-stack-fallback -> 0x1411e42da (n=12840960)
[SKIP] Execute-fault RIP=0x7ffc871f9240 direct-stack-fallback -> 0x1411e42da (n=12845056)
[SKIP] Execute-fault RIP=0x7ffc871f9240 direct-stack-fallback -> 0x1411e42da (n=12849152)
[SKIP] Execute-fault RIP=0x7ffc871f9240 direct-stack-fallback -> 0x1411e42da (n=12853248)
[SKIP] Execute-fault RIP=0x7ffc871f9240 direct-stack-fallback -> 0x1411e42da (n=12857344)
[SKIP] Execute-fault RIP=0x7ffc871f9240 direct-stack-fallback -> 0x1411e42da (n=12861440)
[SKIP] Execute-fault RIP=0x7ffc871f9240 direct-stack-fallback -> 0x1411e42da (n=12865536)
[SKIP] Execute-fault RIP=0x7ffc871f9240 direct-stack-fallback -> 0x1411e42da (n=12869632)
[SKIP] Execute-fault RIP=0x7ffc871f9240 direct-stack-fallback -> 0x1411e42da (n=12873728)
[SKIP] Execute-fault RIP=0x7ffc871f9240 direct-stack-fallback -> 0x1411e42da (n=12877824)
[SKIP] Execute-fault RIP=0x7ffc871f9240 direct-stack-fallback -> 0x1411e42da (n=12881920)
[SKIP] Execute-fault RIP=0x7ffc871f9240 direct-stack-fallback -> 0x1411e42da (n=12886016)
[SKIP] Execute-fault RIP=0x7ffc871f9240 direct-stack-fallback -> 0x1411e42da (n=12890112)
[SKIP] Execute-fault RIP=0x7ffc871f9240 direct-stack-fallback -> 0x1411e42da (n=12894208)
[SKIP] Execute-fault RIP=0x7ffc871f9240 direct-stack-fallback -> 0x1411e42da (n=12898304)
[SKIP] Execute-fault RIP=0x7ffc871f9240 direct-stack-fallback -> 0x1411e42da (n=12902400)
[SKIP] Execute-fault RIP=0x7ffc871f9240 direct-stack-fallback -> 0x1411e42da (n=12906496)
[SKIP] Execute-fault RIP=0x7ffc871f9240 direct-stack-fallback -> 0x1411e42da (n=12910592)
[SKIP] Execute-fault RIP=0x7ffc871f9240 direct-stack-fallback -> 0x1411e42da (n=12914688)
[SKIP] Execute-fault RIP=0x7ffc871f9240 direct-stack-fallback -> 0x1411e42da (n=12918784)
[SKIP] Execute-fault RIP=0x7ffc871f9240 direct-stack-fallback -> 0x1411e42da (n=12922880)
[SKIP] Execute-fault RIP=0x7ffc871f9240 direct-stack-fallback -> 0x1411e42da (n=12926976)
[SKIP] Execute-fault RIP=0x7ffc871f9240 direct-stack-fallback -> 0x1411e42da (n=12931072)
[SKIP] Execute-fault RIP=0x7ffc871f9240 direct-stack-fallback -> 0x1411e42da (n=12935168)
[SKIP] Execute-fault RIP=0x7ffc871f9240 direct-stack-fallback -> 0x1411e42da (n=12939264)
[SKIP] Execute-fault RIP=0x7ffc871f9240 direct-stack-fallback -> 0x1411e42da (n=12943360)
[SKIP] Execute-fault RIP=0x7ffc871f9240 direct-stack-fallback -> 0x1411e42da (n=12947456)
[SKIP] Execute-fault RIP=0x7ffc871f9240 direct-stack-fallback -> 0x1411e42da (n=12951552)
[SKIP] Execute-fault RIP=0x7ffc871f9240 direct-stack-fallback -> 0x1411e42da (n=12955648)
[SKIP] Execute-fault RIP=0x7ffc871f9240 direct-stack-fallback -> 0x1411e42da (n=12959744)
[SKIP] Execute-fault RIP=0x7ffc871f9240 direct-stack-fallback -> 0x1411e42da (n=12963840)
[SKIP] Execute-fault RIP=0x7ffc871f9240 direct-stack-fallback -> 0x1411e42da (n=12967936)
[SKIP] Execute-fault RIP=0x7ffc871f9240 direct-stack-fallback -> 0x1411e42da (n=12972032)
[SKIP] Execute-fault RIP=0x7ffc871f9240 direct-stack-fallback -> 0x1411e42da (n=12976128)
[SKIP] Execute-fault RIP=0x7ffc871f9240 direct-stack-fallback -> 0x1411e42da (n=12980224)
[SKIP] Execute-fault RIP=0x7ffc871f9240 direct-stack-fallback -> 0x1411e42da (n=12984320)
[SKIP] Execute-fault RIP=0x7ffc871f9240 direct-stack-fallback -> 0x1411e42da (n=12988416)
[SKIP] Execute-fault RIP=0x7ffc871f9240 direct-stack-fallback -> 0x1411e42da (n=12992512)
[SKIP] Execute-fault RIP=0x7ffc871f9240 direct-stack-fallback -> 0x1411e42da (n=12996608)
[SKIP] Execute-fault RIP=0x7ffc871f9240 direct-stack-fallback -> 0x1411e42da (n=13000704)
[SKIP] Execute-fault RIP=0x7ffc871f9240 direct-stack-fallback -> 0x1411e42da (n=13004800)
[SKIP] Execute-fault RIP=0x7ffc871f9240 direct-stack-fallback -> 0x1411e42da (n=13008896)
[SKIP] Execute-fault RIP=0x7ffc871f9240 direct-stack-fallback -> 0x1411e42da (n=13012992)
[SKIP] Execute-fault RIP=0x7ffc871f9240 direct-stack-fallback -> 0x1411e42da (n=13017088)
[SKIP] Execute-fault RIP=0x7ffc871f9240 direct-stack-fallback -> 0x1411e42da (n=13021184)
[SKIP] Execute-fault RIP=0x7ffc871f9240 direct-stack-fallback -> 0x1411e42da (n=13025280)
[SKIP] Execute-fault RIP=0x7ffc871f9240 direct-stack-fallback -> 0x1411e42da (n=13029376)
[SKIP] Execute-fault RIP=0x7ffc871f9240 direct-stack-fallback -> 0x1411e42da (n=13033472)
[SKIP] Execute-fault RIP=0x7ffc871f9240 direct-stack-fallback -> 0x1411e42da (n=13037568)
[SKIP] Execute-fault RIP=0x7ffc871f9240 direct-stack-fallback -> 0x1411e42da (n=13041664)
[SKIP] Execute-fault RIP=0x7ffc871f9240 direct-stack-fallback -> 0x1411e42da (n=13045760)
[SKIP] Execute-fault RIP=0x7ffc871f9240 direct-stack-fallback -> 0x1411e42da (n=13049856)
[SKIP] Execute-fault RIP=0x7ffc871f9240 direct-stack-fallback -> 0x1411e42da (n=13053952)
[SKIP] Execute-fault RIP=0x7ffc871f9240 direct-stack-fallback -> 0x1411e42da (n=13058048)
[SKIP] Execute-fault RIP=0x7ffc871f9240 direct-stack-fallback -> 0x1411e42da (n=13062144)
[SKIP] Execute-fault RIP=0x7ffc871f9240 direct-stack-fallback -> 0x1411e42da (n=13066240)
[SKIP] Execute-fault RIP=0x7ffc871f9240 direct-stack-fallback -> 0x1411e42da (n=13070336)
[SKIP] Execute-fault RIP=0x7ffc871f9240 direct-stack-fallback -> 0x1411e42da (n=13074432)
[SKIP] Execute-fault RIP=0x7ffc871f9240 direct-stack-fallback -> 0x1411e42da (n=13078528)
[SKIP] Execute-fault RIP=0x7ffc871f9240 direct-stack-fallback -> 0x1411e42da (n=13082624)
[SKIP] Execute-fault RIP=0x7ffc871f9240 direct-stack-fallback -> 0x1411e42da (n=13086720)
[SKIP] Execute-fault RIP=0x7ffc871f9240 direct-stack-fallback -> 0x1411e42da (n=13090816)
[SKIP] Execute-fault RIP=0x7ffc871f9240 direct-stack-fallback -> 0x1411e42da (n=13094912)
[SKIP] Execute-fault RIP=0x7ffc871f9240 direct-stack-fallback -> 0x1411e42da (n=13099008)
[SKIP] Execute-fault RIP=0x7ffc871f9240 direct-stack-fallback -> 0x1411e42da (n=13103104)
[SKIP] Execute-fault RIP=0x7ffc871f9240 direct-stack-fallback -> 0x1411e42da (n=13107200)
[SKIP] Execute-fault RIP=0x7ffc871f9240 direct-stack-fallback -> 0x1411e42da (n=13111296)
[SKIP] Execute-fault RIP=0x7ffc871f9240 direct-stack-fallback -> 0x1411e42da (n=13115392)
[SKIP] Execute-fault RIP=0x7ffc871f9240 direct-stack-fallback -> 0x1411e42da (n=13119488)
[SKIP] Execute-fault RIP=0x7ffc871f9240 direct-stack-fallback -> 0x1411e42da (n=13123584)
[SKIP] Execute-fault RIP=0x7ffc871f9240 direct-stack-fallback -> 0x1411e42da (n=13127680)
[SKIP] Execute-fault RIP=0x7ffc871f9240 direct-stack-fallback -> 0x1411e42da (n=13131776)
[SKIP] Execute-fault RIP=0x7ffc871f9240 direct-stack-fallback -> 0x1411e42da (n=13135872)
[SKIP] Execute-fault RIP=0x7ffc871f9240 direct-stack-fallback -> 0x1411e42da (n=13139968)
[SKIP] Execute-fault RIP=0x7ffc871f9240 direct-stack-fallback -> 0x1411e42da (n=13144064)
[SKIP] Execute-fault RIP=0x7ffc871f9240 direct-stack-fallback -> 0x1411e42da (n=13148160)
[SKIP] Execute-fault RIP=0x7ffc871f9240 direct-stack-fallback -> 0x1411e42da (n=13152256)
[SKIP] Execute-fault RIP=0x7ffc871f9240 direct-stack-fallback -> 0x1411e42da (n=13156352)
[SKIP] Execute-fault RIP=0x7ffc871f9240 direct-stack-fallback -> 0x1411e42da (n=13160448)
[SKIP] Execute-fault RIP=0x7ffc871f9240 direct-stack-fallback -> 0x1411e42da (n=13164544)
[SKIP] Execute-fault RIP=0x7ffc871f9240 direct-stack-fallback -> 0x1411e42da (n=13168640)
[SKIP] Execute-fault RIP=0x7ffc871f9240 direct-stack-fallback -> 0x1411e42da (n=13172736)
[SKIP] Execute-fault RIP=0x7ffc871f9240 direct-stack-fallback -> 0x1411e42da (n=13176832)
[SKIP] Execute-fault RIP=0x7ffc871f9240 direct-stack-fallback -> 0x1411e42da (n=13180928)
[SKIP] Execute-fault RIP=0x7ffc871f9240 direct-stack-fallback -> 0x1411e42da (n=13185024)
[SKIP] Execute-fault RIP=0x7ffc871f9240 direct-stack-fallback -> 0x1411e42da (n=13189120)
[SKIP] Execute-fault RIP=0x7ffc871f9240 direct-stack-fallback -> 0x1411e42da (n=13193216)
[SKIP] Execute-fault RIP=0x7ffc871f9240 direct-stack-fallback -> 0x1411e42da (n=13197312)
[SKIP] Execute-fault RIP=0x7ffc871f9240 direct-stack-fallback -> 0x1411e42da (n=13201408)
[SKIP] Execute-fault RIP=0x7ffc871f9240 direct-stack-fallback -> 0x1411e42da (n=13205504)
[SKIP] Execute-fault RIP=0x7ffc871f9240 direct-stack-fallback -> 0x1411e42da (n=13209600)
[SKIP] Execute-fault RIP=0x7ffc871f9240 direct-stack-fallback -> 0x1411e42da (n=13213696)
[SKIP] Execute-fault RIP=0x7ffc871f9240 direct-stack-fallback -> 0x1411e42da (n=13217792)
[SKIP] Execute-fault RIP=0x7ffc871f9240 direct-stack-fallback -> 0x1411e42da (n=13221888)
[SKIP] Execute-fault RIP=0x7ffc871f9240 direct-stack-fallback -> 0x1411e42da (n=13225984)
[SKIP] Execute-fault RIP=0x7ffc871f9240 direct-stack-fallback -> 0x1411e42da (n=13230080)
[SKIP] Execute-fault RIP=0x7ffc871f9240 direct-stack-fallback -> 0x1411e42da (n=13234176)
[SKIP] Execute-fault RIP=0x7ffc871f9240 direct-stack-fallback -> 0x1411e42da (n=13238272)
[SKIP] Execute-fault RIP=0x7ffc871f9240 direct-stack-fallback -> 0x1411e42da (n=13242368)
[SKIP] Execute-fault RIP=0x7ffc871f9240 direct-stack-fallback -> 0x1411e42da (n=13246464)
[SKIP] Execute-fault RIP=0x7ffc871f9240 direct-stack-fallback -> 0x1411e42da (n=13250560)
[SKIP] Execute-fault RIP=0x7ffc871f9240 direct-stack-fallback -> 0x1411e42da (n=13254656)
[SKIP] Execute-fault RIP=0x7ffc871f9240 direct-stack-fallback -> 0x1411e42da (n=13258752)
[SKIP] Execute-fault RIP=0x7ffc871f9240 direct-stack-fallback -> 0x1411e42da (n=13262848)
[SKIP] Execute-fault RIP=0x7ffc871f9240 direct-stack-fallback -> 0x1411e42da (n=13266944)
[SKIP] Execute-fault RIP=0x7ffc871f9240 direct-stack-fallback -> 0x1411e42da (n=13271040)
[SKIP] Execute-fault RIP=0x7ffc871f9240 direct-stack-fallback -> 0x1411e42da (n=13275136)
[SKIP] Execute-fault RIP=0x7ffc871f9240 direct-stack-fallback -> 0x1411e42da (n=13279232)
[SKIP] Execute-fault RIP=0x7ffc871f9240 direct-stack-fallback -> 0x1411e42da (n=13283328)
[SKIP] Execute-fault RIP=0x7ffc871f9240 direct-stack-fallback -> 0x1411e42da (n=13287424)
[SKIP] Execute-fault RIP=0x7ffc871f9240 direct-stack-fallback -> 0x1411e42da (n=13291520)
[SKIP] Execute-fault RIP=0x7ffc871f9240 direct-stack-fallback -> 0x1411e42da (n=13295616)
[SKIP] Execute-fault RIP=0x7ffc871f9240 direct-stack-fallback -> 0x1411e42da (n=13299712)
[SKIP] Execute-fault RIP=0x7ffc871f9240 direct-stack-fallback -> 0x1411e42da (n=13303808)
[SKIP] Execute-fault RIP=0x7ffc871f9240 direct-stack-fallback -> 0x1411e42da (n=13307904)
[SKIP] Execute-fault RIP=0x7ffc871f9240 direct-stack-fallback -> 0x1411e42da (n=13312000)
[SKIP] Execute-fault RIP=0x7ffc871f9240 direct-stack-fallback -> 0x1411e42da (n=13316096)
[SKIP] Execute-fault RIP=0x7ffc871f9240 direct-stack-fallback -> 0x1411e42da (n=13320192)
[SKIP] Execute-fault RIP=0x7ffc871f9240 direct-stack-fallback -> 0x1411e42da (n=13324288)
[SKIP] Execute-fault RIP=0x7ffc871f9240 direct-stack-fallback -> 0x1411e42da (n=13328384)
[SKIP] Execute-fault RIP=0x7ffc871f9240 direct-stack-fallback -> 0x1411e42da (n=13332480)
[SKIP] Execute-fault RIP=0x7ffc871f9240 direct-stack-fallback -> 0x1411e42da (n=13336576)
[SKIP] Execute-fault RIP=0x7ffc871f9240 direct-stack-fallback -> 0x1411e42da (n=13340672)
[SKIP] Execute-fault RIP=0x7ffc871f9240 direct-stack-fallback -> 0x1411e42da (n=13344768)
[SKIP] Execute-fault RIP=0x7ffc871f9240 direct-stack-fallback -> 0x1411e42da (n=13348864)
[SKIP] Execute-fault RIP=0x7ffc871f9240 direct-stack-fallback -> 0x1411e42da (n=13352960)
[SKIP] Execute-fault RIP=0x7ffc871f9240 direct-stack-fallback -> 0x1411e42da (n=13357056)
[SKIP] Execute-fault RIP=0x7ffc871f9240 direct-stack-fallback -> 0x1411e42da (n=13361152)
[SKIP] Execute-fault RIP=0x7ffc871f9240 direct-stack-fallback -> 0x1411e42da (n=13365248)
[SKIP] Execute-fault RIP=0x7ffc871f9240 direct-stack-fallback -> 0x1411e42da (n=13369344)
[SKIP] Execute-fault RIP=0x7ffc871f9240 direct-stack-fallback -> 0x1411e42da (n=13373440)
[SKIP] Execute-fault RIP=0x7ffc871f9240 direct-stack-fallback -> 0x1411e42da (n=13377536)
[SKIP] Execute-fault RIP=0x7ffc871f9240 direct-stack-fallback -> 0x1411e42da (n=13381632)
[SKIP] Execute-fault RIP=0x7ffc871f9240 direct-stack-fallback -> 0x1411e42da (n=13385728)
[SKIP] Execute-fault RIP=0x7ffc871f9240 direct-stack-fallback -> 0x1411e42da (n=13389824)
[SKIP] Execute-fault RIP=0x7ffc871f9240 direct-stack-fallback -> 0x1411e42da (n=13393920)
[SKIP] Execute-fault RIP=0x7ffc871f9240 direct-stack-fallback -> 0x1411e42da (n=13398016)
[SKIP] Execute-fault RIP=0x7ffc871f9240 direct-stack-fallback -> 0x1411e42da (n=13402112)
[SKIP] Execute-fault RIP=0x7ffc871f9240 direct-stack-fallback -> 0x1411e42da (n=13406208)
[SKIP] Execute-fault RIP=0x7ffc871f9240 direct-stack-fallback -> 0x1411e42da (n=13410304)
[SKIP] Execute-fault RIP=0x7ffc871f9240 direct-stack-fallback -> 0x1411e42da (n=13414400)
[SKIP] Execute-fault RIP=0x7ffc871f9240 direct-stack-fallback -> 0x1411e42da (n=13418496)
[SKIP] Execute-fault RIP=0x7ffc871f9240 direct-stack-fallback -> 0x1411e42da (n=13422592)
[SKIP] Execute-fault RIP=0x7ffc871f9240 direct-stack-fallback -> 0x1411e42da (n=13426688)
[SKIP] Execute-fault RIP=0x7ffc871f9240 direct-stack-fallback -> 0x1411e42da (n=13430784)
[SKIP] Execute-fault RIP=0x7ffc871f9240 direct-stack-fallback -> 0x1411e42da (n=13434880)
[SKIP] Execute-fault RIP=0x7ffc871f9240 direct-stack-fallback -> 0x1411e42da (n=13438976)
[SKIP] Execute-fault RIP=0x7ffc871f9240 direct-stack-fallback -> 0x1411e42da (n=13443072)
[SKIP] Execute-fault RIP=0x7ffc871f9240 direct-stack-fallback -> 0x1411e42da (n=13447168)
[SKIP] Execute-fault RIP=0x7ffc871f9240 direct-stack-fallback -> 0x1411e42da (n=13451264)
[SKIP] Execute-fault RIP=0x7ffc871f9240 direct-stack-fallback -> 0x1411e42da (n=13455360)
[SKIP] Execute-fault RIP=0x7ffc871f9240 direct-stack-fallback -> 0x1411e42da (n=13459456)
[SKIP] Execute-fault RIP=0x7ffc871f9240 direct-stack-fallback -> 0x1411e42da (n=13463552)
[SKIP] Execute-fault RIP=0x7ffc871f9240 direct-stack-fallback -> 0x1411e42da (n=13467648)
[SKIP] Execute-fault RIP=0x7ffc871f9240 direct-stack-fallback -> 0x1411e42da (n=13471744)
[SKIP] Execute-fault RIP=0x7ffc871f9240 direct-stack-fallback -> 0x1411e42da (n=13475840)
[SKIP] Execute-fault RIP=0x7ffc871f9240 direct-stack-fallback -> 0x1411e42da (n=13479936)
[SKIP] Execute-fault RIP=0x7ffc871f9240 direct-stack-fallback -> 0x1411e42da (n=13484032)
[SKIP] Execute-fault RIP=0x7ffc871f9240 direct-stack-fallback -> 0x1411e42da (n=13488128)
[SKIP] Execute-fault RIP=0x7ffc871f9240 direct-stack-fallback -> 0x1411e42da (n=13492224)
[SKIP] Execute-fault RIP=0x7ffc871f9240 direct-stack-fallback -> 0x1411e42da (n=13496320)
[SKIP] Execute-fault RIP=0x7ffc871f9240 direct-stack-fallback -> 0x1411e42da (n=13500416)
[SKIP] Execute-fault RIP=0x7ffc871f9240 direct-stack-fallback -> 0x1411e42da (n=13504512)
[SKIP] Execute-fault RIP=0x7ffc871f9240 direct-stack-fallback -> 0x1411e42da (n=13508608)
[SKIP] Execute-fault RIP=0x7ffc871f9240 direct-stack-fallback -> 0x1411e42da (n=13512704)
[SKIP] Execute-fault RIP=0x7ffc871f9240 direct-stack-fallback -> 0x1411e42da (n=13516800)
[SKIP] Execute-fault RIP=0x7ffc871f9240 direct-stack-fallback -> 0x1411e42da (n=13520896)
[SKIP] Execute-fault RIP=0x7ffc871f9240 direct-stack-fallback -> 0x1411e42da (n=13524992)
[SKIP] Execute-fault RIP=0x7ffc871f9240 direct-stack-fallback -> 0x1411e42da (n=13529088)
[SKIP] Execute-fault RIP=0x7ffc871f9240 direct-stack-fallback -> 0x1411e42da (n=13533184)
[SKIP] Execute-fault RIP=0x7ffc871f9240 direct-stack-fallback -> 0x1411e42da (n=13537280)
[SKIP] Execute-fault RIP=0x7ffc871f9240 direct-stack-fallback -> 0x1411e42da (n=13541376)
[SKIP] Execute-fault RIP=0x7ffc871f9240 direct-stack-fallback -> 0x1411e42da (n=13545472)
[SKIP] Execute-fault RIP=0x7ffc871f9240 direct-stack-fallback -> 0x1411e42da (n=13549568)
[SKIP] Execute-fault RIP=0x7ffc871f9240 direct-stack-fallback -> 0x1411e42da (n=13553664)
[SKIP] Execute-fault RIP=0x7ffc871f9240 direct-stack-fallback -> 0x1411e42da (n=13557760)
[SKIP] Execute-fault RIP=0x7ffc871f9240 direct-stack-fallback -> 0x1411e42da (n=13561856)
[SKIP] Execute-fault RIP=0x7ffc871f9240 direct-stack-fallback -> 0x1411e42da (n=13565952)
[SKIP] Execute-fault RIP=0x7ffc871f9240 direct-stack-fallback -> 0x1411e42da (n=13570048)
[SKIP] Execute-fault RIP=0x7ffc871f9240 direct-stack-fallback -> 0x1411e42da (n=13574144)
[SKIP] Execute-fault RIP=0x7ffc871f9240 direct-stack-fallback -> 0x1411e42da (n=13578240)
[SKIP] Execute-fault RIP=0x7ffc871f9240 direct-stack-fallback -> 0x1411e42da (n=13582336)
[SKIP] Execute-fault RIP=0x7ffc871f9240 direct-stack-fallback -> 0x1411e42da (n=13586432)
[SKIP] Execute-fault RIP=0x7ffc871f9240 direct-stack-fallback -> 0x1411e42da (n=13590528)
[SKIP] Execute-fault RIP=0x7ffc871f9240 direct-stack-fallback -> 0x1411e42da (n=13594624)
[SKIP] Execute-fault RIP=0x7ffc871f9240 direct-stack-fallback -> 0x1411e42da (n=13598720)
[SKIP] Execute-fault RIP=0x7ffc871f9240 direct-stack-fallback -> 0x1411e42da (n=13602816)
[SKIP] Execute-fault RIP=0x7ffc871f9240 direct-stack-fallback -> 0x1411e42da (n=13606912)
[SKIP] Execute-fault RIP=0x7ffc871f9240 direct-stack-fallback -> 0x1411e42da (n=13611008)
[SKIP] Execute-fault RIP=0x7ffc871f9240 direct-stack-fallback -> 0x1411e42da (n=13615104)
[SKIP] Execute-fault RIP=0x7ffc871f9240 direct-stack-fallback -> 0x1411e42da (n=13619200)
[SKIP] Execute-fault RIP=0x7ffc871f9240 direct-stack-fallback -> 0x1411e42da (n=13623296)
[SKIP] Execute-fault RIP=0x7ffc871f9240 direct-stack-fallback -> 0x1411e42da (n=13627392)
[SKIP] Execute-fault RIP=0x7ffc871f9240 direct-stack-fallback -> 0x1411e42da (n=13631488)
[SKIP] Execute-fault RIP=0x7ffc871f9240 direct-stack-fallback -> 0x1411e42da (n=13635584)
[SKIP] Execute-fault RIP=0x7ffc871f9240 direct-stack-fallback -> 0x1411e42da (n=13639680)
[SKIP] Execute-fault RIP=0x7ffc871f9240 direct-stack-fallback -> 0x1411e42da (n=13643776)
[SKIP] Execute-fault RIP=0x7ffc871f9240 direct-stack-fallback -> 0x1411e42da (n=13647872)
[SKIP] Execute-fault RIP=0x7ffc871f9240 direct-stack-fallback -> 0x1411e42da (n=13651968)
[SKIP] Execute-fault RIP=0x7ffc871f9240 direct-stack-fallback -> 0x1411e42da (n=13656064)
[SKIP] Execute-fault RIP=0x7ffc871f9240 direct-stack-fallback -> 0x1411e42da (n=13660160)
[SKIP] Execute-fault RIP=0x7ffc871f9240 direct-stack-fallback -> 0x1411e42da (n=13664256)
[SKIP] Execute-fault RIP=0x7ffc871f9240 direct-stack-fallback -> 0x1411e42da (n=13668352)
[SKIP] Execute-fault RIP=0x7ffc871f9240 direct-stack-fallback -> 0x1411e42da (n=13672448)
[SKIP] Execute-fault RIP=0x7ffc871f9240 direct-stack-fallback -> 0x1411e42da (n=13676544)
[SKIP] Execute-fault RIP=0x7ffc871f9240 direct-stack-fallback -> 0x1411e42da (n=13680640)
[SKIP] Execute-fault RIP=0x7ffc871f9240 direct-stack-fallback -> 0x1411e42da (n=13684736)
[SKIP] Execute-fault RIP=0x7ffc871f9240 direct-stack-fallback -> 0x1411e42da (n=13688832)
[SKIP] Execute-fault RIP=0x7ffc871f9240 direct-stack-fallback -> 0x1411e42da (n=13692928)
[SKIP] Execute-fault RIP=0x7ffc871f9240 direct-stack-fallback -> 0x1411e42da (n=13697024)
[SKIP] Execute-fault RIP=0x7ffc871f9240 direct-stack-fallback -> 0x1411e42da (n=13701120)
[SKIP] Execute-fault RIP=0x7ffc871f9240 direct-stack-fallback -> 0x1411e42da (n=13705216)
[SKIP] Execute-fault RIP=0x7ffc871f9240 direct-stack-fallback -> 0x1411e42da (n=13709312)
[SKIP] Execute-fault RIP=0x7ffc871f9240 direct-stack-fallback -> 0x1411e42da (n=13713408)
[SKIP] Execute-fault RIP=0x7ffc871f9240 direct-stack-fallback -> 0x1411e42da (n=13717504)
[SKIP] Execute-fault RIP=0x7ffc871f9240 direct-stack-fallback -> 0x1411e42da (n=13721600)
[SKIP] Execute-fault RIP=0x7ffc871f9240 direct-stack-fallback -> 0x1411e42da (n=13725696)
[SKIP] Execute-fault RIP=0x7ffc871f9240 direct-stack-fallback -> 0x1411e42da (n=13729792)
[SKIP] Execute-fault RIP=0x7ffc871f9240 direct-stack-fallback -> 0x1411e42da (n=13733888)
[SKIP] Execute-fault RIP=0x7ffc871f9240 direct-stack-fallback -> 0x1411e42da (n=13737984)
[SKIP] Execute-fault RIP=0x7ffc871f9240 direct-stack-fallback -> 0x1411e42da (n=13742080)
[SKIP] Execute-fault RIP=0x7ffc871f9240 direct-stack-fallback -> 0x1411e42da (n=13746176)
[SKIP] Execute-fault RIP=0x7ffc871f9240 direct-stack-fallback -> 0x1411e42da (n=13750272)
[SKIP] Execute-fault RIP=0x7ffc871f9240 direct-stack-fallback -> 0x1411e42da (n=13754368)
[SKIP] Execute-fault RIP=0x7ffc871f9240 direct-stack-fallback -> 0x1411e42da (n=13758464)
[SKIP] Execute-fault RIP=0x7ffc871f9240 direct-stack-fallback -> 0x1411e42da (n=13762560)
[SKIP] Execute-fault RIP=0x7ffc871f9240 direct-stack-fallback -> 0x1411e42da (n=13766656)
[SKIP] Execute-fault RIP=0x7ffc871f9240 direct-stack-fallback -> 0x1411e42da (n=13770752)
[SKIP] Execute-fault RIP=0x7ffc871f9240 direct-stack-fallback -> 0x1411e42da (n=13774848)
[SKIP] Execute-fault RIP=0x7ffc871f9240 direct-stack-fallback -> 0x1411e42da (n=13778944)
[SKIP] Execute-fault RIP=0x7ffc871f9240 direct-stack-fallback -> 0x1411e42da (n=13783040)
[SKIP] Execute-fault RIP=0x7ffc871f9240 direct-stack-fallback -> 0x1411e42da (n=13787136)
[SKIP] Execute-fault RIP=0x7ffc871f9240 direct-stack-fallback -> 0x1411e42da (n=13791232)
[SKIP] Execute-fault RIP=0x7ffc871f9240 direct-stack-fallback -> 0x1411e42da (n=13795328)
[SKIP] Execute-fault RIP=0x7ffc871f9240 direct-stack-fallback -> 0x1411e42da (n=13799424)
[SKIP] Execute-fault RIP=0x7ffc871f9240 direct-stack-fallback -> 0x1411e42da (n=13803520)
[SKIP] Execute-fault RIP=0x7ffc871f9240 direct-stack-fallback -> 0x1411e42da (n=13807616)
[SKIP] Execute-fault RIP=0x7ffc871f9240 direct-stack-fallback -> 0x1411e42da (n=13811712)
[SKIP] Execute-fault RIP=0x7ffc871f9240 direct-stack-fallback -> 0x1411e42da (n=13815808)
[SKIP] Execute-fault RIP=0x7ffc871f9240 direct-stack-fallback -> 0x1411e42da (n=13819904)
[SKIP] Execute-fault RIP=0x7ffc871f9240 direct-stack-fallback -> 0x1411e42da (n=13824000)
[SKIP] Execute-fault RIP=0x7ffc871f9240 direct-stack-fallback -> 0x1411e42da (n=13828096)
[SKIP] Execute-fault RIP=0x7ffc871f9240 direct-stack-fallback -> 0x1411e42da (n=13832192)
[SKIP] Execute-fault RIP=0x7ffc871f9240 direct-stack-fallback -> 0x1411e42da (n=13836288)
[SKIP] Execute-fault RIP=0x7ffc871f9240 direct-stack-fallback -> 0x1411e42da (n=13840384)
[SKIP] Execute-fault RIP=0x7ffc871f9240 direct-stack-fallback -> 0x1411e42da (n=13844480)
[SKIP] Execute-fault RIP=0x7ffc871f9240 direct-stack-fallback -> 0x1411e42da (n=13848576)
[SKIP] Execute-fault RIP=0x7ffc871f9240 direct-stack-fallback -> 0x1411e42da (n=13852672)
[SKIP] Execute-fault RIP=0x7ffc871f9240 direct-stack-fallback -> 0x1411e42da (n=13856768)
[SKIP] Execute-fault RIP=0x7ffc871f9240 direct-stack-fallback -> 0x1411e42da (n=13860864)
[SKIP] Execute-fault RIP=0x7ffc871f9240 direct-stack-fallback -> 0x1411e42da (n=13864960)
[SKIP] Execute-fault RIP=0x7ffc871f9240 direct-stack-fallback -> 0x1411e42da (n=13869056)
[SKIP] Execute-fault RIP=0x7ffc871f9240 direct-stack-fallback -> 0x1411e42da (n=13873152)
[SKIP] Execute-fault RIP=0x7ffc871f9240 direct-stack-fallback -> 0x1411e42da (n=13877248)
[SKIP] Execute-fault RIP=0x7ffc871f9240 direct-stack-fallback -> 0x1411e42da (n=13881344)
[SKIP] Execute-fault RIP=0x7ffc871f9240 direct-stack-fallback -> 0x1411e42da (n=13885440)
[SKIP] Execute-fault RIP=0x7ffc871f9240 direct-stack-fallback -> 0x1411e42da (n=13889536)
[SKIP] Execute-fault RIP=0x7ffc871f9240 direct-stack-fallback -> 0x1411e42da (n=13893632)
[SKIP] Execute-fault RIP=0x7ffc871f9240 direct-stack-fallback -> 0x1411e42da (n=13897728)
[SKIP] Execute-fault RIP=0x7ffc871f9240 direct-stack-fallback -> 0x1411e42da (n=13901824)
[SKIP] Execute-fault RIP=0x7ffc871f9240 direct-stack-fallback -> 0x1411e42da (n=13905920)
[SKIP] Execute-fault RIP=0x7ffc871f9240 direct-stack-fallback -> 0x1411e42da (n=13910016)
[SKIP] Execute-fault RIP=0x7ffc871f9240 direct-stack-fallback -> 0x1411e42da (n=13914112)
[SKIP] Execute-fault RIP=0x7ffc871f9240 direct-stack-fallback -> 0x1411e42da (n=13918208)
[SKIP] Execute-fault RIP=0x7ffc871f9240 direct-stack-fallback -> 0x1411e42da (n=13922304)
[SKIP] Execute-fault RIP=0x7ffc871f9240 direct-stack-fallback -> 0x1411e42da (n=13926400)
[SKIP] Execute-fault RIP=0x7ffc871f9240 direct-stack-fallback -> 0x1411e42da (n=13930496)
[SKIP] Execute-fault RIP=0x7ffc871f9240 direct-stack-fallback -> 0x1411e42da (n=13934592)
[SKIP] Execute-fault RIP=0x7ffc871f9240 direct-stack-fallback -> 0x1411e42da (n=13938688)
[SKIP] Execute-fault RIP=0x7ffc871f9240 direct-stack-fallback -> 0x1411e42da (n=13942784)
[SKIP] Execute-fault RIP=0x7ffc871f9240 direct-stack-fallback -> 0x1411e42da (n=13946880)
[SKIP] Execute-fault RIP=0x7ffc871f9240 direct-stack-fallback -> 0x1411e42da (n=13950976)
[SKIP] Execute-fault RIP=0x7ffc871f9240 direct-stack-fallback -> 0x1411e42da (n=13955072)
[SKIP] Execute-fault RIP=0x7ffc871f9240 direct-stack-fallback -> 0x1411e42da (n=13959168)
[SKIP] Execute-fault RIP=0x7ffc871f9240 direct-stack-fallback -> 0x1411e42da (n=13963264)
[SKIP] Execute-fault RIP=0x7ffc871f9240 direct-stack-fallback -> 0x1411e42da (n=13967360)
[SKIP] Execute-fault RIP=0x7ffc871f9240 direct-stack-fallback -> 0x1411e42da (n=13971456)
[SKIP] Execute-fault RIP=0x7ffc871f9240 direct-stack-fallback -> 0x1411e42da (n=13975552)
[SKIP] Execute-fault RIP=0x7ffc871f9240 direct-stack-fallback -> 0x1411e42da (n=13979648)
[SKIP] Execute-fault RIP=0x7ffc871f9240 direct-stack-fallback -> 0x1411e42da (n=13983744)
[SKIP] Execute-fault RIP=0x7ffc871f9240 direct-stack-fallback -> 0x1411e42da (n=13987840)
[SKIP] Execute-fault RIP=0x7ffc871f9240 direct-stack-fallback -> 0x1411e42da (n=13991936)
[SKIP] Execute-fault RIP=0x7ffc871f9240 direct-stack-fallback -> 0x1411e42da (n=13996032)
[SKIP] Execute-fault RIP=0x7ffc871f9240 direct-stack-fallback -> 0x1411e42da (n=14000128)
[SKIP] Execute-fault RIP=0x7ffc871f9240 direct-stack-fallback -> 0x1411e42da (n=14004224)
[SKIP] Execute-fault RIP=0x7ffc871f9240 direct-stack-fallback -> 0x1411e42da (n=14008320)
[SKIP] Execute-fault RIP=0x7ffc871f9240 direct-stack-fallback -> 0x1411e42da (n=14012416)
[SKIP] Execute-fault RIP=0x7ffc871f9240 direct-stack-fallback -> 0x1411e42da (n=14016512)
[SKIP] Execute-fault RIP=0x7ffc871f9240 direct-stack-fallback -> 0x1411e42da (n=14020608)
[SKIP] Execute-fault RIP=0x7ffc871f9240 direct-stack-fallback -> 0x1411e42da (n=14024704)
[SKIP] Execute-fault RIP=0x7ffc871f9240 direct-stack-fallback -> 0x1411e42da (n=14028800)
[SKIP] Execute-fault RIP=0x7ffc871f9240 direct-stack-fallback -> 0x1411e42da (n=14032896)
[SKIP] Execute-fault RIP=0x7ffc871f9240 direct-stack-fallback -> 0x1411e42da (n=14036992)
[SKIP] Execute-fault RIP=0x7ffc871f9240 direct-stack-fallback -> 0x1411e42da (n=14041088)
[SKIP] Execute-fault RIP=0x7ffc871f9240 direct-stack-fallback -> 0x1411e42da (n=14045184)
[SKIP] Execute-fault RIP=0x7ffc871f9240 direct-stack-fallback -> 0x1411e42da (n=14049280)
[SKIP] Execute-fault RIP=0x7ffc871f9240 direct-stack-fallback -> 0x1411e42da (n=14053376)
[SKIP] Execute-fault RIP=0x7ffc871f9240 direct-stack-fallback -> 0x1411e42da (n=14057472)
[SKIP] Execute-fault RIP=0x7ffc871f9240 direct-stack-fallback -> 0x1411e42da (n=14061568)
[SKIP] Execute-fault RIP=0x7ffc871f9240 direct-stack-fallback -> 0x1411e42da (n=14065664)
[SKIP] Execute-fault RIP=0x7ffc871f9240 direct-stack-fallback -> 0x1411e42da (n=14069760)
[SKIP] Execute-fault RIP=0x7ffc871f9240 direct-stack-fallback -> 0x1411e42da (n=14073856)
[SKIP] Execute-fault RIP=0x7ffc871f9240 direct-stack-fallback -> 0x1411e42da (n=14077952)
[SKIP] Execute-fault RIP=0x7ffc871f9240 direct-stack-fallback -> 0x1411e42da (n=14082048)
[SKIP] Execute-fault RIP=0x7ffc871f9240 direct-stack-fallback -> 0x1411e42da (n=14086144)
[SKIP] Execute-fault RIP=0x7ffc871f9240 direct-stack-fallback -> 0x1411e42da (n=14090240)
[SKIP] Execute-fault RIP=0x7ffc871f9240 direct-stack-fallback -> 0x1411e42da (n=14094336)
[SKIP] Execute-fault RIP=0x7ffc871f9240 direct-stack-fallback -> 0x1411e42da (n=14098432)
[SKIP] Execute-fault RIP=0x7ffc871f9240 direct-stack-fallback -> 0x1411e42da (n=14102528)
[SKIP] Execute-fault RIP=0x7ffc871f9240 direct-stack-fallback -> 0x1411e42da (n=14106624)
[SKIP] Execute-fault RIP=0x7ffc871f9240 direct-stack-fallback -> 0x1411e42da (n=14110720)
[SKIP] Execute-fault RIP=0x7ffc871f9240 direct-stack-fallback -> 0x1411e42da (n=14114816)
[SKIP] Execute-fault RIP=0x7ffc871f9240 direct-stack-fallback -> 0x1411e42da (n=14118912)
[SKIP] Execute-fault RIP=0x7ffc871f9240 direct-stack-fallback -> 0x1411e42da (n=14123008)
[SKIP] Execute-fault RIP=0x7ffc871f9240 direct-stack-fallback -> 0x1411e42da (n=14127104)
[SKIP] Execute-fault RIP=0x7ffc871f9240 direct-stack-fallback -> 0x1411e42da (n=14131200)
[SKIP] Execute-fault RIP=0x7ffc871f9240 direct-stack-fallback -> 0x1411e42da (n=14135296)
[SKIP] Execute-fault RIP=0x7ffc871f9240 direct-stack-fallback -> 0x1411e42da (n=14139392)
[SKIP] Execute-fault RIP=0x7ffc871f9240 direct-stack-fallback -> 0x1411e42da (n=14143488)
[SKIP] Execute-fault RIP=0x7ffc871f9240 direct-stack-fallback -> 0x1411e42da (n=14147584)
[SKIP] Execute-fault RIP=0x7ffc871f9240 direct-stack-fallback -> 0x1411e42da (n=14151680)
[SKIP] Execute-fault RIP=0x7ffc871f9240 direct-stack-fallback -> 0x1411e42da (n=14155776)
[SKIP] Execute-fault RIP=0x7ffc871f9240 direct-stack-fallback -> 0x1411e42da (n=14159872)
[SKIP] Execute-fault RIP=0x7ffc871f9240 direct-stack-fallback -> 0x1411e42da (n=14163968)
[SKIP] Execute-fault RIP=0x7ffc871f9240 direct-stack-fallback -> 0x1411e42da (n=14168064)
[SKIP] Execute-fault RIP=0x7ffc871f9240 direct-stack-fallback -> 0x1411e42da (n=14172160)
[SKIP] Execute-fault RIP=0x7ffc871f9240 direct-stack-fallback -> 0x1411e42da (n=14176256)
[SKIP] Execute-fault RIP=0x7ffc871f9240 direct-stack-fallback -> 0x1411e42da (n=14180352)
[SKIP] Execute-fault RIP=0x7ffc871f9240 direct-stack-fallback -> 0x1411e42da (n=14184448)
[SKIP] Execute-fault RIP=0x7ffc871f9240 direct-stack-fallback -> 0x1411e42da (n=14188544)
[SKIP] Execute-fault RIP=0x7ffc871f9240 direct-stack-fallback -> 0x1411e42da (n=14192640)
[SKIP] Execute-fault RIP=0x7ffc871f9240 direct-stack-fallback -> 0x1411e42da (n=14196736)
[SKIP] Execute-fault RIP=0x7ffc871f9240 direct-stack-fallback -> 0x1411e42da (n=14200832)
[SKIP] Execute-fault RIP=0x7ffc871f9240 direct-stack-fallback -> 0x1411e42da (n=14204928)
[SKIP] Execute-fault RIP=0x7ffc871f9240 direct-stack-fallback -> 0x1411e42da (n=14209024)
[SKIP] Execute-fault RIP=0x7ffc871f9240 direct-stack-fallback -> 0x1411e42da (n=14213120)
[SKIP] Execute-fault RIP=0x7ffc871f9240 direct-stack-fallback -> 0x1411e42da (n=14217216)
[SKIP] Execute-fault RIP=0x7ffc871f9240 direct-stack-fallback -> 0x1411e42da (n=14221312)
[SKIP] Execute-fault RIP=0x7ffc871f9240 direct-stack-fallback -> 0x1411e42da (n=14225408)
[SKIP] Execute-fault RIP=0x7ffc871f9240 direct-stack-fallback -> 0x1411e42da (n=14229504)
[SKIP] Execute-fault RIP=0x7ffc871f9240 direct-stack-fallback -> 0x1411e42da (n=14233600)
[SKIP] Execute-fault RIP=0x7ffc871f9240 direct-stack-fallback -> 0x1411e42da (n=14237696)
[SKIP] Execute-fault RIP=0x7ffc871f9240 direct-stack-fallback -> 0x1411e42da (n=14241792)
[SKIP] Execute-fault RIP=0x7ffc871f9240 direct-stack-fallback -> 0x1411e42da (n=14245888)
[SKIP] Execute-fault RIP=0x7ffc871f9240 direct-stack-fallback -> 0x1411e42da (n=14249984)
[SKIP] Execute-fault RIP=0x7ffc871f9240 direct-stack-fallback -> 0x1411e42da (n=14254080)
[SKIP] Execute-fault RIP=0x7ffc871f9240 direct-stack-fallback -> 0x1411e42da (n=14258176)
[SKIP] Execute-fault RIP=0x7ffc871f9240 direct-stack-fallback -> 0x1411e42da (n=14262272)
[SKIP] Execute-fault RIP=0x7ffc871f9240 direct-stack-fallback -> 0x1411e42da (n=14266368)
[SKIP] Execute-fault RIP=0x7ffc871f9240 direct-stack-fallback -> 0x1411e42da (n=14270464)
[SKIP] Execute-fault RIP=0x7ffc871f9240 direct-stack-fallback -> 0x1411e42da (n=14274560)
[SKIP] Execute-fault RIP=0x7ffc871f9240 direct-stack-fallback -> 0x1411e42da (n=14278656)
[SKIP] Execute-fault RIP=0x7ffc871f9240 direct-stack-fallback -> 0x1411e42da (n=14282752)
[SKIP] Execute-fault RIP=0x7ffc871f9240 direct-stack-fallback -> 0x1411e42da (n=14286848)
[SKIP] Execute-fault RIP=0x7ffc871f9240 direct-stack-fallback -> 0x1411e42da (n=14290944)
[SKIP] Execute-fault RIP=0x7ffc871f9240 direct-stack-fallback -> 0x1411e42da (n=14295040)
[SKIP] Execute-fault RIP=0x7ffc871f9240 direct-stack-fallback -> 0x1411e42da (n=14299136)
[SKIP] Execute-fault RIP=0x7ffc871f9240 direct-stack-fallback -> 0x1411e42da (n=14303232)
[SKIP] Execute-fault RIP=0x7ffc871f9240 direct-stack-fallback -> 0x1411e42da (n=14307328)
[SKIP] Execute-fault RIP=0x7ffc871f9240 direct-stack-fallback -> 0x1411e42da (n=14311424)
[SKIP] Execute-fault RIP=0x7ffc871f9240 direct-stack-fallback -> 0x1411e42da (n=14315520)
[SKIP] Execute-fault RIP=0x7ffc871f9240 direct-stack-fallback -> 0x1411e42da (n=14319616)
[SKIP] Execute-fault RIP=0x7ffc871f9240 direct-stack-fallback -> 0x1411e42da (n=14323712)
[SKIP] Execute-fault RIP=0x7ffc871f9240 direct-stack-fallback -> 0x1411e42da (n=14327808)
[SKIP] Execute-fault RIP=0x7ffc871f9240 direct-stack-fallback -> 0x1411e42da (n=14331904)
[SKIP] Execute-fault RIP=0x7ffc871f9240 direct-stack-fallback -> 0x1411e42da (n=14336000)
[SKIP] Execute-fault RIP=0x7ffc871f9240 direct-stack-fallback -> 0x1411e42da (n=14340096)
[SKIP] Execute-fault RIP=0x7ffc871f9240 direct-stack-fallback -> 0x1411e42da (n=14344192)
[SKIP] Execute-fault RIP=0x7ffc871f9240 direct-stack-fallback -> 0x1411e42da (n=14348288)
[SKIP] Execute-fault RIP=0x7ffc871f9240 direct-stack-fallback -> 0x1411e42da (n=14352384)
[SKIP] Execute-fault RIP=0x7ffc871f9240 direct-stack-fallback -> 0x1411e42da (n=14356480)
[SKIP] Execute-fault RIP=0x7ffc871f9240 direct-stack-fallback -> 0x1411e42da (n=14360576)
[SKIP] Execute-fault RIP=0x7ffc871f9240 direct-stack-fallback -> 0x1411e42da (n=14364672)
[SKIP] Execute-fault RIP=0x7ffc871f9240 direct-stack-fallback -> 0x1411e42da (n=14368768)
[SKIP] Execute-fault RIP=0x7ffc871f9240 direct-stack-fallback -> 0x1411e42da (n=14372864)
[SKIP] Execute-fault RIP=0x7ffc871f9240 direct-stack-fallback -> 0x1411e42da (n=14376960)
[SKIP] Execute-fault RIP=0x7ffc871f9240 direct-stack-fallback -> 0x1411e42da (n=14381056)
[SKIP] Execute-fault RIP=0x7ffc871f9240 direct-stack-fallback -> 0x1411e42da (n=14385152)
[SKIP] Execute-fault RIP=0x7ffc871f9240 direct-stack-fallback -> 0x1411e42da (n=14389248)
[SKIP] Execute-fault RIP=0x7ffc871f9240 direct-stack-fallback -> 0x1411e42da (n=14393344)
[SKIP] Execute-fault RIP=0x7ffc871f9240 direct-stack-fallback -> 0x1411e42da (n=14397440)
[SKIP] Execute-fault RIP=0x7ffc871f9240 direct-stack-fallback -> 0x1411e42da (n=14401536)
[SKIP] Execute-fault RIP=0x7ffc871f9240 direct-stack-fallback -> 0x1411e42da (n=14405632)
[SKIP] Execute-fault RIP=0x7ffc871f9240 direct-stack-fallback -> 0x1411e42da (n=14409728)
[SKIP] Execute-fault RIP=0x7ffc871f9240 direct-stack-fallback -> 0x1411e42da (n=14413824)
[SKIP] Execute-fault RIP=0x7ffc871f9240 direct-stack-fallback -> 0x1411e42da (n=14417920)
[SKIP] Execute-fault RIP=0x7ffc871f9240 direct-stack-fallback -> 0x1411e42da (n=14422016)
[SKIP] Execute-fault RIP=0x7ffc871f9240 direct-stack-fallback -> 0x1411e42da (n=14426112)
[SKIP] Execute-fault RIP=0x7ffc871f9240 direct-stack-fallback -> 0x1411e42da (n=14430208)
[SKIP] Execute-fault RIP=0x7ffc871f9240 direct-stack-fallback -> 0x1411e42da (n=14434304)
[SKIP] Execute-fault RIP=0x7ffc871f9240 direct-stack-fallback -> 0x1411e42da (n=14438400)
[SKIP] Execute-fault RIP=0x7ffc871f9240 direct-stack-fallback -> 0x1411e42da (n=14442496)
[SKIP] Execute-fault RIP=0x7ffc871f9240 direct-stack-fallback -> 0x1411e42da (n=14446592)
[SKIP] Execute-fault RIP=0x7ffc871f9240 direct-stack-fallback -> 0x1411e42da (n=14450688)
[SKIP] Execute-fault RIP=0x7ffc871f9240 direct-stack-fallback -> 0x1411e42da (n=14454784)
[SKIP] Execute-fault RIP=0x7ffc871f9240 direct-stack-fallback -> 0x1411e42da (n=14458880)
[SKIP] Execute-fault RIP=0x7ffc871f9240 direct-stack-fallback -> 0x1411e42da (n=14462976)
[SKIP] Execute-fault RIP=0x7ffc871f9240 direct-stack-fallback -> 0x1411e42da (n=14467072)
[SKIP] Execute-fault RIP=0x7ffc871f9240 direct-stack-fallback -> 0x1411e42da (n=14471168)
[SKIP] Execute-fault RIP=0x7ffc871f9240 direct-stack-fallback -> 0x1411e42da (n=14475264)
[SKIP] Execute-fault RIP=0x7ffc871f9240 direct-stack-fallback -> 0x1411e42da (n=14479360)
[SKIP] Execute-fault RIP=0x7ffc871f9240 direct-stack-fallback -> 0x1411e42da (n=14483456)
[SKIP] Execute-fault RIP=0x7ffc871f9240 direct-stack-fallback -> 0x1411e42da (n=14487552)
[SKIP] Execute-fault RIP=0x7ffc871f9240 direct-stack-fallback -> 0x1411e42da (n=14491648)
[SKIP] Execute-fault RIP=0x7ffc871f9240 direct-stack-fallback -> 0x1411e42da (n=14495744)
[SKIP] Execute-fault RIP=0x7ffc871f9240 direct-stack-fallback -> 0x1411e42da (n=14499840)
[SKIP] Execute-fault RIP=0x7ffc871f9240 direct-stack-fallback -> 0x1411e42da (n=14503936)
[SKIP] Execute-fault RIP=0x7ffc871f9240 direct-stack-fallback -> 0x1411e42da (n=14508032)
[SKIP] Execute-fault RIP=0x7ffc871f9240 direct-stack-fallback -> 0x1411e42da (n=14512128)
[SKIP] Execute-fault RIP=0x7ffc871f9240 direct-stack-fallback -> 0x1411e42da (n=14516224)
[SKIP] Execute-fault RIP=0x7ffc871f9240 direct-stack-fallback -> 0x1411e42da (n=14520320)
[SKIP] Execute-fault RIP=0x7ffc871f9240 direct-stack-fallback -> 0x1411e42da (n=14524416)
[SKIP] Execute-fault RIP=0x7ffc871f9240 direct-stack-fallback -> 0x1411e42da (n=14528512)
[SKIP] Execute-fault RIP=0x7ffc871f9240 direct-stack-fallback -> 0x1411e42da (n=14532608)
[SKIP] Execute-fault RIP=0x7ffc871f9240 direct-stack-fallback -> 0x1411e42da (n=14536704)
[SKIP] Execute-fault RIP=0x7ffc871f9240 direct-stack-fallback -> 0x1411e42da (n=14540800)
[SKIP] Execute-fault RIP=0x7ffc871f9240 direct-stack-fallback -> 0x1411e42da (n=14544896)
[SKIP] Execute-fault RIP=0x7ffc871f9240 direct-stack-fallback -> 0x1411e42da (n=14548992)
[SKIP] Execute-fault RIP=0x7ffc871f9240 direct-stack-fallback -> 0x1411e42da (n=14553088)
[SKIP] Execute-fault RIP=0x7ffc871f9240 direct-stack-fallback -> 0x1411e42da (n=14557184)
[SKIP] Execute-fault RIP=0x7ffc871f9240 direct-stack-fallback -> 0x1411e42da (n=14561280)
[SKIP] Execute-fault RIP=0x7ffc871f9240 direct-stack-fallback -> 0x1411e42da (n=14565376)
[SKIP] Execute-fault RIP=0x7ffc871f9240 direct-stack-fallback -> 0x1411e42da (n=14569472)
[SKIP] Execute-fault RIP=0x7ffc871f9240 direct-stack-fallback -> 0x1411e42da (n=14573568)
[SKIP] Execute-fault RIP=0x7ffc871f9240 direct-stack-fallback -> 0x1411e42da (n=14577664)
[SKIP] Execute-fault RIP=0x7ffc871f9240 direct-stack-fallback -> 0x1411e42da (n=14581760)
[SKIP] Execute-fault RIP=0x7ffc871f9240 direct-stack-fallback -> 0x1411e42da (n=14585856)
[SKIP] Execute-fault RIP=0x7ffc871f9240 direct-stack-fallback -> 0x1411e42da (n=14589952)
[SKIP] Execute-fault RIP=0x7ffc871f9240 direct-stack-fallback -> 0x1411e42da (n=14594048)
[SKIP] Execute-fault RIP=0x7ffc871f9240 direct-stack-fallback -> 0x1411e42da (n=14598144)
[SKIP] Execute-fault RIP=0x7ffc871f9240 direct-stack-fallback -> 0x1411e42da (n=14602240)
[SKIP] Execute-fault RIP=0x7ffc871f9240 direct-stack-fallback -> 0x1411e42da (n=14606336)
[SKIP] Execute-fault RIP=0x7ffc871f9240 direct-stack-fallback -> 0x1411e42da (n=14610432)
[SKIP] Execute-fault RIP=0x7ffc871f9240 direct-stack-fallback -> 0x1411e42da (n=14614528)
[SKIP] Execute-fault RIP=0x7ffc871f9240 direct-stack-fallback -> 0x1411e42da (n=14618624)
[SKIP] Execute-fault RIP=0x7ffc871f9240 direct-stack-fallback -> 0x1411e42da (n=14622720)
[SKIP] Execute-fault RIP=0x7ffc871f9240 direct-stack-fallback -> 0x1411e42da (n=14626816)
[SKIP] Execute-fault RIP=0x7ffc871f9240 direct-stack-fallback -> 0x1411e42da (n=14630912)
[SKIP] Execute-fault RIP=0x7ffc871f9240 direct-stack-fallback -> 0x1411e42da (n=14635008)
[SKIP] Execute-fault RIP=0x7ffc871f9240 direct-stack-fallback -> 0x1411e42da (n=14639104)
[SKIP] Execute-fault RIP=0x7ffc871f9240 direct-stack-fallback -> 0x1411e42da (n=14643200)
[SKIP] Execute-fault RIP=0x7ffc871f9240 direct-stack-fallback -> 0x1411e42da (n=14647296)
[SKIP] Execute-fault RIP=0x7ffc871f9240 direct-stack-fallback -> 0x1411e42da (n=14651392)
[SKIP] Execute-fault RIP=0x7ffc871f9240 direct-stack-fallback -> 0x1411e42da (n=14655488)
[SKIP] Execute-fault RIP=0x7ffc871f9240 direct-stack-fallback -> 0x1411e42da (n=14659584)
[SKIP] Execute-fault RIP=0x7ffc871f9240 direct-stack-fallback -> 0x1411e42da (n=14663680)
[SKIP] Execute-fault RIP=0x7ffc871f9240 direct-stack-fallback -> 0x1411e42da (n=14667776)
[SKIP] Execute-fault RIP=0x7ffc871f9240 direct-stack-fallback -> 0x1411e42da (n=14671872)
[SKIP] Execute-fault RIP=0x7ffc871f9240 direct-stack-fallback -> 0x1411e42da (n=14675968)
[SKIP] Execute-fault RIP=0x7ffc871f9240 direct-stack-fallback -> 0x1411e42da (n=14680064)
[SKIP] Execute-fault RIP=0x7ffc871f9240 direct-stack-fallback -> 0x1411e42da (n=14684160)
[SKIP] Execute-fault RIP=0x7ffc871f9240 direct-stack-fallback -> 0x1411e42da (n=14688256)
[SKIP] Execute-fault RIP=0x7ffc871f9240 direct-stack-fallback -> 0x1411e42da (n=14692352)
[SKIP] Execute-fault RIP=0x7ffc871f9240 direct-stack-fallback -> 0x1411e42da (n=14696448)
[SKIP] Execute-fault RIP=0x7ffc871f9240 direct-stack-fallback -> 0x1411e42da (n=14700544)
[SKIP] Execute-fault RIP=0x7ffc871f9240 direct-stack-fallback -> 0x1411e42da (n=14704640)
[SKIP] Execute-fault RIP=0x7ffc871f9240 direct-stack-fallback -> 0x1411e42da (n=14708736)
[SKIP] Execute-fault RIP=0x7ffc871f9240 direct-stack-fallback -> 0x1411e42da (n=14712832)
[SKIP] Execute-fault RIP=0x7ffc871f9240 direct-stack-fallback -> 0x1411e42da (n=14716928)
[SKIP] Execute-fault RIP=0x7ffc871f9240 direct-stack-fallback -> 0x1411e42da (n=14721024)
[SKIP] Execute-fault RIP=0x7ffc871f9240 direct-stack-fallback -> 0x1411e42da (n=14725120)
[SKIP] Execute-fault RIP=0x7ffc871f9240 direct-stack-fallback -> 0x1411e42da (n=14729216)
[SKIP] Execute-fault RIP=0x7ffc871f9240 direct-stack-fallback -> 0x1411e42da (n=14733312)
[SKIP] Execute-fault RIP=0x7ffc871f9240 direct-stack-fallback -> 0x1411e42da (n=14737408)
[SKIP] Execute-fault RIP=0x7ffc871f9240 direct-stack-fallback -> 0x1411e42da (n=14741504)
[SKIP] Execute-fault RIP=0x7ffc871f9240 direct-stack-fallback -> 0x1411e42da (n=14745600)
[SKIP] Execute-fault RIP=0x7ffc871f9240 direct-stack-fallback -> 0x1411e42da (n=14749696)
[SKIP] Execute-fault RIP=0x7ffc871f9240 direct-stack-fallback -> 0x1411e42da (n=14753792)
[SKIP] Execute-fault RIP=0x7ffc871f9240 direct-stack-fallback -> 0x1411e42da (n=14757888)
[SKIP] Execute-fault RIP=0x7ffc871f9240 direct-stack-fallback -> 0x1411e42da (n=14761984)
[SKIP] Execute-fault RIP=0x7ffc871f9240 direct-stack-fallback -> 0x1411e42da (n=14766080)
[SKIP] Execute-fault RIP=0x7ffc871f9240 direct-stack-fallback -> 0x1411e42da (n=14770176)
[SKIP] Execute-fault RIP=0x7ffc871f9240 direct-stack-fallback -> 0x1411e42da (n=14774272)
[SKIP] Execute-fault RIP=0x7ffc871f9240 direct-stack-fallback -> 0x1411e42da (n=14778368)
[SKIP] Execute-fault RIP=0x7ffc871f9240 direct-stack-fallback -> 0x1411e42da (n=14782464)
[SKIP] Execute-fault RIP=0x7ffc871f9240 direct-stack-fallback -> 0x1411e42da (n=14786560)
[SKIP] Execute-fault RIP=0x7ffc871f9240 direct-stack-fallback -> 0x1411e42da (n=14790656)
[SKIP] Execute-fault RIP=0x7ffc871f9240 direct-stack-fallback -> 0x1411e42da (n=14794752)
[SKIP] Execute-fault RIP=0x7ffc871f9240 direct-stack-fallback -> 0x1411e42da (n=14798848)
[SKIP] Execute-fault RIP=0x7ffc871f9240 direct-stack-fallback -> 0x1411e42da (n=14802944)
[SKIP] Execute-fault RIP=0x7ffc871f9240 direct-stack-fallback -> 0x1411e42da (n=14807040)
[SKIP] Execute-fault RIP=0x7ffc871f9240 direct-stack-fallback -> 0x1411e42da (n=14811136)
[SKIP] Execute-fault RIP=0x7ffc871f9240 direct-stack-fallback -> 0x1411e42da (n=14815232)
[SKIP] Execute-fault RIP=0x7ffc871f9240 direct-stack-fallback -> 0x1411e42da (n=14819328)
[SKIP] Execute-fault RIP=0x7ffc871f9240 direct-stack-fallback -> 0x1411e42da (n=14823424)
[SKIP] Execute-fault RIP=0x7ffc871f9240 direct-stack-fallback -> 0x1411e42da (n=14827520)
[SKIP] Execute-fault RIP=0x7ffc871f9240 direct-stack-fallback -> 0x1411e42da (n=14831616)
[SKIP] Execute-fault RIP=0x7ffc871f9240 direct-stack-fallback -> 0x1411e42da (n=14835712)
[SKIP] Execute-fault RIP=0x7ffc871f9240 direct-stack-fallback -> 0x1411e42da (n=14839808)
[SKIP] Execute-fault RIP=0x7ffc871f9240 direct-stack-fallback -> 0x1411e42da (n=14843904)
[SKIP] Execute-fault RIP=0x7ffc871f9240 direct-stack-fallback -> 0x1411e42da (n=14848000)
[SKIP] Execute-fault RIP=0x7ffc871f9240 direct-stack-fallback -> 0x1411e42da (n=14852096)
[SKIP] Execute-fault RIP=0x7ffc871f9240 direct-stack-fallback -> 0x1411e42da (n=14856192)
[SKIP] Execute-fault RIP=0x7ffc871f9240 direct-stack-fallback -> 0x1411e42da (n=14860288)
[SKIP] Execute-fault RIP=0x7ffc871f9240 direct-stack-fallback -> 0x1411e42da (n=14864384)
[SKIP] Execute-fault RIP=0x7ffc871f9240 direct-stack-fallback -> 0x1411e42da (n=14868480)
[SKIP] Execute-fault RIP=0x7ffc871f9240 direct-stack-fallback -> 0x1411e42da (n=14872576)
[SKIP] Execute-fault RIP=0x7ffc871f9240 direct-stack-fallback -> 0x1411e42da (n=14876672)
[SKIP] Execute-fault RIP=0x7ffc871f9240 direct-stack-fallback -> 0x1411e42da (n=14880768)
[SKIP] Execute-fault RIP=0x7ffc871f9240 direct-stack-fallback -> 0x1411e42da (n=14884864)
[SKIP] Execute-fault RIP=0x7ffc871f9240 direct-stack-fallback -> 0x1411e42da (n=14888960)
[SKIP] Execute-fault RIP=0x7ffc871f9240 direct-stack-fallback -> 0x1411e42da (n=14893056)
[SKIP] Execute-fault RIP=0x7ffc871f9240 direct-stack-fallback -> 0x1411e42da (n=14897152)
[SKIP] Execute-fault RIP=0x7ffc871f9240 direct-stack-fallback -> 0x1411e42da (n=14901248)
[SKIP] Execute-fault RIP=0x7ffc871f9240 direct-stack-fallback -> 0x1411e42da (n=14905344)
[SKIP] Execute-fault RIP=0x7ffc871f9240 direct-stack-fallback -> 0x1411e42da (n=14909440)
[SKIP] Execute-fault RIP=0x7ffc871f9240 direct-stack-fallback -> 0x1411e42da (n=14913536)
[SKIP] Execute-fault RIP=0x7ffc871f9240 direct-stack-fallback -> 0x1411e42da (n=14917632)
[SKIP] Execute-fault RIP=0x7ffc871f9240 direct-stack-fallback -> 0x1411e42da (n=14921728)
[SKIP] Execute-fault RIP=0x7ffc871f9240 direct-stack-fallback -> 0x1411e42da (n=14925824)
[SKIP] Execute-fault RIP=0x7ffc871f9240 direct-stack-fallback -> 0x1411e42da (n=14929920)
[SKIP] Execute-fault RIP=0x7ffc871f9240 direct-stack-fallback -> 0x1411e42da (n=14934016)
[SKIP] Execute-fault RIP=0x7ffc871f9240 direct-stack-fallback -> 0x1411e42da (n=14938112)
[SKIP] Execute-fault RIP=0x7ffc871f9240 direct-stack-fallback -> 0x1411e42da (n=14942208)
[SKIP] Execute-fault RIP=0x7ffc871f9240 direct-stack-fallback -> 0x1411e42da (n=14946304)
[SKIP] Execute-fault RIP=0x7ffc871f9240 direct-stack-fallback -> 0x1411e42da (n=14950400)
[SKIP] Execute-fault RIP=0x7ffc871f9240 direct-stack-fallback -> 0x1411e42da (n=14954496)
[SKIP] Execute-fault RIP=0x7ffc871f9240 direct-stack-fallback -> 0x1411e42da (n=14958592)
[SKIP] Execute-fault RIP=0x7ffc871f9240 direct-stack-fallback -> 0x1411e42da (n=14962688)
[SKIP] Execute-fault RIP=0x7ffc871f9240 direct-stack-fallback -> 0x1411e42da (n=14966784)
[SKIP] Execute-fault RIP=0x7ffc871f9240 direct-stack-fallback -> 0x1411e42da (n=14970880)
[SKIP] Execute-fault RIP=0x7ffc871f9240 direct-stack-fallback -> 0x1411e42da (n=14974976)
[SKIP] Execute-fault RIP=0x7ffc871f9240 direct-stack-fallback -> 0x1411e42da (n=14979072)
[SKIP] Execute-fault RIP=0x7ffc871f9240 direct-stack-fallback -> 0x1411e42da (n=14983168)
[SKIP] Execute-fault RIP=0x7ffc871f9240 direct-stack-fallback -> 0x1411e42da (n=14987264)
[SKIP] Execute-fault RIP=0x7ffc871f9240 direct-stack-fallback -> 0x1411e42da (n=14991360)
[SKIP] Execute-fault RIP=0x7ffc871f9240 direct-stack-fallback -> 0x1411e42da (n=14995456)
[SKIP] Execute-fault RIP=0x7ffc871f9240 direct-stack-fallback -> 0x1411e42da (n=14999552)
[SKIP] Execute-fault RIP=0x7ffc871f9240 direct-stack-fallback -> 0x1411e42da (n=15003648)
[SKIP] Execute-fault RIP=0x7ffc871f9240 direct-stack-fallback -> 0x1411e42da (n=15007744)
[SKIP] Execute-fault RIP=0x7ffc871f9240 direct-stack-fallback -> 0x1411e42da (n=15011840)
[SKIP] Execute-fault RIP=0x7ffc871f9240 direct-stack-fallback -> 0x1411e42da (n=15015936)
[SKIP] Execute-fault RIP=0x7ffc871f9240 direct-stack-fallback -> 0x1411e42da (n=15020032)
[SKIP] Execute-fault RIP=0x7ffc871f9240 direct-stack-fallback -> 0x1411e42da (n=15024128)
[SKIP] Execute-fault RIP=0x7ffc871f9240 direct-stack-fallback -> 0x1411e42da (n=15028224)
[SKIP] Execute-fault RIP=0x7ffc871f9240 direct-stack-fallback -> 0x1411e42da (n=15032320)
[SKIP] Execute-fault RIP=0x7ffc871f9240 direct-stack-fallback -> 0x1411e42da (n=15036416)
[SKIP] Execute-fault RIP=0x7ffc871f9240 direct-stack-fallback -> 0x1411e42da (n=15040512)
[SKIP] Execute-fault RIP=0x7ffc871f9240 direct-stack-fallback -> 0x1411e42da (n=15044608)
[SKIP] Execute-fault RIP=0x7ffc871f9240 direct-stack-fallback -> 0x1411e42da (n=15048704)
[SKIP] Execute-fault RIP=0x7ffc871f9240 direct-stack-fallback -> 0x1411e42da (n=15052800)
[SKIP] Execute-fault RIP=0x7ffc871f9240 direct-stack-fallback -> 0x1411e42da (n=15056896)
[SKIP] Execute-fault RIP=0x7ffc871f9240 direct-stack-fallback -> 0x1411e42da (n=15060992)
[SKIP] Execute-fault RIP=0x7ffc871f9240 direct-stack-fallback -> 0x1411e42da (n=15065088)
[SKIP] Execute-fault RIP=0x7ffc871f9240 direct-stack-fallback -> 0x1411e42da (n=15069184)
[SKIP] Execute-fault RIP=0x7ffc871f9240 direct-stack-fallback -> 0x1411e42da (n=15073280)
[SKIP] Execute-fault RIP=0x7ffc871f9240 direct-stack-fallback -> 0x1411e42da (n=15077376)
[SKIP] Execute-fault RIP=0x7ffc871f9240 direct-stack-fallback -> 0x1411e42da (n=15081472)
[SKIP] Execute-fault RIP=0x7ffc871f9240 direct-stack-fallback -> 0x1411e42da (n=15085568)
[SKIP] Execute-fault RIP=0x7ffc871f9240 direct-stack-fallback -> 0x1411e42da (n=15089664)
[SKIP] Execute-fault RIP=0x7ffc871f9240 direct-stack-fallback -> 0x1411e42da (n=15093760)
[SKIP] Execute-fault RIP=0x7ffc871f9240 direct-stack-fallback -> 0x1411e42da (n=15097856)
[SKIP] Execute-fault RIP=0x7ffc871f9240 direct-stack-fallback -> 0x1411e42da (n=15101952)
[SKIP] Execute-fault RIP=0x7ffc871f9240 direct-stack-fallback -> 0x1411e42da (n=15106048)
[SKIP] Execute-fault RIP=0x7ffc871f9240 direct-stack-fallback -> 0x1411e42da (n=15110144)
[SKIP] Execute-fault RIP=0x7ffc871f9240 direct-stack-fallback -> 0x1411e42da (n=15114240)
[SKIP] Execute-fault RIP=0x7ffc871f9240 direct-stack-fallback -> 0x1411e42da (n=15118336)
[SKIP] Execute-fault RIP=0x7ffc871f9240 direct-stack-fallback -> 0x1411e42da (n=15122432)
[SKIP] Execute-fault RIP=0x7ffc871f9240 direct-stack-fallback -> 0x1411e42da (n=15126528)
[SKIP] Execute-fault RIP=0x7ffc871f9240 direct-stack-fallback -> 0x1411e42da (n=15130624)
[SKIP] Execute-fault RIP=0x7ffc871f9240 direct-stack-fallback -> 0x1411e42da (n=15134720)
[SKIP] Execute-fault RIP=0x7ffc871f9240 direct-stack-fallback -> 0x1411e42da (n=15138816)
[SKIP] Execute-fault RIP=0x7ffc871f9240 direct-stack-fallback -> 0x1411e42da (n=15142912)
[SKIP] Execute-fault RIP=0x7ffc871f9240 direct-stack-fallback -> 0x1411e42da (n=15147008)
[SKIP] Execute-fault RIP=0x7ffc871f9240 direct-stack-fallback -> 0x1411e42da (n=15151104)
[SKIP] Execute-fault RIP=0x7ffc871f9240 direct-stack-fallback -> 0x1411e42da (n=15155200)
[SKIP] Execute-fault RIP=0x7ffc871f9240 direct-stack-fallback -> 0x1411e42da (n=15159296)
[SKIP] Execute-fault RIP=0x7ffc871f9240 direct-stack-fallback -> 0x1411e42da (n=15163392)
[SKIP] Execute-fault RIP=0x7ffc871f9240 direct-stack-fallback -> 0x1411e42da (n=15167488)
[SKIP] Execute-fault RIP=0x7ffc871f9240 direct-stack-fallback -> 0x1411e42da (n=15171584)
[SKIP] Execute-fault RIP=0x7ffc871f9240 direct-stack-fallback -> 0x1411e42da (n=15175680)
[SKIP] Execute-fault RIP=0x7ffc871f9240 direct-stack-fallback -> 0x1411e42da (n=15179776)
[SKIP] Execute-fault RIP=0x7ffc871f9240 direct-stack-fallback -> 0x1411e42da (n=15183872)
[SKIP] Execute-fault RIP=0x7ffc871f9240 direct-stack-fallback -> 0x1411e42da (n=15187968)
[SKIP] Execute-fault RIP=0x7ffc871f9240 direct-stack-fallback -> 0x1411e42da (n=15192064)
[SKIP] Execute-fault RIP=0x7ffc871f9240 direct-stack-fallback -> 0x1411e42da (n=15196160)
[SKIP] Execute-fault RIP=0x7ffc871f9240 direct-stack-fallback -> 0x1411e42da (n=15200256)
[SKIP] Execute-fault RIP=0x7ffc871f9240 direct-stack-fallback -> 0x1411e42da (n=15204352)
[SKIP] Execute-fault RIP=0x7ffc871f9240 direct-stack-fallback -> 0x1411e42da (n=15208448)
[SKIP] Execute-fault RIP=0x7ffc871f9240 direct-stack-fallback -> 0x1411e42da (n=15212544)
[SKIP] Execute-fault RIP=0x7ffc871f9240 direct-stack-fallback -> 0x1411e42da (n=15216640)
[SKIP] Execute-fault RIP=0x7ffc871f9240 direct-stack-fallback -> 0x1411e42da (n=15220736)
[SKIP] Execute-fault RIP=0x7ffc871f9240 direct-stack-fallback -> 0x1411e42da (n=15224832)
[SKIP] Execute-fault RIP=0x7ffc871f9240 direct-stack-fallback -> 0x1411e42da (n=15228928)
[SKIP] Execute-fault RIP=0x7ffc871f9240 direct-stack-fallback -> 0x1411e42da (n=15233024)
[SKIP] Execute-fault RIP=0x7ffc871f9240 direct-stack-fallback -> 0x1411e42da (n=15237120)
[SKIP] Execute-fault RIP=0x7ffc871f9240 direct-stack-fallback -> 0x1411e42da (n=15241216)
[SKIP] Execute-fault RIP=0x7ffc871f9240 direct-stack-fallback -> 0x1411e42da (n=15245312)
[SKIP] Execute-fault RIP=0x7ffc871f9240 direct-stack-fallback -> 0x1411e42da (n=15249408)
[SKIP] Execute-fault RIP=0x7ffc871f9240 direct-stack-fallback -> 0x1411e42da (n=15253504)
[SKIP] Execute-fault RIP=0x7ffc871f9240 direct-stack-fallback -> 0x1411e42da (n=15257600)
[SKIP] Execute-fault RIP=0x7ffc871f9240 direct-stack-fallback -> 0x1411e42da (n=15261696)
[SKIP] Execute-fault RIP=0x7ffc871f9240 direct-stack-fallback -> 0x1411e42da (n=15265792)
[SKIP] Execute-fault RIP=0x7ffc871f9240 direct-stack-fallback -> 0x1411e42da (n=15269888)
[SKIP] Execute-fault RIP=0x7ffc871f9240 direct-stack-fallback -> 0x1411e42da (n=15273984)
[SKIP] Execute-fault RIP=0x7ffc871f9240 direct-stack-fallback -> 0x1411e42da (n=15278080)
[SKIP] Execute-fault RIP=0x7ffc871f9240 direct-stack-fallback -> 0x1411e42da (n=15282176)
[SKIP] Execute-fault RIP=0x7ffc871f9240 direct-stack-fallback -> 0x1411e42da (n=15286272)
[SKIP] Execute-fault RIP=0x7ffc871f9240 direct-stack-fallback -> 0x1411e42da (n=15290368)
[SKIP] Execute-fault RIP=0x7ffc871f9240 direct-stack-fallback -> 0x1411e42da (n=15294464)
[SKIP] Execute-fault RIP=0x7ffc871f9240 direct-stack-fallback -> 0x1411e42da (n=15298560)
[SKIP] Execute-fault RIP=0x7ffc871f9240 direct-stack-fallback -> 0x1411e42da (n=15302656)
[SKIP] Execute-fault RIP=0x7ffc871f9240 direct-stack-fallback -> 0x1411e42da (n=15306752)
[SKIP] Execute-fault RIP=0x7ffc871f9240 direct-stack-fallback -> 0x1411e42da (n=15310848)
[SKIP] Execute-fault RIP=0x7ffc871f9240 direct-stack-fallback -> 0x1411e42da (n=15314944)
[SKIP] Execute-fault RIP=0x7ffc871f9240 direct-stack-fallback -> 0x1411e42da (n=15319040)
[SKIP] Execute-fault RIP=0x7ffc871f9240 direct-stack-fallback -> 0x1411e42da (n=15323136)
[SKIP] Execute-fault RIP=0x7ffc871f9240 direct-stack-fallback -> 0x1411e42da (n=15327232)
[SKIP] Execute-fault RIP=0x7ffc871f9240 direct-stack-fallback -> 0x1411e42da (n=15331328)
[SKIP] Execute-fault RIP=0x7ffc871f9240 direct-stack-fallback -> 0x1411e42da (n=15335424)
[SKIP] Execute-fault RIP=0x7ffc871f9240 direct-stack-fallback -> 0x1411e42da (n=15339520)
[SKIP] Execute-fault RIP=0x7ffc871f9240 direct-stack-fallback -> 0x1411e42da (n=15343616)
[SKIP] Execute-fault RIP=0x7ffc871f9240 direct-stack-fallback -> 0x1411e42da (n=15347712)
[SKIP] Execute-fault RIP=0x7ffc871f9240 direct-stack-fallback -> 0x1411e42da (n=15351808)
[SKIP] Execute-fault RIP=0x7ffc871f9240 direct-stack-fallback -> 0x1411e42da (n=15355904)
[SKIP] Execute-fault RIP=0x7ffc871f9240 direct-stack-fallback -> 0x1411e42da (n=15360000)
[SKIP] Execute-fault RIP=0x7ffc871f9240 direct-stack-fallback -> 0x1411e42da (n=15364096)
[SKIP] Execute-fault RIP=0x7ffc871f9240 direct-stack-fallback -> 0x1411e42da (n=15368192)
[SKIP] Execute-fault RIP=0x7ffc871f9240 direct-stack-fallback -> 0x1411e42da (n=15372288)
[SKIP] Execute-fault RIP=0x7ffc871f9240 direct-stack-fallback -> 0x1411e42da (n=15376384)
[SKIP] Execute-fault RIP=0x7ffc871f9240 direct-stack-fallback -> 0x1411e42da (n=15380480)
[SKIP] Execute-fault RIP=0x7ffc871f9240 direct-stack-fallback -> 0x1411e42da (n=15384576)
[SKIP] Execute-fault RIP=0x7ffc871f9240 direct-stack-fallback -> 0x1411e42da (n=15388672)
[SKIP] Execute-fault RIP=0x7ffc871f9240 direct-stack-fallback -> 0x1411e42da (n=15392768)
[SKIP] Execute-fault RIP=0x7ffc871f9240 direct-stack-fallback -> 0x1411e42da (n=15396864)
[SKIP] Execute-fault RIP=0x7ffc871f9240 direct-stack-fallback -> 0x1411e42da (n=15400960)
[SKIP] Execute-fault RIP=0x7ffc871f9240 direct-stack-fallback -> 0x1411e42da (n=15405056)
[SKIP] Execute-fault RIP=0x7ffc871f9240 direct-stack-fallback -> 0x1411e42da (n=15409152)
[SKIP] Execute-fault RIP=0x7ffc871f9240 direct-stack-fallback -> 0x1411e42da (n=15413248)
[SKIP] Execute-fault RIP=0x7ffc871f9240 direct-stack-fallback -> 0x1411e42da (n=15417344)
[SKIP] Execute-fault RIP=0x7ffc871f9240 direct-stack-fallback -> 0x1411e42da (n=15421440)
[SKIP] Execute-fault RIP=0x7ffc871f9240 direct-stack-fallback -> 0x1411e42da (n=15425536)
[SKIP] Execute-fault RIP=0x7ffc871f9240 direct-stack-fallback -> 0x1411e42da (n=15429632)
[SKIP] Execute-fault RIP=0x7ffc871f9240 direct-stack-fallback -> 0x1411e42da (n=15433728)
[SKIP] Execute-fault RIP=0x7ffc871f9240 direct-stack-fallback -> 0x1411e42da (n=15437824)
[SKIP] Execute-fault RIP=0x7ffc871f9240 direct-stack-fallback -> 0x1411e42da (n=15441920)
[SKIP] Execute-fault RIP=0x7ffc871f9240 direct-stack-fallback -> 0x1411e42da (n=15446016)
[SKIP] Execute-fault RIP=0x7ffc871f9240 direct-stack-fallback -> 0x1411e42da (n=15450112)
[SKIP] Execute-fault RIP=0x7ffc871f9240 direct-stack-fallback -> 0x1411e42da (n=15454208)
[SKIP] Execute-fault RIP=0x7ffc871f9240 direct-stack-fallback -> 0x1411e42da (n=15458304)
[SKIP] Execute-fault RIP=0x7ffc871f9240 direct-stack-fallback -> 0x1411e42da (n=15462400)
[SKIP] Execute-fault RIP=0x7ffc871f9240 direct-stack-fallback -> 0x1411e42da (n=15466496)
[SKIP] Execute-fault RIP=0x7ffc871f9240 direct-stack-fallback -> 0x1411e42da (n=15470592)
[SKIP] Execute-fault RIP=0x7ffc871f9240 direct-stack-fallback -> 0x1411e42da (n=15474688)
[SKIP] Execute-fault RIP=0x7ffc871f9240 direct-stack-fallback -> 0x1411e42da (n=15478784)
[SKIP] Execute-fault RIP=0x7ffc871f9240 direct-stack-fallback -> 0x1411e42da (n=15482880)
[SKIP] Execute-fault RIP=0x7ffc871f9240 direct-stack-fallback -> 0x1411e42da (n=15486976)
[SKIP] Execute-fault RIP=0x7ffc871f9240 direct-stack-fallback -> 0x1411e42da (n=15491072)
[SKIP] Execute-fault RIP=0x7ffc871f9240 direct-stack-fallback -> 0x1411e42da (n=15495168)
[SKIP] Execute-fault RIP=0x7ffc871f9240 direct-stack-fallback -> 0x1411e42da (n=15499264)
[SKIP] Execute-fault RIP=0x7ffc871f9240 direct-stack-fallback -> 0x1411e42da (n=15503360)
[SKIP] Execute-fault RIP=0x7ffc871f9240 direct-stack-fallback -> 0x1411e42da (n=15507456)
[SKIP] Execute-fault RIP=0x7ffc871f9240 direct-stack-fallback -> 0x1411e42da (n=15511552)
[SKIP] Execute-fault RIP=0x7ffc871f9240 direct-stack-fallback -> 0x1411e42da (n=15515648)
[SKIP] Execute-fault RIP=0x7ffc871f9240 direct-stack-fallback -> 0x1411e42da (n=15519744)
[SKIP] Execute-fault RIP=0x7ffc871f9240 direct-stack-fallback -> 0x1411e42da (n=15523840)
[SKIP] Execute-fault RIP=0x7ffc871f9240 direct-stack-fallback -> 0x1411e42da (n=15527936)
[SKIP] Execute-fault RIP=0x7ffc871f9240 direct-stack-fallback -> 0x1411e42da (n=15532032)
[SKIP] Execute-fault RIP=0x7ffc871f9240 direct-stack-fallback -> 0x1411e42da (n=15536128)
[SKIP] Execute-fault RIP=0x7ffc871f9240 direct-stack-fallback -> 0x1411e42da (n=15540224)
[SKIP] Execute-fault RIP=0x7ffc871f9240 direct-stack-fallback -> 0x1411e42da (n=15544320)
[SKIP] Execute-fault RIP=0x7ffc871f9240 direct-stack-fallback -> 0x1411e42da (n=15548416)
[SKIP] Execute-fault RIP=0x7ffc871f9240 direct-stack-fallback -> 0x1411e42da (n=15552512)
[SKIP] Execute-fault RIP=0x7ffc871f9240 direct-stack-fallback -> 0x1411e42da (n=15556608)
[SKIP] Execute-fault RIP=0x7ffc871f9240 direct-stack-fallback -> 0x1411e42da (n=15560704)
[SKIP] Execute-fault RIP=0x7ffc871f9240 direct-stack-fallback -> 0x1411e42da (n=15564800)
[SKIP] Execute-fault RIP=0x7ffc871f9240 direct-stack-fallback -> 0x1411e42da (n=15568896)
[SKIP] Execute-fault RIP=0x7ffc871f9240 direct-stack-fallback -> 0x1411e42da (n=15572992)
[SKIP] Execute-fault RIP=0x7ffc871f9240 direct-stack-fallback -> 0x1411e42da (n=15577088)
[SKIP] Execute-fault RIP=0x7ffc871f9240 direct-stack-fallback -> 0x1411e42da (n=15581184)
[SKIP] Execute-fault RIP=0x7ffc871f9240 direct-stack-fallback -> 0x1411e42da (n=15585280)
[SKIP] Execute-fault RIP=0x7ffc871f9240 direct-stack-fallback -> 0x1411e42da (n=15589376)
[SKIP] Execute-fault RIP=0x7ffc871f9240 direct-stack-fallback -> 0x1411e42da (n=15593472)
[SKIP] Execute-fault RIP=0x7ffc871f9240 direct-stack-fallback -> 0x1411e42da (n=15597568)
[SKIP] Execute-fault RIP=0x7ffc871f9240 direct-stack-fallback -> 0x1411e42da (n=15601664)
[SKIP] Execute-fault RIP=0x7ffc871f9240 direct-stack-fallback -> 0x1411e42da (n=15605760)
[SKIP] Execute-fault RIP=0x7ffc871f9240 direct-stack-fallback -> 0x1411e42da (n=15609856)
[SKIP] Execute-fault RIP=0x7ffc871f9240 direct-stack-fallback -> 0x1411e42da (n=15613952)
[SKIP] Execute-fault RIP=0x7ffc871f9240 direct-stack-fallback -> 0x1411e42da (n=15618048)
[SKIP] Execute-fault RIP=0x7ffc871f9240 direct-stack-fallback -> 0x1411e42da (n=15622144)
[SKIP] Execute-fault RIP=0x7ffc871f9240 direct-stack-fallback -> 0x1411e42da (n=15626240)
[SKIP] Execute-fault RIP=0x7ffc871f9240 direct-stack-fallback -> 0x1411e42da (n=15630336)
[SKIP] Execute-fault RIP=0x7ffc871f9240 direct-stack-fallback -> 0x1411e42da (n=15634432)
[SKIP] Execute-fault RIP=0x7ffc871f9240 direct-stack-fallback -> 0x1411e42da (n=15638528)
[SKIP] Execute-fault RIP=0x7ffc871f9240 direct-stack-fallback -> 0x1411e42da (n=15642624)
[SKIP] Execute-fault RIP=0x7ffc871f9240 direct-stack-fallback -> 0x1411e42da (n=15646720)
[SKIP] Execute-fault RIP=0x7ffc871f9240 direct-stack-fallback -> 0x1411e42da (n=15650816)
[SKIP] Execute-fault RIP=0x7ffc871f9240 direct-stack-fallback -> 0x1411e42da (n=15654912)
[SKIP] Execute-fault RIP=0x7ffc871f9240 direct-stack-fallback -> 0x1411e42da (n=15659008)
[SKIP] Execute-fault RIP=0x7ffc871f9240 direct-stack-fallback -> 0x1411e42da (n=15663104)
[SKIP] Execute-fault RIP=0x7ffc871f9240 direct-stack-fallback -> 0x1411e42da (n=15667200)
[SKIP] Execute-fault RIP=0x7ffc871f9240 direct-stack-fallback -> 0x1411e42da (n=15671296)
[SKIP] Execute-fault RIP=0x7ffc871f9240 direct-stack-fallback -> 0x1411e42da (n=15675392)
[SKIP] Execute-fault RIP=0x7ffc871f9240 direct-stack-fallback -> 0x1411e42da (n=15679488)
[SKIP] Execute-fault RIP=0x7ffc871f9240 direct-stack-fallback -> 0x1411e42da (n=15683584)
[SKIP] Execute-fault RIP=0x7ffc871f9240 direct-stack-fallback -> 0x1411e42da (n=15687680)
[SKIP] Execute-fault RIP=0x7ffc871f9240 direct-stack-fallback -> 0x1411e42da (n=15691776)
[SKIP] Execute-fault RIP=0x7ffc871f9240 direct-stack-fallback -> 0x1411e42da (n=15695872)
[SKIP] Execute-fault RIP=0x7ffc871f9240 direct-stack-fallback -> 0x1411e42da (n=15699968)
[SKIP] Execute-fault RIP=0x7ffc871f9240 direct-stack-fallback -> 0x1411e42da (n=15704064)
[SKIP] Execute-fault RIP=0x7ffc871f9240 direct-stack-fallback -> 0x1411e42da (n=15708160)
[SKIP] Execute-fault RIP=0x7ffc871f9240 direct-stack-fallback -> 0x1411e42da (n=15712256)
[SKIP] Execute-fault RIP=0x7ffc871f9240 direct-stack-fallback -> 0x1411e42da (n=15716352)
[SKIP] Execute-fault RIP=0x7ffc871f9240 direct-stack-fallback -> 0x1411e42da (n=15720448)
[SKIP] Execute-fault RIP=0x7ffc871f9240 direct-stack-fallback -> 0x1411e42da (n=15724544)
[SKIP] Execute-fault RIP=0x7ffc871f9240 direct-stack-fallback -> 0x1411e42da (n=15728640)
[SKIP] Execute-fault RIP=0x7ffc871f9240 direct-stack-fallback -> 0x1411e42da (n=15732736)
[SKIP] Execute-fault RIP=0x7ffc871f9240 direct-stack-fallback -> 0x1411e42da (n=15736832)
[SKIP] Execute-fault RIP=0x7ffc871f9240 direct-stack-fallback -> 0x1411e42da (n=15740928)
[SKIP] Execute-fault RIP=0x7ffc871f9240 direct-stack-fallback -> 0x1411e42da (n=15745024)
[SKIP] Execute-fault RIP=0x7ffc871f9240 direct-stack-fallback -> 0x1411e42da (n=15749120)
[SKIP] Execute-fault RIP=0x7ffc871f9240 direct-stack-fallback -> 0x1411e42da (n=15753216)
[SKIP] Execute-fault RIP=0x7ffc871f9240 direct-stack-fallback -> 0x1411e42da (n=15757312)
[SKIP] Execute-fault RIP=0x7ffc871f9240 direct-stack-fallback -> 0x1411e42da (n=15761408)
[SKIP] Execute-fault RIP=0x7ffc871f9240 direct-stack-fallback -> 0x1411e42da (n=15765504)
[SKIP] Execute-fault RIP=0x7ffc871f9240 direct-stack-fallback -> 0x1411e42da (n=15769600)
[SKIP] Execute-fault RIP=0x7ffc871f9240 direct-stack-fallback -> 0x1411e42da (n=15773696)
[SKIP] Execute-fault RIP=0x7ffc871f9240 direct-stack-fallback -> 0x1411e42da (n=15777792)
[SKIP] Execute-fault RIP=0x7ffc871f9240 direct-stack-fallback -> 0x1411e42da (n=15781888)
[SKIP] Execute-fault RIP=0x7ffc871f9240 direct-stack-fallback -> 0x1411e42da (n=15785984)
[SKIP] Execute-fault RIP=0x7ffc871f9240 direct-stack-fallback -> 0x1411e42da (n=15790080)
[SKIP] Execute-fault RIP=0x7ffc871f9240 direct-stack-fallback -> 0x1411e42da (n=15794176)
[SKIP] Execute-fault RIP=0x7ffc871f9240 direct-stack-fallback -> 0x1411e42da (n=15798272)
[SKIP] Execute-fault RIP=0x7ffc871f9240 direct-stack-fallback -> 0x1411e42da (n=15802368)
[SKIP] Execute-fault RIP=0x7ffc871f9240 direct-stack-fallback -> 0x1411e42da (n=15806464)
[SKIP] Execute-fault RIP=0x7ffc871f9240 direct-stack-fallback -> 0x1411e42da (n=15810560)
[SKIP] Execute-fault RIP=0x7ffc871f9240 direct-stack-fallback -> 0x1411e42da (n=15814656)
[SKIP] Execute-fault RIP=0x7ffc871f9240 direct-stack-fallback -> 0x1411e42da (n=15818752)
[SKIP] Execute-fault RIP=0x7ffc871f9240 direct-stack-fallback -> 0x1411e42da (n=15822848)
[SKIP] Execute-fault RIP=0x7ffc871f9240 direct-stack-fallback -> 0x1411e42da (n=15826944)
[SKIP] Execute-fault RIP=0x7ffc871f9240 direct-stack-fallback -> 0x1411e42da (n=15831040)
[SKIP] Execute-fault RIP=0x7ffc871f9240 direct-stack-fallback -> 0x1411e42da (n=15835136)
[SKIP] Execute-fault RIP=0x7ffc871f9240 direct-stack-fallback -> 0x1411e42da (n=15839232)
[SKIP] Execute-fault RIP=0x7ffc871f9240 direct-stack-fallback -> 0x1411e42da (n=15843328)
[SKIP] Execute-fault RIP=0x7ffc871f9240 direct-stack-fallback -> 0x1411e42da (n=15847424)
[SKIP] Execute-fault RIP=0x7ffc871f9240 direct-stack-fallback -> 0x1411e42da (n=15851520)
[SKIP] Execute-fault RIP=0x7ffc871f9240 direct-stack-fallback -> 0x1411e42da (n=15855616)
[SKIP] Execute-fault RIP=0x7ffc871f9240 direct-stack-fallback -> 0x1411e42da (n=15859712)
[SKIP] Execute-fault RIP=0x7ffc871f9240 direct-stack-fallback -> 0x1411e42da (n=15863808)
[SKIP] Execute-fault RIP=0x7ffc871f9240 direct-stack-fallback -> 0x1411e42da (n=15867904)
[SKIP] Execute-fault RIP=0x7ffc871f9240 direct-stack-fallback -> 0x1411e42da (n=15872000)
[SKIP] Execute-fault RIP=0x7ffc871f9240 direct-stack-fallback -> 0x1411e42da (n=15876096)
[SKIP] Execute-fault RIP=0x7ffc871f9240 direct-stack-fallback -> 0x1411e42da (n=15880192)
[SKIP] Execute-fault RIP=0x7ffc871f9240 direct-stack-fallback -> 0x1411e42da (n=15884288)
[SKIP] Execute-fault RIP=0x7ffc871f9240 direct-stack-fallback -> 0x1411e42da (n=15888384)
[SKIP] Execute-fault RIP=0x7ffc871f9240 direct-stack-fallback -> 0x1411e42da (n=15892480)
[SKIP] Execute-fault RIP=0x7ffc871f9240 direct-stack-fallback -> 0x1411e42da (n=15896576)
[SKIP] Execute-fault RIP=0x7ffc871f9240 direct-stack-fallback -> 0x1411e42da (n=15900672)
[SKIP] Execute-fault RIP=0x7ffc871f9240 direct-stack-fallback -> 0x1411e42da (n=15904768)
[SKIP] Execute-fault RIP=0x7ffc871f9240 direct-stack-fallback -> 0x1411e42da (n=15908864)
[SKIP] Execute-fault RIP=0x7ffc871f9240 direct-stack-fallback -> 0x1411e42da (n=15912960)
[SKIP] Execute-fault RIP=0x7ffc871f9240 direct-stack-fallback -> 0x1411e42da (n=15917056)
[SKIP] Execute-fault RIP=0x7ffc871f9240 direct-stack-fallback -> 0x1411e42da (n=15921152)
[SKIP] Execute-fault RIP=0x7ffc871f9240 direct-stack-fallback -> 0x1411e42da (n=15925248)
[SKIP] Execute-fault RIP=0x7ffc871f9240 direct-stack-fallback -> 0x1411e42da (n=15929344)
[SKIP] Execute-fault RIP=0x7ffc871f9240 direct-stack-fallback -> 0x1411e42da (n=15933440)
[SKIP] Execute-fault RIP=0x7ffc871f9240 direct-stack-fallback -> 0x1411e42da (n=15937536)
[SKIP] Execute-fault RIP=0x7ffc871f9240 direct-stack-fallback -> 0x1411e42da (n=15941632)
[SKIP] Execute-fault RIP=0x7ffc871f9240 direct-stack-fallback -> 0x1411e42da (n=15945728)
[SKIP] Execute-fault RIP=0x7ffc871f9240 direct-stack-fallback -> 0x1411e42da (n=15949824)
[SKIP] Execute-fault RIP=0x7ffc871f9240 direct-stack-fallback -> 0x1411e42da (n=15953920)
[SKIP] Execute-fault RIP=0x7ffc871f9240 direct-stack-fallback -> 0x1411e42da (n=15958016)
[SKIP] Execute-fault RIP=0x7ffc871f9240 direct-stack-fallback -> 0x1411e42da (n=15962112)
[SKIP] Execute-fault RIP=0x7ffc871f9240 direct-stack-fallback -> 0x1411e42da (n=15966208)
[SKIP] Execute-fault RIP=0x7ffc871f9240 direct-stack-fallback -> 0x1411e42da (n=15970304)
[SKIP] Execute-fault RIP=0x7ffc871f9240 direct-stack-fallback -> 0x1411e42da (n=15974400)
[SKIP] Execute-fault RIP=0x7ffc871f9240 direct-stack-fallback -> 0x1411e42da (n=15978496)
[SKIP] Execute-fault RIP=0x7ffc871f9240 direct-stack-fallback -> 0x1411e42da (n=15982592)
[SKIP] Execute-fault RIP=0x7ffc871f9240 direct-stack-fallback -> 0x1411e42da (n=15986688)
[SKIP] Execute-fault RIP=0x7ffc871f9240 direct-stack-fallback -> 0x1411e42da (n=15990784)
[SKIP] Execute-fault RIP=0x7ffc871f9240 direct-stack-fallback -> 0x1411e42da (n=15994880)
[SKIP] Execute-fault RIP=0x7ffc871f9240 direct-stack-fallback -> 0x1411e42da (n=15998976)
[SKIP] Execute-fault RIP=0x7ffc871f9240 direct-stack-fallback -> 0x1411e42da (n=16003072)
[SKIP] Execute-fault RIP=0x7ffc871f9240 direct-stack-fallback -> 0x1411e42da (n=16007168)
[SKIP] Execute-fault RIP=0x7ffc871f9240 direct-stack-fallback -> 0x1411e42da (n=16011264)
[SKIP] Execute-fault RIP=0x7ffc871f9240 direct-stack-fallback -> 0x1411e42da (n=16015360)
[SKIP] Execute-fault RIP=0x7ffc871f9240 direct-stack-fallback -> 0x1411e42da (n=16019456)
[SKIP] Execute-fault RIP=0x7ffc871f9240 direct-stack-fallback -> 0x1411e42da (n=16023552)
[SKIP] Execute-fault RIP=0x7ffc871f9240 direct-stack-fallback -> 0x1411e42da (n=16027648)
[SKIP] Execute-fault RIP=0x7ffc871f9240 direct-stack-fallback -> 0x1411e42da (n=16031744)
[SKIP] Execute-fault RIP=0x7ffc871f9240 direct-stack-fallback -> 0x1411e42da (n=16035840)
[SKIP] Execute-fault RIP=0x7ffc871f9240 direct-stack-fallback -> 0x1411e42da (n=16039936)
[SKIP] Execute-fault RIP=0x7ffc871f9240 direct-stack-fallback -> 0x1411e42da (n=16044032)
[SKIP] Execute-fault RIP=0x7ffc871f9240 direct-stack-fallback -> 0x1411e42da (n=16048128)
[SKIP] Execute-fault RIP=0x7ffc871f9240 direct-stack-fallback -> 0x1411e42da (n=16052224)
[SKIP] Execute-fault RIP=0x7ffc871f9240 direct-stack-fallback -> 0x1411e42da (n=16056320)
[SKIP] Execute-fault RIP=0x7ffc871f9240 direct-stack-fallback -> 0x1411e42da (n=16060416)
[SKIP] Execute-fault RIP=0x7ffc871f9240 direct-stack-fallback -> 0x1411e42da (n=16064512)
[SKIP] Execute-fault RIP=0x7ffc871f9240 direct-stack-fallback -> 0x1411e42da (n=16068608)
[SKIP] Execute-fault RIP=0x7ffc871f9240 direct-stack-fallback -> 0x1411e42da (n=16072704)
[SKIP] Execute-fault RIP=0x7ffc871f9240 direct-stack-fallback -> 0x1411e42da (n=16076800)
[SKIP] Execute-fault RIP=0x7ffc871f9240 direct-stack-fallback -> 0x1411e42da (n=16080896)
[SKIP] Execute-fault RIP=0x7ffc871f9240 direct-stack-fallback -> 0x1411e42da (n=16084992)
[SKIP] Execute-fault RIP=0x7ffc871f9240 direct-stack-fallback -> 0x1411e42da (n=16089088)
[SKIP] Execute-fault RIP=0x7ffc871f9240 direct-stack-fallback -> 0x1411e42da (n=16093184)
[SKIP] Execute-fault RIP=0x7ffc871f9240 direct-stack-fallback -> 0x1411e42da (n=16097280)
[SKIP] Execute-fault RIP=0x7ffc871f9240 direct-stack-fallback -> 0x1411e42da (n=16101376)
[SKIP] Execute-fault RIP=0x7ffc871f9240 direct-stack-fallback -> 0x1411e42da (n=16105472)
[SKIP] Execute-fault RIP=0x7ffc871f9240 direct-stack-fallback -> 0x1411e42da (n=16109568)
[SKIP] Execute-fault RIP=0x7ffc871f9240 direct-stack-fallback -> 0x1411e42da (n=16113664)
[SKIP] Execute-fault RIP=0x7ffc871f9240 direct-stack-fallback -> 0x1411e42da (n=16117760)
[SKIP] Execute-fault RIP=0x7ffc871f9240 direct-stack-fallback -> 0x1411e42da (n=16121856)
[SKIP] Execute-fault RIP=0x7ffc871f9240 direct-stack-fallback -> 0x1411e42da (n=16125952)
[SKIP] Execute-fault RIP=0x7ffc871f9240 direct-stack-fallback -> 0x1411e42da (n=16130048)
[SKIP] Execute-fault RIP=0x7ffc871f9240 direct-stack-fallback -> 0x1411e42da (n=16134144)
[SKIP] Execute-fault RIP=0x7ffc871f9240 direct-stack-fallback -> 0x1411e42da (n=16138240)
[SKIP] Execute-fault RIP=0x7ffc871f9240 direct-stack-fallback -> 0x1411e42da (n=16142336)
[SKIP] Execute-fault RIP=0x7ffc871f9240 direct-stack-fallback -> 0x1411e42da (n=16146432)
[SKIP] Execute-fault RIP=0x7ffc871f9240 direct-stack-fallback -> 0x1411e42da (n=16150528)
[SKIP] Execute-fault RIP=0x7ffc871f9240 direct-stack-fallback -> 0x1411e42da (n=16154624)
[SKIP] Execute-fault RIP=0x7ffc871f9240 direct-stack-fallback -> 0x1411e42da (n=16158720)
[SKIP] Execute-fault RIP=0x7ffc871f9240 direct-stack-fallback -> 0x1411e42da (n=16162816)
[SKIP] Execute-fault RIP=0x7ffc871f9240 direct-stack-fallback -> 0x1411e42da (n=16166912)
[SKIP] Execute-fault RIP=0x7ffc871f9240 direct-stack-fallback -> 0x1411e42da (n=16171008)
[SKIP] Execute-fault RIP=0x7ffc871f9240 direct-stack-fallback -> 0x1411e42da (n=16175104)
[SKIP] Execute-fault RIP=0x7ffc871f9240 direct-stack-fallback -> 0x1411e42da (n=16179200)
[SKIP] Execute-fault RIP=0x7ffc871f9240 direct-stack-fallback -> 0x1411e42da (n=16183296)
[SKIP] Execute-fault RIP=0x7ffc871f9240 direct-stack-fallback -> 0x1411e42da (n=16187392)
[SKIP] Execute-fault RIP=0x7ffc871f9240 direct-stack-fallback -> 0x1411e42da (n=16191488)
[SKIP] Execute-fault RIP=0x7ffc871f9240 direct-stack-fallback -> 0x1411e42da (n=16195584)
[SKIP] Execute-fault RIP=0x7ffc871f9240 direct-stack-fallback -> 0x1411e42da (n=16199680)
[SKIP] Execute-fault RIP=0x7ffc871f9240 direct-stack-fallback -> 0x1411e42da (n=16203776)
[SKIP] Execute-fault RIP=0x7ffc871f9240 direct-stack-fallback -> 0x1411e42da (n=16207872)
[SKIP] Execute-fault RIP=0x7ffc871f9240 direct-stack-fallback -> 0x1411e42da (n=16211968)
[SKIP] Execute-fault RIP=0x7ffc871f9240 direct-stack-fallback -> 0x1411e42da (n=16216064)
[SKIP] Execute-fault RIP=0x7ffc871f9240 direct-stack-fallback -> 0x1411e42da (n=16220160)
[SKIP] Execute-fault RIP=0x7ffc871f9240 direct-stack-fallback -> 0x1411e42da (n=16224256)
[SKIP] Execute-fault RIP=0x7ffc871f9240 direct-stack-fallback -> 0x1411e42da (n=16228352)
[SKIP] Execute-fault RIP=0x7ffc871f9240 direct-stack-fallback -> 0x1411e42da (n=16232448)
[SKIP] Execute-fault RIP=0x7ffc871f9240 direct-stack-fallback -> 0x1411e42da (n=16236544)
[SKIP] Execute-fault RIP=0x7ffc871f9240 direct-stack-fallback -> 0x1411e42da (n=16240640)
[SKIP] Execute-fault RIP=0x7ffc871f9240 direct-stack-fallback -> 0x1411e42da (n=16244736)
[SKIP] Execute-fault RIP=0x7ffc871f9240 direct-stack-fallback -> 0x1411e42da (n=16248832)
[SKIP] Execute-fault RIP=0x7ffc871f9240 direct-stack-fallback -> 0x1411e42da (n=16252928)
[SKIP] Execute-fault RIP=0x7ffc871f9240 direct-stack-fallback -> 0x1411e42da (n=16257024)
[SKIP] Execute-fault RIP=0x7ffc871f9240 direct-stack-fallback -> 0x1411e42da (n=16261120)
[SKIP] Execute-fault RIP=0x7ffc871f9240 direct-stack-fallback -> 0x1411e42da (n=16265216)
[SKIP] Execute-fault RIP=0x7ffc871f9240 direct-stack-fallback -> 0x1411e42da (n=16269312)
[SKIP] Execute-fault RIP=0x7ffc871f9240 direct-stack-fallback -> 0x1411e42da (n=16273408)
[SKIP] Execute-fault RIP=0x7ffc871f9240 direct-stack-fallback -> 0x1411e42da (n=16277504)
[SKIP] Execute-fault RIP=0x7ffc871f9240 direct-stack-fallback -> 0x1411e42da (n=16281600)
[SKIP] Execute-fault RIP=0x7ffc871f9240 direct-stack-fallback -> 0x1411e42da (n=16285696)
[SKIP] Execute-fault RIP=0x7ffc871f9240 direct-stack-fallback -> 0x1411e42da (n=16289792)
[SKIP] Execute-fault RIP=0x7ffc871f9240 direct-stack-fallback -> 0x1411e42da (n=16293888)
[SKIP] Execute-fault RIP=0x7ffc871f9240 direct-stack-fallback -> 0x1411e42da (n=16297984)
[SKIP] Execute-fault RIP=0x7ffc871f9240 direct-stack-fallback -> 0x1411e42da (n=16302080)
[SKIP] Execute-fault RIP=0x7ffc871f9240 direct-stack-fallback -> 0x1411e42da (n=16306176)
[SKIP] Execute-fault RIP=0x7ffc871f9240 direct-stack-fallback -> 0x1411e42da (n=16310272)
[SKIP] Execute-fault RIP=0x7ffc871f9240 direct-stack-fallback -> 0x1411e42da (n=16314368)
[SKIP] Execute-fault RIP=0x7ffc871f9240 direct-stack-fallback -> 0x1411e42da (n=16318464)
[SKIP] Execute-fault RIP=0x7ffc871f9240 direct-stack-fallback -> 0x1411e42da (n=16322560)
[SKIP] Execute-fault RIP=0x7ffc871f9240 direct-stack-fallback -> 0x1411e42da (n=16326656)
[SKIP] Execute-fault RIP=0x7ffc871f9240 direct-stack-fallback -> 0x1411e42da (n=16330752)
[SKIP] Execute-fault RIP=0x7ffc871f9240 direct-stack-fallback -> 0x1411e42da (n=16334848)
[SKIP] Execute-fault RIP=0x7ffc871f9240 direct-stack-fallback -> 0x1411e42da (n=16338944)
[SKIP] Execute-fault RIP=0x7ffc871f9240 direct-stack-fallback -> 0x1411e42da (n=16343040)
[SKIP] Execute-fault RIP=0x7ffc871f9240 direct-stack-fallback -> 0x1411e42da (n=16347136)
[SKIP] Execute-fault RIP=0x7ffc871f9240 direct-stack-fallback -> 0x1411e42da (n=16351232)
[SKIP] Execute-fault RIP=0x7ffc871f9240 direct-stack-fallback -> 0x1411e42da (n=16355328)
[SKIP] Execute-fault RIP=0x7ffc871f9240 direct-stack-fallback -> 0x1411e42da (n=16359424)
[SKIP] Execute-fault RIP=0x7ffc871f9240 direct-stack-fallback -> 0x1411e42da (n=16363520)
[SKIP] Execute-fault RIP=0x7ffc871f9240 direct-stack-fallback -> 0x1411e42da (n=16367616)
[SKIP] Execute-fault RIP=0x7ffc871f9240 direct-stack-fallback -> 0x1411e42da (n=16371712)
[SKIP] Execute-fault RIP=0x7ffc871f9240 direct-stack-fallback -> 0x1411e42da (n=16375808)
[SKIP] Execute-fault RIP=0x7ffc871f9240 direct-stack-fallback -> 0x1411e42da (n=16379904)
[SKIP] Execute-fault RIP=0x7ffc871f9240 direct-stack-fallback -> 0x1411e42da (n=16384000)
[SKIP] Execute-fault RIP=0x7ffc871f9240 direct-stack-fallback -> 0x1411e42da (n=16388096)
[SKIP] Execute-fault RIP=0x7ffc871f9240 direct-stack-fallback -> 0x1411e42da (n=16392192)
[SKIP] Execute-fault RIP=0x7ffc871f9240 direct-stack-fallback -> 0x1411e42da (n=16396288)
[SKIP] Execute-fault RIP=0x7ffc871f9240 direct-stack-fallback -> 0x1411e42da (n=16400384)
[SKIP] Execute-fault RIP=0x7ffc871f9240 direct-stack-fallback -> 0x1411e42da (n=16404480)
[SKIP] Execute-fault RIP=0x7ffc871f9240 direct-stack-fallback -> 0x1411e42da (n=16408576)
[SKIP] Execute-fault RIP=0x7ffc871f9240 direct-stack-fallback -> 0x1411e42da (n=16412672)
[SKIP] Execute-fault RIP=0x7ffc871f9240 direct-stack-fallback -> 0x1411e42da (n=16416768)
[SKIP] Execute-fault RIP=0x7ffc871f9240 direct-stack-fallback -> 0x1411e42da (n=16420864)
[SKIP] Execute-fault RIP=0x7ffc871f9240 direct-stack-fallback -> 0x1411e42da (n=16424960)
[SKIP] Execute-fault RIP=0x7ffc871f9240 direct-stack-fallback -> 0x1411e42da (n=16429056)
[SKIP] Execute-fault RIP=0x7ffc871f9240 direct-stack-fallback -> 0x1411e42da (n=16433152)
[SKIP] Execute-fault RIP=0x7ffc871f9240 direct-stack-fallback -> 0x1411e42da (n=16437248)
[SKIP] Execute-fault RIP=0x7ffc871f9240 direct-stack-fallback -> 0x1411e42da (n=16441344)
[SKIP] Execute-fault RIP=0x7ffc871f9240 direct-stack-fallback -> 0x1411e42da (n=16445440)
[SKIP] Execute-fault RIP=0x7ffc871f9240 direct-stack-fallback -> 0x1411e42da (n=16449536)
[SKIP] Execute-fault RIP=0x7ffc871f9240 direct-stack-fallback -> 0x1411e42da (n=16453632)
[SKIP] Execute-fault RIP=0x7ffc871f9240 direct-stack-fallback -> 0x1411e42da (n=16457728)
[SKIP] Execute-fault RIP=0x7ffc871f9240 direct-stack-fallback -> 0x1411e42da (n=16461824)
[SKIP] Execute-fault RIP=0x7ffc871f9240 direct-stack-fallback -> 0x1411e42da (n=16465920)
[SKIP] Execute-fault RIP=0x7ffc871f9240 direct-stack-fallback -> 0x1411e42da (n=16470016)
[SKIP] Execute-fault RIP=0x7ffc871f9240 direct-stack-fallback -> 0x1411e42da (n=16474112)
[SKIP] Execute-fault RIP=0x7ffc871f9240 direct-stack-fallback -> 0x1411e42da (n=16478208)
[SKIP] Execute-fault RIP=0x7ffc871f9240 direct-stack-fallback -> 0x1411e42da (n=16482304)
[SKIP] Execute-fault RIP=0x7ffc871f9240 direct-stack-fallback -> 0x1411e42da (n=16486400)
[SKIP] Execute-fault RIP=0x7ffc871f9240 direct-stack-fallback -> 0x1411e42da (n=16490496)
[SKIP] Execute-fault RIP=0x7ffc871f9240 direct-stack-fallback -> 0x1411e42da (n=16494592)
[SKIP] Execute-fault RIP=0x7ffc871f9240 direct-stack-fallback -> 0x1411e42da (n=16498688)
[SKIP] Execute-fault RIP=0x7ffc871f9240 direct-stack-fallback -> 0x1411e42da (n=16502784)
[SKIP] Execute-fault RIP=0x7ffc871f9240 direct-stack-fallback -> 0x1411e42da (n=16506880)
[SKIP] Execute-fault RIP=0x7ffc871f9240 direct-stack-fallback -> 0x1411e42da (n=16510976)
[SKIP] Execute-fault RIP=0x7ffc871f9240 direct-stack-fallback -> 0x1411e42da (n=16515072)
[SKIP] Execute-fault RIP=0x7ffc871f9240 direct-stack-fallback -> 0x1411e42da (n=16519168)
[SKIP] Execute-fault RIP=0x7ffc871f9240 direct-stack-fallback -> 0x1411e42da (n=16523264)
[SKIP] Execute-fault RIP=0x7ffc871f9240 direct-stack-fallback -> 0x1411e42da (n=16527360)
[SKIP] Execute-fault RIP=0x7ffc871f9240 direct-stack-fallback -> 0x1411e42da (n=16531456)
[SKIP] Execute-fault RIP=0x7ffc871f9240 direct-stack-fallback -> 0x1411e42da (n=16535552)
[SKIP] Execute-fault RIP=0x7ffc871f9240 direct-stack-fallback -> 0x1411e42da (n=16539648)
[SKIP] Execute-fault RIP=0x7ffc871f9240 direct-stack-fallback -> 0x1411e42da (n=16543744)
[SKIP] Execute-fault RIP=0x7ffc871f9240 direct-stack-fallback -> 0x1411e42da (n=16547840)
[SKIP] Execute-fault RIP=0x7ffc871f9240 direct-stack-fallback -> 0x1411e42da (n=16551936)
[SKIP] Execute-fault RIP=0x7ffc871f9240 direct-stack-fallback -> 0x1411e42da (n=16556032)
[SKIP] Execute-fault RIP=0x7ffc871f9240 direct-stack-fallback -> 0x1411e42da (n=16560128)
[SKIP] Execute-fault RIP=0x7ffc871f9240 direct-stack-fallback -> 0x1411e42da (n=16564224)
[SKIP] Execute-fault RIP=0x7ffc871f9240 direct-stack-fallback -> 0x1411e42da (n=16568320)
[SKIP] Execute-fault RIP=0x7ffc871f9240 direct-stack-fallback -> 0x1411e42da (n=16572416)
[SKIP] Execute-fault RIP=0x7ffc871f9240 direct-stack-fallback -> 0x1411e42da (n=16576512)
[SKIP] Execute-fault RIP=0x7ffc871f9240 direct-stack-fallback -> 0x1411e42da (n=16580608)
[SKIP] Execute-fault RIP=0x7ffc871f9240 direct-stack-fallback -> 0x1411e42da (n=16584704)
[SKIP] Execute-fault RIP=0x7ffc871f9240 direct-stack-fallback -> 0x1411e42da (n=16588800)
[SKIP] Execute-fault RIP=0x7ffc871f9240 direct-stack-fallback -> 0x1411e42da (n=16592896)
[SKIP] Execute-fault RIP=0x7ffc871f9240 direct-stack-fallback -> 0x1411e42da (n=16596992)
[SKIP] Execute-fault RIP=0x7ffc871f9240 direct-stack-fallback -> 0x1411e42da (n=16601088)
[SKIP] Execute-fault RIP=0x7ffc871f9240 direct-stack-fallback -> 0x1411e42da (n=16605184)
[SKIP] Execute-fault RIP=0x7ffc871f9240 direct-stack-fallback -> 0x1411e42da (n=16609280)
[SKIP] Execute-fault RIP=0x7ffc871f9240 direct-stack-fallback -> 0x1411e42da (n=16613376)
[SKIP] Execute-fault RIP=0x7ffc871f9240 direct-stack-fallback -> 0x1411e42da (n=16617472)
[SKIP] Execute-fault RIP=0x7ffc871f9240 direct-stack-fallback -> 0x1411e42da (n=16621568)
[SKIP] Execute-fault RIP=0x7ffc871f9240 direct-stack-fallback -> 0x1411e42da (n=16625664)
[SKIP] Execute-fault RIP=0x7ffc871f9240 direct-stack-fallback -> 0x1411e42da (n=16629760)
[SKIP] Execute-fault RIP=0x7ffc871f9240 direct-stack-fallback -> 0x1411e42da (n=16633856)
[SKIP] Execute-fault RIP=0x7ffc871f9240 direct-stack-fallback -> 0x1411e42da (n=16637952)
[SKIP] Execute-fault RIP=0x7ffc871f9240 direct-stack-fallback -> 0x1411e42da (n=16642048)
[SKIP] Execute-fault RIP=0x7ffc871f9240 direct-stack-fallback -> 0x1411e42da (n=16646144)
[SKIP] Execute-fault RIP=0x7ffc871f9240 direct-stack-fallback -> 0x1411e42da (n=16650240)
[SKIP] Execute-fault RIP=0x7ffc871f9240 direct-stack-fallback -> 0x1411e42da (n=16654336)
[SKIP] Execute-fault RIP=0x7ffc871f9240 direct-stack-fallback -> 0x1411e42da (n=16658432)
[SKIP] Execute-fault RIP=0x7ffc871f9240 direct-stack-fallback -> 0x1411e42da (n=16662528)
[SKIP] Execute-fault RIP=0x7ffc871f9240 direct-stack-fallback -> 0x1411e42da (n=16666624)
[SKIP] Execute-fault RIP=0x7ffc871f9240 direct-stack-fallback -> 0x1411e42da (n=16670720)
[SKIP] Execute-fault RIP=0x7ffc871f9240 direct-stack-fallback -> 0x1411e42da (n=16674816)
[SKIP] Execute-fault RIP=0x7ffc871f9240 direct-stack-fallback -> 0x1411e42da (n=16678912)
[SKIP] Execute-fault RIP=0x7ffc871f9240 direct-stack-fallback -> 0x1411e42da (n=16683008)
[SKIP] Execute-fault RIP=0x7ffc871f9240 direct-stack-fallback -> 0x1411e42da (n=16687104)
[SKIP] Execute-fault RIP=0x7ffc871f9240 direct-stack-fallback -> 0x1411e42da (n=16691200)
[SKIP] Execute-fault RIP=0x7ffc871f9240 direct-stack-fallback -> 0x1411e42da (n=16695296)
[SKIP] Execute-fault RIP=0x7ffc871f9240 direct-stack-fallback -> 0x1411e42da (n=16699392)
[SKIP] Execute-fault RIP=0x7ffc871f9240 direct-stack-fallback -> 0x1411e42da (n=16703488)
[SKIP] Execute-fault RIP=0x7ffc871f9240 direct-stack-fallback -> 0x1411e42da (n=16707584)
[SKIP] Execute-fault RIP=0x7ffc871f9240 direct-stack-fallback -> 0x1411e42da (n=16711680)
[SKIP] Execute-fault RIP=0x7ffc871f9240 direct-stack-fallback -> 0x1411e42da (n=16715776)
[SKIP] Execute-fault RIP=0x7ffc871f9240 direct-stack-fallback -> 0x1411e42da (n=16719872)
[SKIP] Execute-fault RIP=0x7ffc871f9240 direct-stack-fallback -> 0x1411e42da (n=16723968)
[SKIP] Execute-fault RIP=0x7ffc871f9240 direct-stack-fallback -> 0x1411e42da (n=16728064)
[SKIP] Execute-fault RIP=0x7ffc871f9240 direct-stack-fallback -> 0x1411e42da (n=16732160)
[SKIP] Execute-fault RIP=0x7ffc871f9240 direct-stack-fallback -> 0x1411e42da (n=16736256)
[SKIP] Execute-fault RIP=0x7ffc871f9240 direct-stack-fallback -> 0x1411e42da (n=16740352)
[SKIP] Execute-fault RIP=0x7ffc871f9240 direct-stack-fallback -> 0x1411e42da (n=16744448)
[SKIP] Execute-fault RIP=0x7ffc871f9240 direct-stack-fallback -> 0x1411e42da (n=16748544)
[SKIP] Execute-fault RIP=0x7ffc871f9240 direct-stack-fallback -> 0x1411e42da (n=16752640)
[SKIP] Execute-fault RIP=0x7ffc871f9240 direct-stack-fallback -> 0x1411e42da (n=16756736)
[SKIP] Execute-fault RIP=0x7ffc871f9240 direct-stack-fallback -> 0x1411e42da (n=16760832)
[SKIP] Execute-fault RIP=0x7ffc871f9240 direct-stack-fallback -> 0x1411e42da (n=16764928)
[SKIP] Execute-fault RIP=0x7ffc871f9240 direct-stack-fallback -> 0x1411e42da (n=16769024)
[SKIP] Execute-fault RIP=0x7ffc871f9240 direct-stack-fallback -> 0x1411e42da (n=16773120)
[SKIP] Execute-fault RIP=0x7ffc871f9240 direct-stack-fallback -> 0x1411e42da (n=16777216)
[SKIP] Execute-fault RIP=0x7ffc871f9240 direct-stack-fallback -> 0x1411e42da (n=16781312)
[SKIP] Execute-fault RIP=0x7ffc871f9240 direct-stack-fallback -> 0x1411e42da (n=16785408)
[SKIP] Execute-fault RIP=0x7ffc871f9240 direct-stack-fallback -> 0x1411e42da (n=16789504)
[SKIP] Execute-fault RIP=0x7ffc871f9240 direct-stack-fallback -> 0x1411e42da (n=16793600)
[SKIP] Execute-fault RIP=0x7ffc871f9240 direct-stack-fallback -> 0x1411e42da (n=16797696)
[SKIP] Execute-fault RIP=0x7ffc871f9240 direct-stack-fallback -> 0x1411e42da (n=16801792)
[SKIP] Execute-fault RIP=0x7ffc871f9240 direct-stack-fallback -> 0x1411e42da (n=16805888)
[SKIP] Execute-fault RIP=0x7ffc871f9240 direct-stack-fallback -> 0x1411e42da (n=16809984)
[SKIP] Execute-fault RIP=0x7ffc871f9240 direct-stack-fallback -> 0x1411e42da (n=16814080)
[SKIP] Execute-fault RIP=0x7ffc871f9240 direct-stack-fallback -> 0x1411e42da (n=16818176)
[SKIP] Execute-fault RIP=0x7ffc871f9240 direct-stack-fallback -> 0x1411e42da (n=16822272)
[SKIP] Execute-fault RIP=0x7ffc871f9240 direct-stack-fallback -> 0x1411e42da (n=16826368)
[SKIP] Execute-fault RIP=0x7ffc871f9240 direct-stack-fallback -> 0x1411e42da (n=16830464)
[SKIP] Execute-fault RIP=0x7ffc871f9240 direct-stack-fallback -> 0x1411e42da (n=16834560)
[SKIP] Execute-fault RIP=0x7ffc871f9240 direct-stack-fallback -> 0x1411e42da (n=16838656)
[SKIP] Execute-fault RIP=0x7ffc871f9240 direct-stack-fallback -> 0x1411e42da (n=16842752)
[SKIP] Execute-fault RIP=0x7ffc871f9240 direct-stack-fallback -> 0x1411e42da (n=16846848)
[SKIP] Execute-fault RIP=0x7ffc871f9240 direct-stack-fallback -> 0x1411e42da (n=16850944)
[SKIP] Execute-fault RIP=0x7ffc871f9240 direct-stack-fallback -> 0x1411e42da (n=16855040)
[SKIP] Execute-fault RIP=0x7ffc871f9240 direct-stack-fallback -> 0x1411e42da (n=16859136)
[SKIP] Execute-fault RIP=0x7ffc871f9240 direct-stack-fallback -> 0x1411e42da (n=16863232)
[SKIP] Execute-fault RIP=0x7ffc871f9240 direct-stack-fallback -> 0x1411e42da (n=16867328)
[SKIP] Execute-fault RIP=0x7ffc871f9240 direct-stack-fallback -> 0x1411e42da (n=16871424)
[SKIP] Execute-fault RIP=0x7ffc871f9240 direct-stack-fallback -> 0x1411e42da (n=16875520)
[SKIP] Execute-fault RIP=0x7ffc871f9240 direct-stack-fallback -> 0x1411e42da (n=16879616)
[SKIP] Execute-fault RIP=0x7ffc871f9240 direct-stack-fallback -> 0x1411e42da (n=16883712)
[SKIP] Execute-fault RIP=0x7ffc871f9240 direct-stack-fallback -> 0x1411e42da (n=16887808)
[SKIP] Execute-fault RIP=0x7ffc871f9240 direct-stack-fallback -> 0x1411e42da (n=16891904)
[SKIP] Execute-fault RIP=0x7ffc871f9240 direct-stack-fallback -> 0x1411e42da (n=16896000)
[SKIP] Execute-fault RIP=0x7ffc871f9240 direct-stack-fallback -> 0x1411e42da (n=16900096)
[SKIP] Execute-fault RIP=0x7ffc871f9240 direct-stack-fallback -> 0x1411e42da (n=16904192)
[SKIP] Execute-fault RIP=0x7ffc871f9240 direct-stack-fallback -> 0x1411e42da (n=16908288)
[SKIP] Execute-fault RIP=0x7ffc871f9240 direct-stack-fallback -> 0x1411e42da (n=16912384)
[SKIP] Execute-fault RIP=0x7ffc871f9240 direct-stack-fallback -> 0x1411e42da (n=16916480)
[SKIP] Execute-fault RIP=0x7ffc871f9240 direct-stack-fallback -> 0x1411e42da (n=16920576)
[SKIP] Execute-fault RIP=0x7ffc871f9240 direct-stack-fallback -> 0x1411e42da (n=16924672)
[SKIP] Execute-fault RIP=0x7ffc871f9240 direct-stack-fallback -> 0x1411e42da (n=16928768)
[SKIP] Execute-fault RIP=0x7ffc871f9240 direct-stack-fallback -> 0x1411e42da (n=16932864)
[SKIP] Execute-fault RIP=0x7ffc871f9240 direct-stack-fallback -> 0x1411e42da (n=16936960)
[SKIP] Execute-fault RIP=0x7ffc871f9240 direct-stack-fallback -> 0x1411e42da (n=16941056)
[SKIP] Execute-fault RIP=0x7ffc871f9240 direct-stack-fallback -> 0x1411e42da (n=16945152)
[SKIP] Execute-fault RIP=0x7ffc871f9240 direct-stack-fallback -> 0x1411e42da (n=16949248)
[SKIP] Execute-fault RIP=0x7ffc871f9240 direct-stack-fallback -> 0x1411e42da (n=16953344)
[SKIP] Execute-fault RIP=0x7ffc871f9240 direct-stack-fallback -> 0x1411e42da (n=16957440)
[SKIP] Execute-fault RIP=0x7ffc871f9240 direct-stack-fallback -> 0x1411e42da (n=16961536)
[SKIP] Execute-fault RIP=0x7ffc871f9240 direct-stack-fallback -> 0x1411e42da (n=16965632)
[SKIP] Execute-fault RIP=0x7ffc871f9240 direct-stack-fallback -> 0x1411e42da (n=16969728)
[SKIP] Execute-fault RIP=0x7ffc871f9240 direct-stack-fallback -> 0x1411e42da (n=16973824)
[SKIP] Execute-fault RIP=0x7ffc871f9240 direct-stack-fallback -> 0x1411e42da (n=16977920)
[SKIP] Execute-fault RIP=0x7ffc871f9240 direct-stack-fallback -> 0x1411e42da (n=16982016)
[SKIP] Execute-fault RIP=0x7ffc871f9240 direct-stack-fallback -> 0x1411e42da (n=16986112)
[SKIP] Execute-fault RIP=0x7ffc871f9240 direct-stack-fallback -> 0x1411e42da (n=16990208)
[SKIP] Execute-fault RIP=0x7ffc871f9240 direct-stack-fallback -> 0x1411e42da (n=16994304)
[SKIP] Execute-fault RIP=0x7ffc871f9240 direct-stack-fallback -> 0x1411e42da (n=16998400)
[SKIP] Execute-fault RIP=0x7ffc871f9240 direct-stack-fallback -> 0x1411e42da (n=17002496)
[SKIP] Execute-fault RIP=0x7ffc871f9240 direct-stack-fallback -> 0x1411e42da (n=17006592)
[SKIP] Execute-fault RIP=0x7ffc871f9240 direct-stack-fallback -> 0x1411e42da (n=17010688)
[SKIP] Execute-fault RIP=0x7ffc871f9240 direct-stack-fallback -> 0x1411e42da (n=17014784)
[SKIP] Execute-fault RIP=0x7ffc871f9240 direct-stack-fallback -> 0x1411e42da (n=17018880)
[SKIP] Execute-fault RIP=0x7ffc871f9240 direct-stack-fallback -> 0x1411e42da (n=17022976)
[SKIP] Execute-fault RIP=0x7ffc871f9240 direct-stack-fallback -> 0x1411e42da (n=17027072)
[SKIP] Execute-fault RIP=0x7ffc871f9240 direct-stack-fallback -> 0x1411e42da (n=17031168)
[SKIP] Execute-fault RIP=0x7ffc871f9240 direct-stack-fallback -> 0x1411e42da (n=17035264)
[SKIP] Execute-fault RIP=0x7ffc871f9240 direct-stack-fallback -> 0x1411e42da (n=17039360)
[SKIP] Execute-fault RIP=0x7ffc871f9240 direct-stack-fallback -> 0x1411e42da (n=17043456)
[SKIP] Execute-fault RIP=0x7ffc871f9240 direct-stack-fallback -> 0x1411e42da (n=17047552)
[SKIP] Execute-fault RIP=0x7ffc871f9240 direct-stack-fallback -> 0x1411e42da (n=17051648)
[SKIP] Execute-fault RIP=0x7ffc871f9240 direct-stack-fallback -> 0x1411e42da (n=17055744)
[SKIP] Execute-fault RIP=0x7ffc871f9240 direct-stack-fallback -> 0x1411e42da (n=17059840)
[SKIP] Execute-fault RIP=0x7ffc871f9240 direct-stack-fallback -> 0x1411e42da (n=17063936)
[SKIP] Execute-fault RIP=0x7ffc871f9240 direct-stack-fallback -> 0x1411e42da (n=17068032)
[SKIP] Execute-fault RIP=0x7ffc871f9240 direct-stack-fallback -> 0x1411e42da (n=17072128)
[SKIP] Execute-fault RIP=0x7ffc871f9240 direct-stack-fallback -> 0x1411e42da (n=17076224)
[SKIP] Execute-fault RIP=0x7ffc871f9240 direct-stack-fallback -> 0x1411e42da (n=17080320)
[SKIP] Execute-fault RIP=0x7ffc871f9240 direct-stack-fallback -> 0x1411e42da (n=17084416)
[SKIP] Execute-fault RIP=0x7ffc871f9240 direct-stack-fallback -> 0x1411e42da (n=17088512)
[SKIP] Execute-fault RIP=0x7ffc871f9240 direct-stack-fallback -> 0x1411e42da (n=17092608)
[SKIP] Execute-fault RIP=0x7ffc871f9240 direct-stack-fallback -> 0x1411e42da (n=17096704)
[SKIP] Execute-fault RIP=0x7ffc871f9240 direct-stack-fallback -> 0x1411e42da (n=17100800)
[SKIP] Execute-fault RIP=0x7ffc871f9240 direct-stack-fallback -> 0x1411e42da (n=17104896)
[SKIP] Execute-fault RIP=0x7ffc871f9240 direct-stack-fallback -> 0x1411e42da (n=17108992)
[SKIP] Execute-fault RIP=0x7ffc871f9240 direct-stack-fallback -> 0x1411e42da (n=17113088)
[SKIP] Execute-fault RIP=0x7ffc871f9240 direct-stack-fallback -> 0x1411e42da (n=17117184)
[SKIP] Execute-fault RIP=0x7ffc871f9240 direct-stack-fallback -> 0x1411e42da (n=17121280)
[SKIP] Execute-fault RIP=0x7ffc871f9240 direct-stack-fallback -> 0x1411e42da (n=17125376)
[SKIP] Execute-fault RIP=0x7ffc871f9240 direct-stack-fallback -> 0x1411e42da (n=17129472)
[SKIP] Execute-fault RIP=0x7ffc871f9240 direct-stack-fallback -> 0x1411e42da (n=17133568)
[SKIP] Execute-fault RIP=0x7ffc871f9240 direct-stack-fallback -> 0x1411e42da (n=17137664)
[SKIP] Execute-fault RIP=0x7ffc871f9240 direct-stack-fallback -> 0x1411e42da (n=17141760)
[SKIP] Execute-fault RIP=0x7ffc871f9240 direct-stack-fallback -> 0x1411e42da (n=17145856)
[SKIP] Execute-fault RIP=0x7ffc871f9240 direct-stack-fallback -> 0x1411e42da (n=17149952)
[SKIP] Execute-fault RIP=0x7ffc871f9240 direct-stack-fallback -> 0x1411e42da (n=17154048)
[SKIP] Execute-fault RIP=0x7ffc871f9240 direct-stack-fallback -> 0x1411e42da (n=17158144)
[SKIP] Execute-fault RIP=0x7ffc871f9240 direct-stack-fallback -> 0x1411e42da (n=17162240)
[SKIP] Execute-fault RIP=0x7ffc871f9240 direct-stack-fallback -> 0x1411e42da (n=17166336)
[SKIP] Execute-fault RIP=0x7ffc871f9240 direct-stack-fallback -> 0x1411e42da (n=17170432)
[SKIP] Execute-fault RIP=0x7ffc871f9240 direct-stack-fallback -> 0x1411e42da (n=17174528)
[SKIP] Execute-fault RIP=0x7ffc871f9240 direct-stack-fallback -> 0x1411e42da (n=17178624)
[SKIP] Execute-fault RIP=0x7ffc871f9240 direct-stack-fallback -> 0x1411e42da (n=17182720)
[SKIP] Execute-fault RIP=0x7ffc871f9240 direct-stack-fallback -> 0x1411e42da (n=17186816)
[SKIP] Execute-fault RIP=0x7ffc871f9240 direct-stack-fallback -> 0x1411e42da (n=17190912)
[SKIP] Execute-fault RIP=0x7ffc871f9240 direct-stack-fallback -> 0x1411e42da (n=17195008)
[SKIP] Execute-fault RIP=0x7ffc871f9240 direct-stack-fallback -> 0x1411e42da (n=17199104)
[SKIP] Execute-fault RIP=0x7ffc871f9240 direct-stack-fallback -> 0x1411e42da (n=17203200)
[SKIP] Execute-fault RIP=0x7ffc871f9240 direct-stack-fallback -> 0x1411e42da (n=17207296)
[SKIP] Execute-fault RIP=0x7ffc871f9240 direct-stack-fallback -> 0x1411e42da (n=17211392)
[SKIP] Execute-fault RIP=0x7ffc871f9240 direct-stack-fallback -> 0x1411e42da (n=17215488)
[SKIP] Execute-fault RIP=0x7ffc871f9240 direct-stack-fallback -> 0x1411e42da (n=17219584)
[SKIP] Execute-fault RIP=0x7ffc871f9240 direct-stack-fallback -> 0x1411e42da (n=17223680)
[SKIP] Execute-fault RIP=0x7ffc871f9240 direct-stack-fallback -> 0x1411e42da (n=17227776)
[SKIP] Execute-fault RIP=0x7ffc871f9240 direct-stack-fallback -> 0x1411e42da (n=17231872)
[SKIP] Execute-fault RIP=0x7ffc871f9240 direct-stack-fallback -> 0x1411e42da (n=17235968)
[SKIP] Execute-fault RIP=0x7ffc871f9240 direct-stack-fallback -> 0x1411e42da (n=17240064)
[SKIP] Execute-fault RIP=0x7ffc871f9240 direct-stack-fallback -> 0x1411e42da (n=17244160)
[SKIP] Execute-fault RIP=0x7ffc871f9240 direct-stack-fallback -> 0x1411e42da (n=17248256)
[SKIP] Execute-fault RIP=0x7ffc871f9240 direct-stack-fallback -> 0x1411e42da (n=17252352)
[SKIP] Execute-fault RIP=0x7ffc871f9240 direct-stack-fallback -> 0x1411e42da (n=17256448)
[SKIP] Execute-fault RIP=0x7ffc871f9240 direct-stack-fallback -> 0x1411e42da (n=17260544)
[SKIP] Execute-fault RIP=0x7ffc871f9240 direct-stack-fallback -> 0x1411e42da (n=17264640)
[SKIP] Execute-fault RIP=0x7ffc871f9240 direct-stack-fallback -> 0x1411e42da (n=17268736)
[SKIP] Execute-fault RIP=0x7ffc871f9240 direct-stack-fallback -> 0x1411e42da (n=17272832)
[SKIP] Execute-fault RIP=0x7ffc871f9240 direct-stack-fallback -> 0x1411e42da (n=17276928)
[SKIP] Execute-fault RIP=0x7ffc871f9240 direct-stack-fallback -> 0x1411e42da (n=17281024)
[SKIP] Execute-fault RIP=0x7ffc871f9240 direct-stack-fallback -> 0x1411e42da (n=17285120)
[SKIP] Execute-fault RIP=0x7ffc871f9240 direct-stack-fallback -> 0x1411e42da (n=17289216)
[SKIP] Execute-fault RIP=0x7ffc871f9240 direct-stack-fallback -> 0x1411e42da (n=17293312)
[SKIP] Execute-fault RIP=0x7ffc871f9240 direct-stack-fallback -> 0x1411e42da (n=17297408)
[SKIP] Execute-fault RIP=0x7ffc871f9240 direct-stack-fallback -> 0x1411e42da (n=17301504)
[SKIP] Execute-fault RIP=0x7ffc871f9240 direct-stack-fallback -> 0x1411e42da (n=17305600)
[SKIP] Execute-fault RIP=0x7ffc871f9240 direct-stack-fallback -> 0x1411e42da (n=17309696)
[SKIP] Execute-fault RIP=0x7ffc871f9240 direct-stack-fallback -> 0x1411e42da (n=17313792)
[SKIP] Execute-fault RIP=0x7ffc871f9240 direct-stack-fallback -> 0x1411e42da (n=17317888)
[SKIP] Execute-fault RIP=0x7ffc871f9240 direct-stack-fallback -> 0x1411e42da (n=17321984)
[SKIP] Execute-fault RIP=0x7ffc871f9240 direct-stack-fallback -> 0x1411e42da (n=17326080)
[SKIP] Execute-fault RIP=0x7ffc871f9240 direct-stack-fallback -> 0x1411e42da (n=17330176)
[SKIP] Execute-fault RIP=0x7ffc871f9240 direct-stack-fallback -> 0x1411e42da (n=17334272)
[SKIP] Execute-fault RIP=0x7ffc871f9240 direct-stack-fallback -> 0x1411e42da (n=17338368)
[SKIP] Execute-fault RIP=0x7ffc871f9240 direct-stack-fallback -> 0x1411e42da (n=17342464)
[SKIP] Execute-fault RIP=0x7ffc871f9240 direct-stack-fallback -> 0x1411e42da (n=17346560)
[SKIP] Execute-fault RIP=0x7ffc871f9240 direct-stack-fallback -> 0x1411e42da (n=17350656)
[SKIP] Execute-fault RIP=0x7ffc871f9240 direct-stack-fallback -> 0x1411e42da (n=17354752)
[SKIP] Execute-fault RIP=0x7ffc871f9240 direct-stack-fallback -> 0x1411e42da (n=17358848)
[SKIP] Execute-fault RIP=0x7ffc871f9240 direct-stack-fallback -> 0x1411e42da (n=17362944)
[SKIP] Execute-fault RIP=0x7ffc871f9240 direct-stack-fallback -> 0x1411e42da (n=17367040)
[SKIP] Execute-fault RIP=0x7ffc871f9240 direct-stack-fallback -> 0x1411e42da (n=17371136)
[SKIP] Execute-fault RIP=0x7ffc871f9240 direct-stack-fallback -> 0x1411e42da (n=17375232)
[SKIP] Execute-fault RIP=0x7ffc871f9240 direct-stack-fallback -> 0x1411e42da (n=17379328)
[SKIP] Execute-fault RIP=0x7ffc871f9240 direct-stack-fallback -> 0x1411e42da (n=17383424)
[SKIP] Execute-fault RIP=0x7ffc871f9240 direct-stack-fallback -> 0x1411e42da (n=17387520)
[SKIP] Execute-fault RIP=0x7ffc871f9240 direct-stack-fallback -> 0x1411e42da (n=17391616)
[SKIP] Execute-fault RIP=0x7ffc871f9240 direct-stack-fallback -> 0x1411e42da (n=17395712)
[SKIP] Execute-fault RIP=0x7ffc871f9240 direct-stack-fallback -> 0x1411e42da (n=17399808)
[SKIP] Execute-fault RIP=0x7ffc871f9240 direct-stack-fallback -> 0x1411e42da (n=17403904)
[SKIP] Execute-fault RIP=0x7ffc871f9240 direct-stack-fallback -> 0x1411e42da (n=17408000)
[SKIP] Execute-fault RIP=0x7ffc871f9240 direct-stack-fallback -> 0x1411e42da (n=17412096)
[SKIP] Execute-fault RIP=0x7ffc871f9240 direct-stack-fallback -> 0x1411e42da (n=17416192)
[SKIP] Execute-fault RIP=0x7ffc871f9240 direct-stack-fallback -> 0x1411e42da (n=17420288)
[SKIP] Execute-fault RIP=0x7ffc871f9240 direct-stack-fallback -> 0x1411e42da (n=17424384)
[SKIP] Execute-fault RIP=0x7ffc871f9240 direct-stack-fallback -> 0x1411e42da (n=17428480)
[SKIP] Execute-fault RIP=0x7ffc871f9240 direct-stack-fallback -> 0x1411e42da (n=17432576)
[SKIP] Execute-fault RIP=0x7ffc871f9240 direct-stack-fallback -> 0x1411e42da (n=17436672)
[SKIP] Execute-fault RIP=0x7ffc871f9240 direct-stack-fallback -> 0x1411e42da (n=17440768)
[SKIP] Execute-fault RIP=0x7ffc871f9240 direct-stack-fallback -> 0x1411e42da (n=17444864)
[SKIP] Execute-fault RIP=0x7ffc871f9240 direct-stack-fallback -> 0x1411e42da (n=17448960)
[SKIP] Execute-fault RIP=0x7ffc871f9240 direct-stack-fallback -> 0x1411e42da (n=17453056)
[SKIP] Execute-fault RIP=0x7ffc871f9240 direct-stack-fallback -> 0x1411e42da (n=17457152)
[SKIP] Execute-fault RIP=0x7ffc871f9240 direct-stack-fallback -> 0x1411e42da (n=17461248)
[SKIP] Execute-fault RIP=0x7ffc871f9240 direct-stack-fallback -> 0x1411e42da (n=17465344)
[SKIP] Execute-fault RIP=0x7ffc871f9240 direct-stack-fallback -> 0x1411e42da (n=17469440)
[SKIP] Execute-fault RIP=0x7ffc871f9240 direct-stack-fallback -> 0x1411e42da (n=17473536)
[SKIP] Execute-fault RIP=0x7ffc871f9240 direct-stack-fallback -> 0x1411e42da (n=17477632)
[SKIP] Execute-fault RIP=0x7ffc871f9240 direct-stack-fallback -> 0x1411e42da (n=17481728)
[SKIP] Execute-fault RIP=0x7ffc871f9240 direct-stack-fallback -> 0x1411e42da (n=17485824)
[SKIP] Execute-fault RIP=0x7ffc871f9240 direct-stack-fallback -> 0x1411e42da (n=17489920)
[SKIP] Execute-fault RIP=0x7ffc871f9240 direct-stack-fallback -> 0x1411e42da (n=17494016)
[SKIP] Execute-fault RIP=0x7ffc871f9240 direct-stack-fallback -> 0x1411e42da (n=17498112)
[SKIP] Execute-fault RIP=0x7ffc871f9240 direct-stack-fallback -> 0x1411e42da (n=17502208)
[SKIP] Execute-fault RIP=0x7ffc871f9240 direct-stack-fallback -> 0x1411e42da (n=17506304)
[SKIP] Execute-fault RIP=0x7ffc871f9240 direct-stack-fallback -> 0x1411e42da (n=17510400)
[SKIP] Execute-fault RIP=0x7ffc871f9240 direct-stack-fallback -> 0x1411e42da (n=17514496)
[SKIP] Execute-fault RIP=0x7ffc871f9240 direct-stack-fallback -> 0x1411e42da (n=17518592)
[SKIP] Execute-fault RIP=0x7ffc871f9240 direct-stack-fallback -> 0x1411e42da (n=17522688)
[SKIP] Execute-fault RIP=0x7ffc871f9240 direct-stack-fallback -> 0x1411e42da (n=17526784)
[SKIP] Execute-fault RIP=0x7ffc871f9240 direct-stack-fallback -> 0x1411e42da (n=17530880)
[SKIP] Execute-fault RIP=0x7ffc871f9240 direct-stack-fallback -> 0x1411e42da (n=17534976)
[SKIP] Execute-fault RIP=0x7ffc871f9240 direct-stack-fallback -> 0x1411e42da (n=17539072)
[SKIP] Execute-fault RIP=0x7ffc871f9240 direct-stack-fallback -> 0x1411e42da (n=17543168)
[SKIP] Execute-fault RIP=0x7ffc871f9240 direct-stack-fallback -> 0x1411e42da (n=17547264)
[SKIP] Execute-fault RIP=0x7ffc871f9240 direct-stack-fallback -> 0x1411e42da (n=17551360)
[SKIP] Execute-fault RIP=0x7ffc871f9240 direct-stack-fallback -> 0x1411e42da (n=17555456)
[SKIP] Execute-fault RIP=0x7ffc871f9240 direct-stack-fallback -> 0x1411e42da (n=17559552)
[SKIP] Execute-fault RIP=0x7ffc871f9240 direct-stack-fallback -> 0x1411e42da (n=17563648)
[SKIP] Execute-fault RIP=0x7ffc871f9240 direct-stack-fallback -> 0x1411e42da (n=17567744)
[SKIP] Execute-fault RIP=0x7ffc871f9240 direct-stack-fallback -> 0x1411e42da (n=17571840)
[SKIP] Execute-fault RIP=0x7ffc871f9240 direct-stack-fallback -> 0x1411e42da (n=17575936)
[SKIP] Execute-fault RIP=0x7ffc871f9240 direct-stack-fallback -> 0x1411e42da (n=17580032)
[SKIP] Execute-fault RIP=0x7ffc871f9240 direct-stack-fallback -> 0x1411e42da (n=17584128)
[SKIP] Execute-fault RIP=0x7ffc871f9240 direct-stack-fallback -> 0x1411e42da (n=17588224)
[SKIP] Execute-fault RIP=0x7ffc871f9240 direct-stack-fallback -> 0x1411e42da (n=17592320)
[SKIP] Execute-fault RIP=0x7ffc871f9240 direct-stack-fallback -> 0x1411e42da (n=17596416)
[SKIP] Execute-fault RIP=0x7ffc871f9240 direct-stack-fallback -> 0x1411e42da (n=17600512)
[SKIP] Execute-fault RIP=0x7ffc871f9240 direct-stack-fallback -> 0x1411e42da (n=17604608)
[SKIP] Execute-fault RIP=0x7ffc871f9240 direct-stack-fallback -> 0x1411e42da (n=17608704)
[SKIP] Execute-fault RIP=0x7ffc871f9240 direct-stack-fallback -> 0x1411e42da (n=17612800)
[SKIP] Execute-fault RIP=0x7ffc871f9240 direct-stack-fallback -> 0x1411e42da (n=17616896)
[SKIP] Execute-fault RIP=0x7ffc871f9240 direct-stack-fallback -> 0x1411e42da (n=17620992)
[SKIP] Execute-fault RIP=0x7ffc871f9240 direct-stack-fallback -> 0x1411e42da (n=17625088)
[SKIP] Execute-fault RIP=0x7ffc871f9240 direct-stack-fallback -> 0x1411e42da (n=17629184)
[SKIP] Execute-fault RIP=0x7ffc871f9240 direct-stack-fallback -> 0x1411e42da (n=17633280)
[SKIP] Execute-fault RIP=0x7ffc871f9240 direct-stack-fallback -> 0x1411e42da (n=17637376)
[SKIP] Execute-fault RIP=0x7ffc871f9240 direct-stack-fallback -> 0x1411e42da (n=17641472)
[SKIP] Execute-fault RIP=0x7ffc871f9240 direct-stack-fallback -> 0x1411e42da (n=17645568)
[SKIP] Execute-fault RIP=0x7ffc871f9240 direct-stack-fallback -> 0x1411e42da (n=17649664)
[SKIP] Execute-fault RIP=0x7ffc871f9240 direct-stack-fallback -> 0x1411e42da (n=17653760)
[SKIP] Execute-fault RIP=0x7ffc871f9240 direct-stack-fallback -> 0x1411e42da (n=17657856)
[SKIP] Execute-fault RIP=0x7ffc871f9240 direct-stack-fallback -> 0x1411e42da (n=17661952)
[SKIP] Execute-fault RIP=0x7ffc871f9240 direct-stack-fallback -> 0x1411e42da (n=17666048)
[SKIP] Execute-fault RIP=0x7ffc871f9240 direct-stack-fallback -> 0x1411e42da (n=17670144)
[SKIP] Execute-fault RIP=0x7ffc871f9240 direct-stack-fallback -> 0x1411e42da (n=17674240)
[SKIP] Execute-fault RIP=0x7ffc871f9240 direct-stack-fallback -> 0x1411e42da (n=17678336)
[SKIP] Execute-fault RIP=0x7ffc871f9240 direct-stack-fallback -> 0x1411e42da (n=17682432)
[SKIP] Execute-fault RIP=0x7ffc871f9240 direct-stack-fallback -> 0x1411e42da (n=17686528)
[SKIP] Execute-fault RIP=0x7ffc871f9240 direct-stack-fallback -> 0x1411e42da (n=17690624)
[SKIP] Execute-fault RIP=0x7ffc871f9240 direct-stack-fallback -> 0x1411e42da (n=17694720)
[SKIP] Execute-fault RIP=0x7ffc871f9240 direct-stack-fallback -> 0x1411e42da (n=17698816)
[SKIP] Execute-fault RIP=0x7ffc871f9240 direct-stack-fallback -> 0x1411e42da (n=17702912)
[SKIP] Execute-fault RIP=0x7ffc871f9240 direct-stack-fallback -> 0x1411e42da (n=17707008)
[SKIP] Execute-fault RIP=0x7ffc871f9240 direct-stack-fallback -> 0x1411e42da (n=17711104)
[SKIP] Execute-fault RIP=0x7ffc871f9240 direct-stack-fallback -> 0x1411e42da (n=17715200)
[SKIP] Execute-fault RIP=0x7ffc871f9240 direct-stack-fallback -> 0x1411e42da (n=17719296)
[SKIP] Execute-fault RIP=0x7ffc871f9240 direct-stack-fallback -> 0x1411e42da (n=17723392)
[SKIP] Execute-fault RIP=0x7ffc871f9240 direct-stack-fallback -> 0x1411e42da (n=17727488)
[SKIP] Execute-fault RIP=0x7ffc871f9240 direct-stack-fallback -> 0x1411e42da (n=17731584)
[SKIP] Execute-fault RIP=0x7ffc871f9240 direct-stack-fallback -> 0x1411e42da (n=17735680)
[SKIP] Execute-fault RIP=0x7ffc871f9240 direct-stack-fallback -> 0x1411e42da (n=17739776)
[SKIP] Execute-fault RIP=0x7ffc871f9240 direct-stack-fallback -> 0x1411e42da (n=17743872)
[SKIP] Execute-fault RIP=0x7ffc871f9240 direct-stack-fallback -> 0x1411e42da (n=17747968)
[SKIP] Execute-fault RIP=0x7ffc871f9240 direct-stack-fallback -> 0x1411e42da (n=17752064)
[SKIP] Execute-fault RIP=0x7ffc871f9240 direct-stack-fallback -> 0x1411e42da (n=17756160)
[SKIP] Execute-fault RIP=0x7ffc871f9240 direct-stack-fallback -> 0x1411e42da (n=17760256)
[SKIP] Execute-fault RIP=0x7ffc871f9240 direct-stack-fallback -> 0x1411e42da (n=17764352)
[SKIP] Execute-fault RIP=0x7ffc871f9240 direct-stack-fallback -> 0x1411e42da (n=17768448)
[SKIP] Execute-fault RIP=0x7ffc871f9240 direct-stack-fallback -> 0x1411e42da (n=17772544)
[SKIP] Execute-fault RIP=0x7ffc871f9240 direct-stack-fallback -> 0x1411e42da (n=17776640)
[SKIP] Execute-fault RIP=0x7ffc871f9240 direct-stack-fallback -> 0x1411e42da (n=17780736)
[SKIP] Execute-fault RIP=0x7ffc871f9240 direct-stack-fallback -> 0x1411e42da (n=17784832)
[SKIP] Execute-fault RIP=0x7ffc871f9240 direct-stack-fallback -> 0x1411e42da (n=17788928)
[SKIP] Execute-fault RIP=0x7ffc871f9240 direct-stack-fallback -> 0x1411e42da (n=17793024)
[SKIP] Execute-fault RIP=0x7ffc871f9240 direct-stack-fallback -> 0x1411e42da (n=17797120)
[SKIP] Execute-fault RIP=0x7ffc871f9240 direct-stack-fallback -> 0x1411e42da (n=17801216)
[SKIP] Execute-fault RIP=0x7ffc871f9240 direct-stack-fallback -> 0x1411e42da (n=17805312)
[SKIP] Execute-fault RIP=0x7ffc871f9240 direct-stack-fallback -> 0x1411e42da (n=17809408)
[SKIP] Execute-fault RIP=0x7ffc871f9240 direct-stack-fallback -> 0x1411e42da (n=17813504)
[SKIP] Execute-fault RIP=0x7ffc871f9240 direct-stack-fallback -> 0x1411e42da (n=17817600)
[SKIP] Execute-fault RIP=0x7ffc871f9240 direct-stack-fallback -> 0x1411e42da (n=17821696)
[SKIP] Execute-fault RIP=0x7ffc871f9240 direct-stack-fallback -> 0x1411e42da (n=17825792)
[SKIP] Execute-fault RIP=0x7ffc871f9240 direct-stack-fallback -> 0x1411e42da (n=17829888)
[SKIP] Execute-fault RIP=0x7ffc871f9240 direct-stack-fallback -> 0x1411e42da (n=17833984)
[SKIP] Execute-fault RIP=0x7ffc871f9240 direct-stack-fallback -> 0x1411e42da (n=17838080)
[SKIP] Execute-fault RIP=0x7ffc871f9240 direct-stack-fallback -> 0x1411e42da (n=17842176)
[SKIP] Execute-fault RIP=0x7ffc871f9240 direct-stack-fallback -> 0x1411e42da (n=17846272)
[SKIP] Execute-fault RIP=0x7ffc871f9240 direct-stack-fallback -> 0x1411e42da (n=17850368)
[SKIP] Execute-fault RIP=0x7ffc871f9240 direct-stack-fallback -> 0x1411e42da (n=17854464)
[SKIP] Execute-fault RIP=0x7ffc871f9240 direct-stack-fallback -> 0x1411e42da (n=17858560)
[SKIP] Execute-fault RIP=0x7ffc871f9240 direct-stack-fallback -> 0x1411e42da (n=17862656)
[SKIP] Execute-fault RIP=0x7ffc871f9240 direct-stack-fallback -> 0x1411e42da (n=17866752)
[SKIP] Execute-fault RIP=0x7ffc871f9240 direct-stack-fallback -> 0x1411e42da (n=17870848)
[SKIP] Execute-fault RIP=0x7ffc871f9240 direct-stack-fallback -> 0x1411e42da (n=17874944)
[SKIP] Execute-fault RIP=0x7ffc871f9240 direct-stack-fallback -> 0x1411e42da (n=17879040)
[SKIP] Execute-fault RIP=0x7ffc871f9240 direct-stack-fallback -> 0x1411e42da (n=17883136)
[SKIP] Execute-fault RIP=0x7ffc871f9240 direct-stack-fallback -> 0x1411e42da (n=17887232)
[SKIP] Execute-fault RIP=0x7ffc871f9240 direct-stack-fallback -> 0x1411e42da (n=17891328)
[SKIP] Execute-fault RIP=0x7ffc871f9240 direct-stack-fallback -> 0x1411e42da (n=17895424)
[SKIP] Execute-fault RIP=0x7ffc871f9240 direct-stack-fallback -> 0x1411e42da (n=17899520)
[SKIP] Execute-fault RIP=0x7ffc871f9240 direct-stack-fallback -> 0x1411e42da (n=17903616)
[SKIP] Execute-fault RIP=0x7ffc871f9240 direct-stack-fallback -> 0x1411e42da (n=17907712)
[SKIP] Execute-fault RIP=0x7ffc871f9240 direct-stack-fallback -> 0x1411e42da (n=17911808)
[SKIP] Execute-fault RIP=0x7ffc871f9240 direct-stack-fallback -> 0x1411e42da (n=17915904)
[SKIP] Execute-fault RIP=0x7ffc871f9240 direct-stack-fallback -> 0x1411e42da (n=17920000)
[SKIP] Execute-fault RIP=0x7ffc871f9240 direct-stack-fallback -> 0x1411e42da (n=17924096)
[SKIP] Execute-fault RIP=0x7ffc871f9240 direct-stack-fallback -> 0x1411e42da (n=17928192)
[SKIP] Execute-fault RIP=0x7ffc871f9240 direct-stack-fallback -> 0x1411e42da (n=17932288)
[SKIP] Execute-fault RIP=0x7ffc871f9240 direct-stack-fallback -> 0x1411e42da (n=17936384)
[SKIP] Execute-fault RIP=0x7ffc871f9240 direct-stack-fallback -> 0x1411e42da (n=17940480)
[SKIP] Execute-fault RIP=0x7ffc871f9240 direct-stack-fallback -> 0x1411e42da (n=17944576)
[SKIP] Execute-fault RIP=0x7ffc871f9240 direct-stack-fallback -> 0x1411e42da (n=17948672)
[SKIP] Execute-fault RIP=0x7ffc871f9240 direct-stack-fallback -> 0x1411e42da (n=17952768)
[SKIP] Execute-fault RIP=0x7ffc871f9240 direct-stack-fallback -> 0x1411e42da (n=17956864)
[SKIP] Execute-fault RIP=0x7ffc871f9240 direct-stack-fallback -> 0x1411e42da (n=17960960)
[SKIP] Execute-fault RIP=0x7ffc871f9240 direct-stack-fallback -> 0x1411e42da (n=17965056)
[SKIP] Execute-fault RIP=0x7ffc871f9240 direct-stack-fallback -> 0x1411e42da (n=17969152)
[SKIP] Execute-fault RIP=0x7ffc871f9240 direct-stack-fallback -> 0x1411e42da (n=17973248)
[SKIP] Execute-fault RIP=0x7ffc871f9240 direct-stack-fallback -> 0x1411e42da (n=17977344)
[SKIP] Execute-fault RIP=0x7ffc871f9240 direct-stack-fallback -> 0x1411e42da (n=17981440)
[SKIP] Execute-fault RIP=0x7ffc871f9240 direct-stack-fallback -> 0x1411e42da (n=17985536)
[SKIP] Execute-fault RIP=0x7ffc871f9240 direct-stack-fallback -> 0x1411e42da (n=17989632)
[SKIP] Execute-fault RIP=0x7ffc871f9240 direct-stack-fallback -> 0x1411e42da (n=17993728)
[SKIP] Execute-fault RIP=0x7ffc871f9240 direct-stack-fallback -> 0x1411e42da (n=17997824)
[SKIP] Execute-fault RIP=0x7ffc871f9240 direct-stack-fallback -> 0x1411e42da (n=18001920)
[SKIP] Execute-fault RIP=0x7ffc871f9240 direct-stack-fallback -> 0x1411e42da (n=18006016)
[SKIP] Execute-fault RIP=0x7ffc871f9240 direct-stack-fallback -> 0x1411e42da (n=18010112)
[SKIP] Execute-fault RIP=0x7ffc871f9240 direct-stack-fallback -> 0x1411e42da (n=18014208)
[SKIP] Execute-fault RIP=0x7ffc871f9240 direct-stack-fallback -> 0x1411e42da (n=18018304)
[SKIP] Execute-fault RIP=0x7ffc871f9240 direct-stack-fallback -> 0x1411e42da (n=18022400)
[SKIP] Execute-fault RIP=0x7ffc871f9240 direct-stack-fallback -> 0x1411e42da (n=18026496)
[SKIP] Execute-fault RIP=0x7ffc871f9240 direct-stack-fallback -> 0x1411e42da (n=18030592)
[SKIP] Execute-fault RIP=0x7ffc871f9240 direct-stack-fallback -> 0x1411e42da (n=18034688)
[SKIP] Execute-fault RIP=0x7ffc871f9240 direct-stack-fallback -> 0x1411e42da (n=18038784)
[SKIP] Execute-fault RIP=0x7ffc871f9240 direct-stack-fallback -> 0x1411e42da (n=18042880)
[SKIP] Execute-fault RIP=0x7ffc871f9240 direct-stack-fallback -> 0x1411e42da (n=18046976)
[SKIP] Execute-fault RIP=0x7ffc871f9240 direct-stack-fallback -> 0x1411e42da (n=18051072)
[SKIP] Execute-fault RIP=0x7ffc871f9240 direct-stack-fallback -> 0x1411e42da (n=18055168)
[SKIP] Execute-fault RIP=0x7ffc871f9240 direct-stack-fallback -> 0x1411e42da (n=18059264)
[SKIP] Execute-fault RIP=0x7ffc871f9240 direct-stack-fallback -> 0x1411e42da (n=18063360)
[SKIP] Execute-fault RIP=0x7ffc871f9240 direct-stack-fallback -> 0x1411e42da (n=18067456)
[SKIP] Execute-fault RIP=0x7ffc871f9240 direct-stack-fallback -> 0x1411e42da (n=18071552)
[SKIP] Execute-fault RIP=0x7ffc871f9240 direct-stack-fallback -> 0x1411e42da (n=18075648)
[SKIP] Execute-fault RIP=0x7ffc871f9240 direct-stack-fallback -> 0x1411e42da (n=18079744)
[SKIP] Execute-fault RIP=0x7ffc871f9240 direct-stack-fallback -> 0x1411e42da (n=18083840)
[SKIP] Execute-fault RIP=0x7ffc871f9240 direct-stack-fallback -> 0x1411e42da (n=18087936)
[SKIP] Execute-fault RIP=0x7ffc871f9240 direct-stack-fallback -> 0x1411e42da (n=18092032)
[SKIP] Execute-fault RIP=0x7ffc871f9240 direct-stack-fallback -> 0x1411e42da (n=18096128)
[SKIP] Execute-fault RIP=0x7ffc871f9240 direct-stack-fallback -> 0x1411e42da (n=18100224)
[SKIP] Execute-fault RIP=0x7ffc871f9240 direct-stack-fallback -> 0x1411e42da (n=18104320)
[SKIP] Execute-fault RIP=0x7ffc871f9240 direct-stack-fallback -> 0x1411e42da (n=18108416)
[SKIP] Execute-fault RIP=0x7ffc871f9240 direct-stack-fallback -> 0x1411e42da (n=18112512)
[SKIP] Execute-fault RIP=0x7ffc871f9240 direct-stack-fallback -> 0x1411e42da (n=18116608)
[SKIP] Execute-fault RIP=0x7ffc871f9240 direct-stack-fallback -> 0x1411e42da (n=18120704)
[SKIP] Execute-fault RIP=0x7ffc871f9240 direct-stack-fallback -> 0x1411e42da (n=18124800)
[SKIP] Execute-fault RIP=0x7ffc871f9240 direct-stack-fallback -> 0x1411e42da (n=18128896)
[SKIP] Execute-fault RIP=0x7ffc871f9240 direct-stack-fallback -> 0x1411e42da (n=18132992)
[SKIP] Execute-fault RIP=0x7ffc871f9240 direct-stack-fallback -> 0x1411e42da (n=18137088)
[SKIP] Execute-fault RIP=0x7ffc871f9240 direct-stack-fallback -> 0x1411e42da (n=18141184)
[SKIP] Execute-fault RIP=0x7ffc871f9240 direct-stack-fallback -> 0x1411e42da (n=18145280)
[SKIP] Execute-fault RIP=0x7ffc871f9240 direct-stack-fallback -> 0x1411e42da (n=18149376)
[SKIP] Execute-fault RIP=0x7ffc871f9240 direct-stack-fallback -> 0x1411e42da (n=18153472)
[SKIP] Execute-fault RIP=0x7ffc871f9240 direct-stack-fallback -> 0x1411e42da (n=18157568)
[SKIP] Execute-fault RIP=0x7ffc871f9240 direct-stack-fallback -> 0x1411e42da (n=18161664)
[SKIP] Execute-fault RIP=0x7ffc871f9240 direct-stack-fallback -> 0x1411e42da (n=18165760)
[SKIP] Execute-fault RIP=0x7ffc871f9240 direct-stack-fallback -> 0x1411e42da (n=18169856)
[SKIP] Execute-fault RIP=0x7ffc871f9240 direct-stack-fallback -> 0x1411e42da (n=18173952)
[SKIP] Execute-fault RIP=0x7ffc871f9240 direct-stack-fallback -> 0x1411e42da (n=18178048)
[SKIP] Execute-fault RIP=0x7ffc871f9240 direct-stack-fallback -> 0x1411e42da (n=18182144)
[SKIP] Execute-fault RIP=0x7ffc871f9240 direct-stack-fallback -> 0x1411e42da (n=18186240)
[SKIP] Execute-fault RIP=0x7ffc871f9240 direct-stack-fallback -> 0x1411e42da (n=18190336)
[SKIP] Execute-fault RIP=0x7ffc871f9240 direct-stack-fallback -> 0x1411e42da (n=18194432)
[SKIP] Execute-fault RIP=0x7ffc871f9240 direct-stack-fallback -> 0x1411e42da (n=18198528)
[SKIP] Execute-fault RIP=0x7ffc871f9240 direct-stack-fallback -> 0x1411e42da (n=18202624)
[SKIP] Execute-fault RIP=0x7ffc871f9240 direct-stack-fallback -> 0x1411e42da (n=18206720)
[SKIP] Execute-fault RIP=0x7ffc871f9240 direct-stack-fallback -> 0x1411e42da (n=18210816)
[SKIP] Execute-fault RIP=0x7ffc871f9240 direct-stack-fallback -> 0x1411e42da (n=18214912)
[SKIP] Execute-fault RIP=0x7ffc871f9240 direct-stack-fallback -> 0x1411e42da (n=18219008)
